seal,session_id,condition,L_0,L_1,L_2,L_3,L_4,L_5,L_6,L_7,L_8,L_9,L_10,L_11,L_12,L_13,L_14,L_15,L_16,L_17,L_18,L_19,L_20,L_21,L_22,L_23,L_24,L_25,L_26,L_27,L_28,L_29,L_30,L_31,L_32,L_33,L_34,L_35,L_36,L_37,L_38,L_39,L_40,L_41,L_42,L_43,L_44,L_45,L_46,L_47,L_48,L_49,L_50,L_51,L_52,L_53,L_54,L_55,L_56,L_57,L_58,L_59,L_60,L_61,L_62,R_0,R_1,R_2,R_3,R_4,R_5,R_6,R_7,R_8,R_9,R_10,R_11,R_12,R_13,R_14,R_15,R_16,R_17,R_18,R_19,R_20,R_21,R_22,R_23,R_24,R_25,R_26,R_27,R_28,R_29,R_30,R_31,R_32,R_33,R_34,R_35,R_36,R_37,R_38,R_39,R_40,R_41,R_42,R_43,R_44,R_45,R_46,R_47,R_48,R_49,R_50,R_51,R_52,R_53,R_54,R_55,R_56,R_57,R_58,R_59,R_60,R_61,R_62
Normal/Neutral,Normal/Neutral_0_1790510996,"Straight-on, medium distance, centered",0.0,0.0,0.0,0.24653585629450617,-0.15486714417990782,-0.10391822162996957,0.4462735783175743,-0.420247938243097,-0.14706619623034115,0.5682339734310602,-0.6899179963041574,-0.18533492699793994,0.6656836961823873,-0.9088665953339325,-0.22249498108965815,0.3009220983123716,-0.9166506308876874,-0.0684748942426391,0.38191616588934424,-1.2671065961886234,-0.14526946567129473,0.4244445252781372,-1.4926356742414282,-0.2114314224461253,0.46102144793747857,-1.6918525807597278,-0.2594596127433933,0.1465454993093278,-0.9860123919777803,-0.07939760385827876,0.20980778932665514,-1.3949394349155908,-0.14508352862715845,0.2536947888439308,-1.6679935497715688,-0.20767797953509176,0.2929315610696242,-1.903483639015099,-0.25417974708157054,-0.010871816331031315,-0.9643832060349184,-0.10711822031805661,0.007572765251462112,-1.3708983672979786,-0.18206574454243749,0.026902235597630837,-1.6371536835741907,-0.24594474065806662,0.0569324741890689,-1.859219919047121,-0.28963049951080566,-0.17347987121398062,-0.8654502372162687,-0.1450884786550949,-0.25225487495833454,-1.1634974837017609,-0.22778523921850982,-0.2985503351886454,-1.3765752977661587,-0.27485160798807456,-0.3291541550276719,-1.5771981158839152,-0.3032038907745643,0.0,0.0,0.0,-0.2429535915440746,-0.17347290609009047,-0.08917197840632285,-0.44306115117001804,-0.48109090554472334,-0.12532497906693627,-0.5753260609812221,-0.7423244412079998,-0.15779662525279586,-0.701517060259442,-0.9276258080099116,-0.19009234531951583,-0.2771421280895343,-0.9311573675717185,-0.04590460052727946,-0.3604620317256268,-1.2885327208364734,-0.11301467331445547,-0.40046616074546315,-1.5107373893209002,-0.17252167679697447,-0.42259904604868315,-1.7060432245334802,-0.21979511954882608,-0.10740452538212425,-0.9920003660800606,-0.06632904058153014,-0.12840267079409057,-1.4002900469948976,-0.1231467469046031,-0.14526408898582216,-1.6554252147816129,-0.18246059295773498,-0.1623599742730034,-1.875602551397626,-0.22902872685150208,0.05432602601568073,-0.96051790321898,-0.10371570957221544,0.07884198636661727,-1.350163205382636,-0.1817527954133464,0.08865928535453867,-1.598321764318886,-0.24126631748537253,0.09079536144480743,-1.8223815526326548,-0.2846518258498442,0.20569555731628883,-0.8518921276724534,-0.14927031017749243,0.3076745949604311,-1.1204365899240172,-0.2273231303272108,0.38181026076631613,-1.3042133142250871,-0.26498797001877183,0.4433505967568145,-1.4760730462731229,-0.29087753361445134
Normal/Neutral,Normal/Neutral_0_1790510996,"Straight-on, medium distance, centered",0.0,0.0,0.0,0.24456288145398145,-0.15734457988898584,-0.09977790249978287,0.4391545996084429,-0.43029697162569064,-0.13947051418462758,0.5535215216478397,-0.7017286589942004,-0.1746722957821465,0.6510603341049159,-0.9152178754427808,-0.20879455848656892,0.2951547994154778,-0.9203404436879526,-0.06304646582386272,0.3718157286122495,-1.2702800428536056,-0.13761910462881158,0.4168557539964886,-1.4936228619139178,-0.20300797273787582,0.4567426483644407,-1.6922422576888674,-0.250767155477928,0.1410170389362828,-0.9871824631483126,-0.07473271828371784,0.19953421385630543,-1.394347960154368,-0.13872046144789074,0.24339736604739634,-1.6655111907495679,-0.20032385673492506,0.28292266979222114,-1.8994351302772814,-0.24627716431801877,-0.015539310565223372,-0.9651489767315146,-0.10308145669399477,0.002752094936846096,-1.3716765791431438,-0.17773498746176666,0.023398898866893846,-1.6384507479999384,-0.24181014686274854,0.053829713152822985,-1.8606635705498265,-0.2851962978313402,-0.1774918477154671,-0.8683891019274573,-0.1412494791313769,-0.2550748226759529,-1.1746867159821848,-0.22410392550019193,-0.30174148960123925,-1.3890298314751006,-0.2713437992627973,-0.33467081042584185,-1.5899133503751033,-0.2997427055325865,0.0,0.0,0.0,-0.24239122741430436,-0.1752200845753799,-0.08496035806639926,-0.43988845545277494,-0.48886060287125993,-0.11691234973302361,-0.5690443311786948,-0.7509355689418377,-0.14618457219616351,-0.6955796251018251,-0.9315790628604924,-0.1752099411090321,-0.27827964958070467,-0.9293117820053415,-0.035485948288988815,-0.36431242694774363,-1.2793109244641112,-0.09904486745256022,-0.40416389458561874,-1.498561938962355,-0.15677581971149127,-0.4246313698463256,-1.6902904499440217,-0.202556218792352,-0.11150721447391729,-0.9921629814698033,-0.056380487060850644,-0.13472636057680892,-1.398828558500833,-0.10849046595500583,-0.15129393691550572,-1.652781799223632,-0.16461013833532157,-0.16656700899017401,-1.8685893284675164,-0.20889240551321506,0.0482503583783999,-0.9639176897588775,-0.09455221401890572,0.07046035867497104,-1.3483472884824803,-0.16689117005102647,0.07797040178252283,-1.5929254647491355,-0.22346265998937995,0.07950710104006828,-1.8115222330355192,-0.2652089487517614,0.19792406673991622,-0.8595360438318465,-0.14116525830540722,0.2941406240241244,-1.1265112620732343,-0.2127318930705571,0.36510375712458104,-1.307392354875793,-0.24708304146571033,0.424843590211932,-1.4742657045632124,-0.27124813686774446
Normal/Neutral,Normal/Neutral_0_1790510996,"Straight-on, medium distance, centered",0.0,0.0,0.0,0.24064447178994894,-0.15903705916345082,-0.10139990530639426,0.4335599211190503,-0.4307425015246721,-0.1429496670036514,0.5507164187444468,-0.7019750125325055,-0.1793812536386449,0.648386621680749,-0.9187549730920306,-0.2147989345169435,0.2931993285874345,-0.9182058952631189,-0.06621326852718266,0.36721781882220905,-1.2633087195803834,-0.14195742183222368,0.4081986171413721,-1.4873981243863315,-0.20789112434116727,0.44308358139293236,-1.6847168980135567,-0.25582668125429264,0.14057400846436743,-0.9870540398098319,-0.07722221597021846,0.2013314870860409,-1.394922345888459,-0.14171505223116054,0.24434416149397647,-1.6639813895233029,-0.2024541888132906,0.281789499534701,-1.8940608465362614,-0.24736881438613637,-0.015488604724098125,-0.9656918664061461,-0.10485386184460367,0.004744542828984296,-1.3730783916761218,-0.17946709849973366,0.025855021260871264,-1.6357016175202135,-0.24083791640162228,0.056622107596879044,-1.8539345351532457,-0.2823255775610705,-0.1776639276855528,-0.8681274453304363,-0.14234324779165103,-0.25283881534186214,-1.171328716378556,-0.22405749701032826,-0.29552426570633084,-1.3839323514575321,-0.26861478723916643,-0.32369856455075546,-1.583395574476534,-0.29513434084994616,0.0,0.0,0.0,-0.24454906561182804,-0.1693201151679248,-0.08915858208981087,-0.4418603311644243,-0.4811353425682142,-0.12331683814987657,-0.5698853433047374,-0.7513015295526896,-0.15432908441497678,-0.694335266792562,-0.9410705579043067,-0.1850323126415253,-0.2862249924278797,-0.92433317182207,-0.03870849675741595,-0.3716507104842799,-1.27432086757163,-0.10587844937487788,-0.4114843169497226,-1.4926946180387137,-0.16641993873077895,-0.43211461301262966,-1.6853521286128714,-0.21395421652994417,-0.12093944245381731,-0.9909299826314819,-0.058578330301662526,-0.1497207319738294,-1.3977440917309787,-0.11444670872820759,-0.16930847777080704,-1.653640823401295,-0.17428148955547543,-0.18672925996654566,-1.8732340928284095,-0.22124582332273837,0.03814939419981302,-0.9661880737800017,-0.09609411337348826,0.05510909469595467,-1.3544810647217973,-0.1724507313601925,0.06171993883795684,-1.6038746984958399,-0.232374585928546,0.06383353092827646,-1.8270280082171009,-0.27604404401594584,0.1878035121073821,-0.8656261149689469,-0.14221755114675305,0.2772312909036262,-1.1376928092896201,-0.2185111353224525,0.3453582187892464,-1.3219609604105362,-0.25572702969312067,0.4043594208867598,-1.490766221078389,-0.2812692353218224
Normal/Neutral,Normal/Neutral_0_1790510996,"Straight-on, medium distance, centered",0.0,0.0,0.0,0.2422154096021193,-0.15917536523264939,-0.10021505473104544,0.43557321488437994,-0.4324127906262641,-0.13971370721136728,0.5554041824541786,-0.701071103271451,-0.17400595861231988,0.6525204762752294,-0.9138393525598478,-0.2072885842585856,0.30094738249062053,-0.9190880467188934,-0.06307391469983246,0.37005889736894426,-1.2623494719347168,-0.1353177764850057,0.4031603239842444,-1.4868086126525,-0.1991391346630879,0.4294235731842169,-1.684509838026651,-0.24615454025041877,0.1505037709025257,-0.9858797195407384,-0.07341521328985626,0.21197278657258295,-1.3924810739004099,-0.1350676620750088,0.2541267478343859,-1.6577076272973936,-0.1936089845334022,0.2903865384573076,-1.8844157374546546,-0.23708500853733874,-0.004887738272460302,-0.9650054675584671,-0.10023977129869314,0.018714285364143126,-1.3704932565260188,-0.17260229707405003,0.03956443241563223,-1.6313442499234025,-0.2321422100704207,0.06885336549139943,-1.84874394232278,-0.2726171701919684,-0.1684599870973248,-0.8696168998018595,-0.13691141887197278,-0.24019492194244899,-1.170591683624053,-0.21676547900063303,-0.2823072661442689,-1.3806490553121704,-0.25947202519811385,-0.3116532681587257,-1.5779994200271577,-0.2848551096338294,0.0,0.0,0.0,-0.2420524265287051,-0.17223167948668147,-0.08611006072576995,-0.438148554108,-0.4890373847815267,-0.11642115491645175,-0.566766796918918,-0.7611400900102435,-0.1445382737645459,-0.6933006226950088,-0.9499034359067577,-0.172083158635442,-0.28752715049894845,-0.9238947752194039,-0.0287094271103139,-0.37437839536672524,-1.270476462132377,-0.09182688245111396,-0.41686374265379034,-1.4880440114703088,-0.14989634721244077,-0.4394130897407956,-1.6805907307969026,-0.19602916094913675,-0.1233506151637979,-0.9911663853717043,-0.04872188674407777,-0.15327448043177827,-1.3935475631520169,-0.10073937428723531,-0.17225415298570926,-1.6491262269080709,-0.15833662593715433,-0.18890862101522962,-1.8688387914657083,-0.20395310100087485,0.03558196996070826,-0.9692350595079632,-0.08665340020421797,0.05130057728071437,-1.3531474355247441,-0.15940149606882195,0.056832268541410956,-1.6007480071259341,-0.21751139306277464,0.05683588035375471,-1.8226184289027216,-0.26001326940771846,0.1858895472083361,-0.8730910227921966,-0.13330822115270669,0.27663512840764215,-1.1454427424163909,-0.2055385486686158,0.344835776957252,-1.3302892784823481,-0.2412158679669961,0.40315731612173644,-1.4987654757564934,-0.2661005527185986
Normal/Neutral,Normal/Neutral_0_1790510996,"Straight-on, medium distance, centered",0.0,0.0,0.0,0.24031095722323936,-0.1549729562408953,-0.09885050270097635,0.428415045115752,-0.42675129656629585,-0.13774540378147104,0.551046231923049,-0.6943490094897016,-0.172200200426948,0.6498326950391575,-0.906742133976774,-0.20529227670607905,0.29681071880474585,-0.9183693878558932,-0.05952381274837995,0.3674310870282752,-1.2626134498567254,-0.13026374613140332,0.40110744612564586,-1.4864679073802274,-0.19304955246226327,0.42800725956207736,-1.6833674508889422,-0.239365083948797,0.14596906772529472,-0.9867892412217133,-0.0702853091085433,0.20795412283750633,-1.3905712322742945,-0.13047617743419376,0.25139587282550774,-1.6580453300425122,-0.1886311361411279,0.28952712400140856,-1.8881742369455312,-0.23202445385578516,-0.009577801281172105,-0.967303654296856,-0.0975570707959899,0.01460309784874923,-1.3695723399521211,-0.16789524847561513,0.036120802358138235,-1.629271271465153,-0.2277427055422009,0.0660790074471299,-1.8457092324158002,-0.2688226373408176,-0.17165150920771455,-0.8732046613559332,-0.13478570820231417,-0.2429550626920941,-1.170031889697265,-0.21331210655462465,-0.28519306109376735,-1.3784004019030804,-0.2568340567758229,-0.3142816263430904,-1.5733778226147679,-0.28298227355917577,0.0,0.0,0.0,-0.24443115933960155,-0.17355547917823358,-0.0850446016851849,-0.43873218343862813,-0.49270176021749273,-0.11465933154065656,-0.5629075409639803,-0.7649011359882075,-0.14203743170531805,-0.688005217936142,-0.9505325183207387,-0.1694778568718823,-0.2864580881963353,-0.9245956555184058,-0.03003722052713984,-0.37286746362402445,-1.2679994211092926,-0.09357210621480165,-0.41551678700924677,-1.4849741651576998,-0.15240216507079815,-0.4383062497962342,-1.6781608373454349,-0.19947500357895623,-0.12190760307582031,-0.9912361542828139,-0.05088637101352018,-0.1501500632032852,-1.3936649425073488,-0.10313360944877539,-0.16913229115462153,-1.6494125306946543,-0.1616367954344778,-0.18621955723946634,-1.8701453943571889,-0.20833367101230446,0.036421754846289504,-0.9674897498436806,-0.08938810957162478,0.05382424403320844,-1.3530897307720446,-0.16295292988624513,0.06038474936066654,-1.6025809656799341,-0.22256809002277067,0.0610884658133173,-1.8270286711999257,-0.2665305410621312,0.18577711766197025,-0.8689006046456847,-0.13633928600249165,0.2769422153180138,-1.1405442135039945,-0.21022522349738385,0.34539393852205325,-1.326303818771405,-0.2472841678261865,0.4038394418001004,-1.497659378867539,-0.2734170637693446
Normal/Neutral,Normal/Neutral_0_1790510996,"Straight-on, medium distance, centered",0.0,0.0,0.0,0.2408907475424291,-0.15524068107981429,-0.10070555363503403,0.4312323781129732,-0.4258639127676662,-0.14119571289116734,0.5550002585576763,-0.6934272201622956,-0.17688886342487664,0.6550588764239079,-0.9056531194122159,-0.2111256423525406,0.3004752119341413,-0.9147747924635311,-0.06186650084845939,0.3711777583726794,-1.258975894010081,-0.13392989927275972,0.4030807449709099,-1.4852683385818277,-0.1975610192845584,0.42808468599394184,-1.6837352919557727,-0.24439327957336038,0.1503166176130746,-0.9860202220499713,-0.0718960094712497,0.2125965431903665,-1.3920846610428614,-0.13308921587434697,0.25529394222428287,-1.6608997931079472,-0.19164076009072442,0.2929249126092204,-1.8910097260468581,-0.2350732275425248,-0.0049228273001790095,-0.969347837618215,-0.09843349237322488,0.019443251777538022,-1.374274591319752,-0.16925767245064072,0.04002748529059087,-1.6338815186742746,-0.2284848718295791,0.06951232406835593,-1.8500740703896819,-0.2689920154991869,-0.16725446881373865,-0.8773650958929567,-0.1350751174540919,-0.23704626953869007,-1.174766991729468,-0.21345720700681786,-0.2781236722948251,-1.383358149235446,-0.25602104854523994,-0.3059723416156398,-1.5780935278181947,-0.28131664761618413,0.0,0.0,0.0,-0.24713000444480362,-0.172626388987412,-0.08321590026170768,-0.4425991221834976,-0.4918971215336628,-0.11207433068043825,-0.5663671375991505,-0.7682343082178688,-0.1390529598796447,-0.6928882790911743,-0.9530516090991075,-0.1660712353492679,-0.29259443462231266,-0.9219001150607329,-0.02809924778625956,-0.380119636096265,-1.2679922706152298,-0.09056937892232016,-0.42315721862962685,-1.4862265956166563,-0.14847717184638012,-0.44566800158137576,-1.6807616097792253,-0.19499975516214152,-0.1274999767886958,-0.9905975127099506,-0.049601650494125904,-0.15600561991762155,-1.3954746380840723,-0.10051988437602105,-0.1750147794962474,-1.6511769403958418,-0.15801356732493946,-0.1922423616800623,-1.8720401142047898,-0.20402563216943728,0.03148748795741417,-0.9690841864046035,-0.08852777310108384,0.048617915273073055,-1.355641951764007,-0.16095111054557856,0.054935410574918006,-1.6043972761906706,-0.21959896296729414,0.0555183397838541,-1.828453404260371,-0.263000294339062,0.18187512762391408,-0.8727543250040122,-0.13575562738749186,0.2726983320598125,-1.1447588093804104,-0.2086458648155676,0.3414940990130382,-1.3308012736302917,-0.24483314361778832,0.4004387671471944,-1.5027050732857934,-0.270380547515098
Normal/Neutral,Normal/Neutral_0_1790510996,"Straight-on, medium distance, centered",0.0,0.0,0.0,0.24646852995508584,-0.15592481858312615,-0.10142803599228885,0.43347579353708166,-0.44027729534785587,-0.13958595126029472,0.5480913099129155,-0.7181817548406325,-0.17275989343493509,0.648403414787495,-0.932982252881029,-0.20438586704566525,0.29120810845847883,-0.9260253326941373,-0.05788754204144417,0.3514673805305781,-1.2720100121991487,-0.12865033089666908,0.3838844141971895,-1.4938957838610667,-0.19115723615168068,0.413273455016173,-1.6857977011035834,-0.23682193074926006,0.14128227516353647,-0.9877358597347842,-0.06646194489030412,0.1922693443269527,-1.3950257072704366,-0.12744801700451144,0.2346108049846079,-1.6625997656498577,-0.18549697270696125,0.27522954110909886,-1.8911861607042784,-0.2280315145546693,-0.010805472851434966,-0.9621787635480675,-0.09204449775612336,0.0031920227960368034,-1.366438567861737,-0.1635011076634384,0.023792954091579055,-1.6255689796093753,-0.22274142057008575,0.056377093268132034,-1.8420919971455005,-0.2624760609023323,-0.1690648476752905,-0.8624071373534953,-0.1278299889320289,-0.24520560187105522,-1.1588430853052007,-0.20730085863664713,-0.286505062281443,-1.3690860112290564,-0.251475059226458,-0.3122726293957117,-1.566682023093152,-0.277581988926177,0.0,0.0,0.0,-0.25003530958100234,-0.17161675719004565,-0.08474582884738283,-0.445757710703936,-0.49295077616998684,-0.11301692170828338,-0.5698005840025152,-0.7700684468428824,-0.13913838108428764,-0.6966330131657323,-0.9555176822550321,-0.16530277388085446,-0.2913155397082981,-0.9238025716403063,-0.027375052848726985,-0.3789496544004359,-1.2715423697228496,-0.08985127736055834,-0.42248109792744304,-1.4887838538103104,-0.14819884259753208,-0.4462375906387347,-1.6830737199502177,-0.19508673061139256,-0.12721893144572843,-0.990705629555264,-0.04814248694567884,-0.15804086451683566,-1.3952596392078007,-0.09962766381142854,-0.17858760192819617,-1.651331611014287,-0.15811488953704084,-0.1964970296471265,-1.8740488824288184,-0.20477343137965143,0.030743577041144343,-0.9677408169394525,-0.08668041461403574,0.0472868491081308,-1.356630522425882,-0.15992979078156697,0.05397877885879679,-1.6080882172450968,-0.21988631259720334,0.05556457498851234,-1.8356000251147937,-0.2640012142048346,0.1804482531474707,-0.8710880449955223,-0.13364058149815183,0.27022071607698983,-1.1458952277589936,-0.20734505953595497,0.33767104823231026,-1.3337215334065464,-0.24439058775765524,0.395539615293566,-1.508294911260866,-0.2705425978655492
Normal/Neutral,Normal/Neutral_0_1790510996,"Straight-on, medium distance, centered",0.0,0.0,0.0,0.24612726052943523,-0.18296021706983231,-0.08863434526324653,0.4188233074341445,-0.49384514033637955,-0.12228875432422624,0.5187033367278651,-0.7814847123844704,-0.15428145007279306,0.602475253082477,-1.004775703979976,-0.18547102566743437,0.24519503098714612,-0.949345578622246,-0.05581980902363709,0.2934430469179691,-1.3202850812625346,-0.13150618440752293,0.32121870661386553,-1.5506378269639234,-0.1952822383722043,0.3478207970906454,-1.7495860113300996,-0.24020102221138812,0.1033799788033675,-0.9921178468029833,-0.07081495631310625,0.1299040689675672,-1.4178236334310321,-0.13804872272301144,0.1601899967876844,-1.7002202005972202,-0.19690368035387812,0.1874563479909537,-1.9431811097280707,-0.2378885855251228,-0.03317487488121921,-0.9479558311174568,-0.10093558558773784,-0.040771937583922654,-1.3605883879361973,-0.17402222575499957,-0.03061092912253468,-1.6247182044804458,-0.22753150168120376,-0.011074576638570546,-1.853245071897027,-0.2616968442413227,-0.16881280553646935,-0.830327166181328,-0.1402914151781693,-0.24398613098128288,-1.1215528655037712,-0.21572605215403945,-0.2797196048255662,-1.3306285098097956,-0.2527643669128553,-0.30236013910413656,-1.5251283698980451,-0.2730325227326903,0.0,0.0,0.0,-0.24347578010946386,-0.18261592714626187,-0.08143055090264452,-0.4259551242473958,-0.5027826623412402,-0.11198952155603947,-0.5415508198446871,-0.7818407406710943,-0.14112682169872806,-0.6670887886282199,-0.9686616464702592,-0.17080328124634037,-0.2599287794205922,-0.938381840070299,-0.026455732201511928,-0.33331911316871365,-1.2862052201309957,-0.09030633127638509,-0.3775372559779172,-1.5039332847574352,-0.15147621731364516,-0.40610169293894094,-1.6997173494553166,-0.20104265321650472,-0.1039004724402357,-0.9933072017307396,-0.050452897008431974,-0.12523732452851058,-1.3968758455935972,-0.10518976249973977,-0.1456459778885788,-1.652145245198958,-0.16672276284954857,-0.16612777185369945,-1.8740940480561847,-0.21536625321682956,0.04608504665087301,-0.9623658971513827,-0.09153425873926398,0.06798641490079556,-1.3533206152848827,-0.1662771254268449,0.0758193292009948,-1.6068837375154708,-0.22518863743477538,0.07691199326763423,-1.8370099428817763,-0.2685201524535887,0.18757251643672018,-0.8590440840837164,-0.14084133088397927,0.27363759172116275,-1.137403083702296,-0.21483911554118934,0.33829509886272174,-1.3264717498086658,-0.24991003566382358,0.39338613813681705,-1.5023387387489444,-0.2745469029518806
Normal/Neutral,Normal/Neutral_0_1790510996,"Straight-on, medium distance, centered",0.0,0.0,0.0,0.21329438998007358,-0.33802148453490477,0.0054446655838459755,0.26461663293534626,-0.7413117701638579,-0.01421509041718442,0.292452567654619,-1.0431512050046554,-0.05216941421076827,0.31648987642917653,-1.2940775201732604,-0.08995197183322179,0.08995903234786055,-1.042356644523305,-0.024873214560265457,0.10166737509879142,-1.5009541774367603,-0.11865994774624544,0.16671390980103767,-1.7919068656401342,-0.18955626501973258,0.23685606303137774,-2.0099111976966495,-0.23514765676458227,0.04512438409668175,-0.9947124438082608,-0.09225477815751626,0.08238211699589315,-1.4913007819831248,-0.17758939403630275,0.18591925727437528,-1.803369734421217,-0.2382072290125522,0.2902849320144401,-2.0354615448584576,-0.2768662241096494,0.04127384016809027,-0.885266702009927,-0.16629035400848843,0.12321453467434433,-1.348398086510732,-0.24775089688390542,0.23279497612669825,-1.6216101364448714,-0.29180804641053193,0.33208800066333344,-1.8235002747224323,-0.3179418129441477,0.0835542193139104,-0.7290648680502291,-0.2424198231213314,0.17975465463587098,-1.0181695631316667,-0.3074254006352605,0.2618599554688848,-1.2303715221699019,-0.33352946984284565,0.3338290475235522,-1.4021798542321238,-0.3488478470601947,0.0,0.0,0.0,-0.2407559201193019,-0.33323959290127975,0.04271083148329123,-0.31320715243536257,-0.7036552940638483,0.05339755269295539,-0.36646047861255254,-0.9187490575879212,0.03410194492264728,-0.41457459231419314,-1.1210173937781327,0.008939820035846159,-0.13149792653285003,-1.025563574447566,0.08492911810878538,-0.1415227362307132,-1.404804724761056,0.028472103412577172,-0.16177262578184667,-1.6516853854344347,-0.030073800630493107,-0.18520106942478065,-1.867137194021899,-0.07625914857506585,-0.07147926655054067,-0.9974416663499209,-0.000914703498209332,-0.07853845047081726,-1.4199407181542536,-0.05353430289716845,-0.10236653027036503,-1.7122573877874399,-0.11580370289193115,-0.13457521535419634,-1.9758398108907038,-0.1653468464348456,-0.027037375134164716,-0.922133758837432,-0.09615635441466847,-0.030582111677161114,-1.3133461368038766,-0.14745309796571637,-0.06121666429795028,-1.5879605973843425,-0.19758226057722872,-0.10491172434472669,-1.8242841275743231,-0.2388239547106301,-0.00842762130270869,-0.8193477010180426,-0.19325595336496104,-0.031298201803944214,-1.111462744264521,-0.23685918525075084,-0.06769086045051391,-1.2922158271000221,-0.25913419655464587,-0.11681581854829526,-1.43868180038333,-0.28044799305156104
Normal/Neutral,Normal/Neutral_0_1790510996,"Straight-on, medium distance, centered",0.0,0.0,0.0,0.045245709834633684,-0.4166655905787806,0.066968112972114,0.0995775180751909,-0.79331841057205,0.05743425934087377,0.1839294945387838,-1.056724577429957,0.023035995857403284,0.27752228493519393,-1.256152039504169,-0.011893950090512934,0.0057839991942427674,-1.0401399493842374,-0.02222533502638434,0.04811798959276468,-1.4798896808670885,-0.10618991403573702,0.12027458464221484,-1.7472595353620637,-0.15721188576667627,0.19934213116598815,-1.9558878847815075,-0.18646590172671498,0.03275087901359986,-0.9933961404233401,-0.10996130281079865,0.16958854595152625,-1.481364043150123,-0.2060948864280519,0.281237892128667,-1.7891410650104174,-0.260620682498307,0.3871253934985789,-2.0219788034303954,-0.291264308038312,0.09321287917734224,-0.8726169957032539,-0.19234105952851285,0.35697083822464576,-1.257281426332273,-0.2803887255395615,0.5420578386212049,-1.450778329421227,-0.3133842766295236,0.6891495783793313,-1.5900573611171243,-0.3246812793911428,0.17088835114127549,-0.7006536698821998,-0.2683022901494706,0.40348166093969373,-0.9559722682060239,-0.32125882221154994,0.5506958584634024,-1.0971176244167398,-0.3241825926603781,0.6746438108908825,-1.211765359939629,-0.3191561639473494,0.0,0.0,0.0,-0.007668942209413796,-0.45172241975206184,0.08788898300343166,0.002211262190421883,-0.8493464641015771,0.08909850382651038,-0.026581119522286357,-1.151002638747519,0.06215641861195616,-0.08537634312779213,-1.3885049290491371,0.028258708510861708,0.13174969907552014,-1.0352917896583864,-0.01551757494265404,0.20112685044903522,-1.454303240724926,-0.10739741128543422,0.24630086062567308,-1.7365390064464885,-0.16960720551816053,0.2840762108117401,-1.9827044733625356,-0.2074588093909689,0.08635542152053546,-0.9895830248487667,-0.1151875779117514,-0.03401817474394515,-1.534427773000415,-0.19575833634229226,-0.14901946985856368,-1.854601310839555,-0.24390440895035917,-0.25771788466984585,-2.110294857470328,-0.2790619369168195,-0.005583474920845934,-0.8848292148313648,-0.20941240358526134,-0.25621844985577863,-1.3354684849064185,-0.28984768147485584,-0.4446006095856517,-1.6051192032380794,-0.3337175799455764,-0.5944688161314232,-1.81079033136654,-0.36074447567880025,-0.13342443843152849,-0.7514148804080174,-0.29419546777018546,-0.367759627368798,-1.0871210574236747,-0.3548461030279869,-0.5145082213886717,-1.2685844975515765,-0.37452773213887164,-0.6360235705776105,-1.427205301184179,-0.38670183057103485
Normal/Neutral,Normal/Neutral_0_1790510996,"Straight-on, medium distance, centered",0.0,0.0,0.0,0.027473693457692957,-0.43982669691049947,0.06251144888520946,0.07692994083863565,-0.8273124603170205,0.04570758506411751,0.1654538898226868,-1.0989643301666685,0.00356129768513942,0.27159277730584813,-1.300767026429247,-0.03826730694594623,-0.02993464902907484,-1.0410776316233952,-0.03837188750689233,0.014889661851681602,-1.5165413442248186,-0.13951295609259226,0.08831067978169771,-1.8128561189962948,-0.203332568368571,0.170263231583957,-2.0395631955432703,-0.23848229392509296,0.006630744984960221,-0.9913625512428279,-0.1309821560910334,0.1715035368553339,-1.5200493737256484,-0.23753287265779374,0.30911922284215815,-1.853141663046355,-0.2984146250935432,0.43572021182030074,-2.0897875183639276,-0.3309316055237056,0.08465051569726198,-0.8783837337222484,-0.21985865017035733,0.3910664141976796,-1.2925775401107484,-0.3196932374934055,0.5936920666641928,-1.5158761383105959,-0.36217238483380054,0.747447292000393,-1.6691586232963966,-0.3774300349725471,0.18956007406189046,-0.7197676042323479,-0.30300402900145884,0.4825401404437253,-0.9935572712928996,-0.36460149679896625,0.6572164236194089,-1.12761566272078,-0.3709841615851985,0.7962886195627008,-1.226131484424069,-0.36565358019352046,0.0,0.0,0.0,0.11272004854210746,-0.41961632206163263,0.07268508614174692,0.14306681590417394,-0.806394705257922,0.05703052811838545,0.06125497557894042,-1.098385359196399,0.021299878775290323,-0.06083681646264493,-1.2989930034861719,-0.02319585110459636,0.22380759982946716,-1.0123243515691251,-0.08236897628705868,0.3132672299705934,-1.46810661032324,-0.17580348383297417,0.3689768974143589,-1.7595368395894524,-0.2284052204814906,0.4153295560055147,-2.0048453377473234,-0.2585983855010965,0.10994282165307812,-0.9807243770863505,-0.16153102536525055,-0.045438094302781736,-1.536509667952731,-0.24345280393931573,-0.18149833157546746,-1.8522452053193919,-0.2896192312016809,-0.2969529273398135,-2.0952761843535757,-0.32274414636820603,-0.03224194780408615,-0.8808549729784417,-0.2272728596940952,-0.32646998165581614,-1.303086440813553,-0.29867421154919593,-0.5260746537760055,-1.513819836049441,-0.3314423196204373,-0.6667148257683602,-1.674258800611281,-0.35095448520148975,-0.18063457641422526,-0.7477289627976229,-0.28227934469620747,-0.4324115845472576,-1.0585847915945366,-0.33308885289655527,-0.5829661415168588,-1.2084920402844774,-0.34266262618779136,-0.6942554050389321,-1.337670943424055,-0.34378627003431317
Normal/Neutral,Normal/Neutral_0_1790510996,"Straight-on, medium distance, centered",0.0,0.0,0.0,-0.016970394984338482,-0.42847614627670544,0.05303859520983988,0.038770134586749924,-0.8199667530536462,0.029689626483883937,0.15329502411016466,-1.0703282031326329,-0.015733085954233825,0.2994847572669819,-1.2367003660775435,-0.06384299042516445,-0.020087232125076345,-1.025837411187728,-0.06539395321304622,0.03087463737680058,-1.5437623320921945,-0.1675764370028718,0.10203745097088866,-1.861685497960798,-0.22661847076756092,0.17861392587329208,-2.0991386701631627,-0.25786982827566607,0.0544852334904778,-0.9865529466064433,-0.15409296828094493,0.23202204704690285,-1.5449073301908267,-0.25401445423059826,0.3709460319480185,-1.8846689712626554,-0.31123685032027776,0.4948169684515191,-2.123179953635041,-0.3424042369242459,0.15953106191982563,-0.8726608261010687,-0.2373834717416958,0.4605142960562561,-1.3120622501069712,-0.3345228552298473,0.6655774153937107,-1.5402115249152204,-0.3808604490105021,0.8203837844712214,-1.6945057962192602,-0.40045990800634745,0.2791022154258707,-0.7074055615308101,-0.31404475463113524,0.5606509451377181,-0.9907965301559385,-0.3792432705033054,0.7329815626376441,-1.13027988339423,-0.38754490063975355,0.8710404962229583,-1.2381279371014347,-0.3835558231183174,0.0,0.0,0.0,0.19295314662331942,-0.3632567228899557,0.028463429062930642,0.2452887444775452,-0.7246852135595009,0.0020531678063230763,0.14700756471241458,-0.9766497452251577,-0.03900175099740507,-0.0017633870302997106,-1.1291319530809572,-0.08932479166495096,0.29081760807370705,-0.9706339714836777,-0.10016804475568199,0.3786124660489054,-1.413186559699233,-0.19077791129087052,0.4343823455995416,-1.7073117751444828,-0.23862932601306458,0.4718538173175181,-1.9410814502113003,-0.2639744172992684,0.12183456137622618,-0.980168727809426,-0.15628693060750193,-0.013016792231930162,-1.4868479309476863,-0.24638396562647147,-0.1262611252840994,-1.8087236203670556,-0.30221737084300104,-0.23331450204631105,-2.05458993944489,-0.3366143825517469,-0.05318210405691242,-0.9058425676933639,-0.20206271802715006,-0.29448060730112835,-1.2328920487345574,-0.2936788238841245,-0.44133988262530505,-1.3680653662517523,-0.33774191599549025,-0.549143754494768,-1.4665448516564077,-0.35243129942466767,-0.2191304963923866,-0.7925238386091296,-0.23902244997811126,-0.42567800984792536,-1.0496943331537198,-0.3044275739070971,-0.5513967478441988,-1.1803315034185131,-0.31880545536924526,-0.6490837647045933,-1.2903147266191803,-0.3155055766395471
Normal/Neutral,Normal/Neutral_0_1790510996,"Straight-on, medium distance, centered",0.0,0.0,0.0,-0.16291724842408853,-0.31562045671384126,-0.02566403606718094,-0.2240862569554967,-0.6620032223321616,-0.06841095843292538,-0.23441243172264875,-0.9675256146203034,-0.11404070113100225,-0.23874541305920557,-1.2374464380931696,-0.15927288473758136,-0.03539811570247546,-1.0069419912534205,-0.09960569813135872,0.03270750404324381,-1.4920091535687177,-0.18299570974388663,0.07069785030168452,-1.7704611303439746,-0.23135020785783098,0.10280007513906388,-1.989690656688976,-0.25915470252222944,0.1186614879745031,-0.9822128973114701,-0.14552414104431055,0.26086319497176125,-1.4925662334683218,-0.21045800791968816,0.3496763022756556,-1.8038291755226254,-0.2521589263497197,0.4219554367585565,-2.0406136574227705,-0.2816962263435171,0.26359531503098566,-0.8670274590485988,-0.19416092725462353,0.47778609333388194,-1.2588288398446597,-0.26204565416426195,0.6125808431873588,-1.49342341290459,-0.3003367504641427,0.7122332186445843,-1.6751419840346493,-0.3250975023051921,0.3966670326149127,-0.6944625433151502,-0.24375398646208293,0.6135096401018235,-0.9572374788943387,-0.3020009894925088,0.7436720525161093,-1.1179592427229899,-0.31684327817887226,0.8506234632771349,-1.2585406352524713,-0.3213074756216748,0.0,0.0,0.0,0.23143374018278567,-0.2799449901587699,0.0074132226367340254,0.39502082303031927,-0.6248089752932565,-0.027705795585462392,0.4876545871314548,-0.9422750747774442,-0.06674479892789419,0.5938210806526728,-1.1589732319692405,-0.11618456731239707,0.315485577764687,-0.9565052486815332,-0.1613522610364352,0.420481307180833,-1.421670384940677,-0.2611963620226282,0.49316344589908895,-1.7229375716520117,-0.31158382728546513,0.5457139573870474,-1.963696310047272,-0.3391773521303026,0.13102580158523006,-0.9707640022661312,-0.20112058876005337,0.010342334559023348,-1.5088108336091923,-0.28982478780932724,-0.07801099563847218,-1.8334855307544593,-0.32918750029756,-0.15728501259629182,-2.081158546241344,-0.3545420641409232,-0.05368316935235142,-0.9025142210163277,-0.2295129031401768,-0.2713670748227651,-1.3096563383678952,-0.3033746274328724,-0.41249153158583435,-1.5426469190415797,-0.32454370960060336,-0.5162578333421789,-1.7204621702015874,-0.33390092262838894,-0.22363750417860406,-0.7803872294254519,-0.2522696304325132,-0.3983701610268421,-1.0990057919912277,-0.3075374208533636,-0.5010469251385093,-1.2623461870701551,-0.3112351050434619,-0.5736503443858889,-1.4004326739348814,-0.3030781445849579
Normal/Neutral,Normal/Neutral_0_1790510996,"Straight-on, medium distance, centered",0.0,0.0,0.0,-0.14419655262592318,-0.3573010730351478,0.017600765432992712,-0.1887386576081345,-0.6929755593713471,-0.0059742252936743,-0.19079333314772115,-0.9495052771710288,-0.040820017664252764,-0.1778570789727891,-1.1388899610211807,-0.0770111060433681,-0.10457136273440384,-1.025833745800318,-0.06495821083077691,-0.05761767612063926,-1.5029828608627414,-0.1374820803374152,-0.01348665604953182,-1.7773758596431397,-0.18047745181395056,0.034358734032199675,-1.9972509847406819,-0.20589238945138302,0.031642053244029994,-0.991125845507457,-0.12910592098595086,0.10587028119782198,-1.4975157935694272,-0.1908903337293629,0.16087688777681264,-1.8253493314493754,-0.237410558581032,0.21704858863923254,-2.090267778024143,-0.2706644004853991,0.17730305685451425,-0.878576714073082,-0.19093700678467385,0.3559019112727268,-1.300067453859013,-0.26228987180403834,0.4817650505841293,-1.556830365285765,-0.31465267060331875,0.580220698227437,-1.7549378390170198,-0.34824622244219583,0.3200183056373889,-0.7089920167338216,-0.2483680687065623,0.5184101557511203,-0.9736999898314802,-0.3117685223361798,0.642331596092796,-1.1453312483710556,-0.3344684800757899,0.7456061625755913,-1.3046599202148252,-0.3446315027596279,0.0,0.0,0.0,0.18619679308770776,-0.3470094251524026,0.08390899530787697,0.24338240056733854,-0.7067751297677825,0.08625343140762444,0.186561631031432,-0.9693055200396539,0.06506454790183788,0.08981120145147127,-1.1555612926518835,0.03190316344298923,0.2916673192711039,-0.9391116570832803,-0.0423472829700216,0.3786568985140295,-1.439825637710093,-0.10902626554394568,0.42294791171653867,-1.757217163669927,-0.14327541935570667,0.4532111930513319,-2.0091959604220135,-0.16187841933323405,0.16200213946633663,-0.9786524698196455,-0.1264699573979431,0.19000540893227996,-1.560519927446533,-0.17707823876514994,0.18585022313830443,-1.9295947409965253,-0.20617835449368385,0.16797890526545906,-2.2087612717537977,-0.22745929564228068,-0.0022333927914107874,-0.9414687502933786,-0.1997843444421289,-0.10566886440745224,-1.4746426080864061,-0.24462444135965652,-0.18722293242585067,-1.8091577690086635,-0.2896912245138562,-0.24624682207686469,-2.059214772758185,-0.3234282302116164,-0.18307818548577284,-0.8461317415311651,-0.26173969261754326,-0.3239959278495551,-1.2118632511490748,-0.3105992049855396,-0.41190569206356215,-1.4416605272539595,-0.3342300626321802,-0.4797744226220889,-1.6307253954500576,-0.3470807158586762
Normal/Neutral,Normal/Neutral_0_1790510996,"Straight-on, medium distance, centered",0.0,0.0,0.0,-0.07267697508883061,-0.39017298156085034,0.0531835706936697,-0.058865561426902115,-0.7704494715164216,0.04048712991457445,0.00650304563959908,-1.0091928314369778,0.0013054086126847587,0.1029308046303945,-1.1748139973904461,-0.04552699818799765,-0.07808738581699691,-1.0023076010797973,-0.02284062183274334,-0.07797466892682677,-1.503909573218311,-0.10976406744998592,-0.07999163368931303,-1.8445143394832515,-0.16776700927656765,-0.0717875643654836,-2.105233641612604,-0.2067132784606608,-0.013698825150904342,-0.9929025448453284,-0.11813923408061971,-0.026481151578659975,-1.5342750926168773,-0.2192221252126933,-0.02065890055019097,-1.9005472150541125,-0.29316222271881764,-0.006454389943272794,-2.190428353709326,-0.33837353865325687,0.10261383651897076,-0.9098353319557809,-0.2105611866031088,0.21822066964424974,-1.421918177572073,-0.3233659202038765,0.3278577441023291,-1.7417488871928788,-0.403323148282067,0.4153178346090082,-1.9897897216235731,-0.4474545709353119,0.25733034943378175,-0.7695631418925781,-0.2942994693834784,0.4296464878500887,-1.0971836413331368,-0.3899575632993393,0.5426237309282665,-1.3103356455358182,-0.4325838688451188,0.6388480089726842,-1.50569558389718,-0.45425840891394126,0.0,0.0,0.0,0.12223825288520317,-0.37944769511769694,0.08379619322360529,0.1807097124263727,-0.7482882198363572,0.09149804202587826,0.1501444763698721,-0.9948131348261808,0.0712861975732689,0.0704251547317214,-1.17532094589067,0.0403713569315718,0.23872889228843125,-0.9556143593078816,0.0034652123826321058,0.27359568456324984,-1.4534714014070649,-0.07410599809405143,0.28304869085527345,-1.7900040982383054,-0.12562475345750743,0.27757595202434304,-2.057516182762065,-0.15807005090246765,0.18107793100206854,-0.9792979305547389,-0.09047842900501707,0.256313134270926,-1.540022621618788,-0.15620705636763466,0.276011796646072,-1.8916958577421386,-0.20108427545689317,0.28235093212569856,-2.180891581248682,-0.23116957676268376,0.06951285968913602,-0.9497780433118734,-0.17916226458365442,0.08513636354166497,-1.4841678862415972,-0.23971923239716714,0.06510816101263991,-1.8059741607503128,-0.29299551913196903,0.05494347175918735,-2.0639208137026346,-0.33026630425077386,-0.08918779929890105,-0.8805245869050553,-0.2584515466352388,-0.14438654864207923,-1.2189845005673539,-0.3137076528547695,-0.19513882661319915,-1.4404311004196066,-0.338597185061856,-0.24251679906502227,-1.6305247136910237,-0.35397205112613933
Normal/Neutral,Normal/Neutral_0_1790510996,"Straight-on, medium distance, centered",0.0,0.0,0.0,-0.007211392287186294,-0.43924952127579603,0.0764942638753473,-0.027929800060419008,-0.8674684289513405,0.07956590886188625,-0.0035489966006634834,-1.1866178360336672,0.0499309151420319,0.004120076030651336,-1.4375154235644543,0.008985204932852138,-0.12277676824648968,-1.0099268133289203,-0.03372710146073861,-0.16996290383268742,-1.5286493544554312,-0.14816116881398603,-0.19760546251115782,-1.8819900153245874,-0.2240195247362565,-0.22190894222449306,-2.1720735894875562,-0.27531862338523505,-0.10525068768022125,-0.9832098253404351,-0.14906620038382823,-0.16625939587253974,-1.552152778433358,-0.2699517529935652,-0.18037873919555525,-1.9567699738476738,-0.35661387329436006,-0.19305370760744534,-2.30736564171891,-0.41281533830639167,-0.02712824685809041,-0.9019393006521614,-0.2601381375659557,-0.04079086277047202,-1.4375736886409822,-0.3849227707189409,-0.006243756390081729,-1.796488193653505,-0.47203195296206707,0.015945027765343785,-2.104834602107437,-0.5244921330075573,0.11527663711043469,-0.7825898257857371,-0.3621262532273239,0.14815012000756617,-1.1199372676813932,-0.47254902148291367,0.16882877684073774,-1.3585030789917083,-0.5278301909725196,0.18696146764300758,-1.581072948661396,-0.5626384351637739,0.0,0.0,0.0,-0.15251652278046698,-0.30542726719862795,0.06970687573314233,-0.14603711262015476,-0.5911091723701487,0.07666233544709539,-0.17069241017948106,-0.7940008276645923,0.05179119459245412,-0.23255046390986003,-0.9810867894604464,0.017003159954017567,0.08411791052764231,-0.99272906701453,0.09023853128853118,0.07438744578056589,-1.3513804245083543,0.047678532946631796,0.051442449380306766,-1.615668046478418,-0.0014228347098536984,0.030740022836776855,-1.8463029916199296,-0.04208912288421717,0.14285044911169778,-0.989719363160126,-0.007023629724061603,0.2417347626042441,-1.409370149466038,-0.053514319409803356,0.3026315826116912,-1.7025112283275101,-0.10610008681676242,0.3593263057031312,-1.948730435777461,-0.14824692113653323,0.1625402217186836,-0.9313150337773703,-0.1088193069982093,0.2779656304135083,-1.325168391563046,-0.1609897244449048,0.34779474374412267,-1.6114603906203988,-0.20966914802259615,0.40382934247162144,-1.8478400390862852,-0.24726207243612558,0.14391915571353095,-0.8554479829312409,-0.20757296363885316,0.23238230591399292,-1.1552790168817348,-0.248816665313207,0.27714753944738896,-1.373560603136777,-0.2655490228640905,0.3118288521707703,-1.564252002072669,-0.2822429021132337
Normal/Neutral,Normal/Neutral_0_1790510996,"Straight-on, medium distance, centered",0.0,0.0,0.0,0.04040886312209007,-0.4073060925303723,0.060933985578193385,0.03064154022247023,-0.8518645833671072,0.07060990882810274,0.04913855405783509,-1.1764068710433662,0.048844694040404674,0.057428544645251926,-1.4348079357661352,0.019766208420541453,-0.08337542956009232,-0.9987231165682734,0.012033238747616219,-0.11696817655584928,-1.500100463740908,-0.08673258259484105,-0.13082876529643303,-1.8664614495976117,-0.15851743351713732,-0.1389403307660948,-2.1662776121181824,-0.2102387084437326,-0.07680205458233295,-0.9926929008443313,-0.0930712040601122,-0.11887663374560463,-1.5375938051132625,-0.1961981385523901,-0.1286736941648503,-1.9417380385801613,-0.28237869796523496,-0.14004283201696738,-2.2943091141731595,-0.3393456021968069,-0.016726732376336092,-0.9393103186367314,-0.19809445868471678,-0.048695949114566706,-1.4804338663429566,-0.29660310451133426,-0.04542592846808197,-1.8421079424785376,-0.3696681556535231,-0.047342961128613165,-2.153202232209766,-0.416076148417993,0.10120438655921146,-0.8616848805458746,-0.2995372295000917,0.08725264886312337,-1.2005891453750135,-0.38904854671433153,0.06883779357035269,-1.449361062928889,-0.43710237287604714,0.05931238193503798,-1.6686881333756565,-0.4677483045694389,0.0,0.0,0.0,-0.17372399691579826,-0.23688095153733768,-0.03656615290474587,-0.250921504359973,-0.5156854600573432,-0.07083499283404947,-0.3288726778990983,-0.7241128751571625,-0.11568333252611634,-0.4264130067496184,-0.8888342601326932,-0.1658565369635281,0.011603904554205957,-0.9692392507356351,0.006093981340324274,0.030540645640883126,-1.3024631177016088,-0.052098980828699376,0.03239707667032607,-1.522902086189702,-0.11583446745089596,0.0424645941501294,-1.7116745322624751,-0.1650814373884386,0.11036453855379315,-0.9930917701221166,-0.03985479576574658,0.19587174296542462,-1.3913125142819696,-0.08958005009818733,0.23427041418742148,-1.6541636900829846,-0.14532305663468859,0.26998943265243014,-1.8676928787659706,-0.19031094093894388,0.19450748407041782,-0.9450897992340578,-0.09919836558168935,0.33219109788959883,-1.3253020178219552,-0.14493301682153079,0.40034109039018545,-1.5712760476444858,-0.18982809608277104,0.45548197846794336,-1.774903243644223,-0.22800067022769224,0.25596032569338634,-0.8406612616290455,-0.16629314438276444,0.3819770827086079,-1.1224313493830662,-0.1991219859915766,0.45567083521720375,-1.3174759085912409,-0.2132813171630693,0.5155864093147241,-1.4861282873721808,-0.22917444904182352
Normal/Neutral,Normal/Neutral_0_1790510996,"Straight-on, medium distance, centered",0.0,0.0,0.0,0.11803938849417743,-0.277396654164301,0.0236120391246501,0.1232962696206871,-0.6068958483366921,0.002653223225648381,0.15286446359294165,-0.8427100189043591,-0.04036286313584059,0.21380148438308277,-1.0549568461535244,-0.08908974762798877,0.11826018757214433,-0.9898432735909853,-0.024821547418960505,0.22462567453021065,-1.4080029905710818,-0.10702808343779449,0.29687682276020894,-1.6806782706086856,-0.16789547510022726,0.35469672452605333,-1.9071952138660198,-0.2129140499353446,0.04706746502489731,-0.9935585894331264,-0.10308240926456057,0.010741359022098105,-1.4316911817315723,-0.17963239689768798,0.0013446840084620753,-1.7201008507961084,-0.23974241247540704,-0.018801406550071308,-1.9456432065610711,-0.28500970098115896,-0.008803009989866403,-0.9094034252345633,-0.1856009585186594,-0.12643768409655035,-1.3406572576604758,-0.27023979732230696,-0.22246879231704933,-1.6330476042868534,-0.3349038096184895,-0.3119782712147254,-1.8758555919432804,-0.38302765472464606,-0.040292055233898026,-0.7672350027229741,-0.2651009316664894,-0.12364219656837984,-1.0556708554866079,-0.35204399893230637,-0.1981718301525406,-1.2441645358602136,-0.39904569000153794,-0.28103115301211196,-1.40182942820982,-0.4322760141771415,0.0,0.0,0.0,-0.2703918360989316,-0.17374502353360372,-0.052200414918050504,-0.4743032560127666,-0.4640304875460231,-0.07202575750185349,-0.6282838197764729,-0.6960970951613684,-0.09973963877318635,-0.7735624384035401,-0.8343494869173,-0.12943212514505012,-0.24203032612779393,-0.9171258948017929,0.03059964986270695,-0.3143402133301577,-1.2213064701533851,-0.0073424053052420285,-0.3487132433799986,-1.4208543474446587,-0.06031816746105804,-0.368804091110042,-1.5940172474318135,-0.10788774975807955,-0.08840519148403414,-0.9960842570728126,-0.0008215414623841171,-0.13030248262308178,-1.3800939960392933,-0.03215557385743917,-0.1574824074954708,-1.619376681689843,-0.08210082529328536,-0.18017959095507238,-1.8117026293689373,-0.12631127054654515,0.0684725530573815,-0.9833685635816569,-0.049480826792460623,0.1053960037679109,-1.348147203183233,-0.10217680703784321,0.1311381745051021,-1.577227772740882,-0.15974822436955155,0.1520239698034159,-1.762695672205596,-0.2038502054963643,0.21784034036441746,-0.8980666584198865,-0.10594182273498276,0.34673887796371095,-1.1491979205439664,-0.1554167570578145,0.43741491476408556,-1.3196842658778665,-0.18836844989674775,0.5103823458383502,-1.4690908469729942,-0.21580931175719498
Normal/Neutral,Normal/Neutral_0_1790510996,"Straight-on, medium distance, centered",0.0,0.0,0.0,0.13152388433935924,-0.2622979897406688,-0.003638499881626048,0.1491081479143851,-0.5940849072164525,-0.02763474055771442,0.17539958455959295,-0.8310089657721437,-0.0685127951432391,0.2406466622961638,-1.0547232826738326,-0.11560251072221536,0.1016081915806178,-0.9894706059386984,-0.03188343905959626,0.2063790870453724,-1.3803220895635049,-0.11575065596409422,0.28472003150915604,-1.6360580529879183,-0.17947721761662813,0.3455215043864207,-1.8533033356364474,-0.22742993210052698,0.026368118582053835,-0.994990975087449,-0.09642448764172866,-0.01310579502849998,-1.4300533685421304,-0.1731123125650109,-0.015601000909996438,-1.6949692552632494,-0.2355892401183504,-0.026446017692500556,-1.9053148676386806,-0.2838025362554955,-0.037524975241064976,-0.9122380197557394,-0.16831976758548664,-0.14811749032075097,-1.3255339411432867,-0.25178288285454226,-0.22976890354380003,-1.6105017891975513,-0.3164081522425102,-0.30391473747530773,-1.8524444979437724,-0.36525615876842593,-0.08014589119630615,-0.7644697365410379,-0.24012356171847976,-0.1842497755278607,-1.0374691165793246,-0.3247035554835652,-0.25536265628106947,-1.2359375489588327,-0.3723869398789625,-0.3274696027139944,-1.4150056947510259,-0.4080151022099899,0.0,0.0,0.0,-0.2750047132494582,-0.15310596335860704,-0.06442762669660931,-0.4879804585041812,-0.4492603158642578,-0.07748057247047961,-0.6440468873348711,-0.692190093007591,-0.09464546529821889,-0.7964078940876167,-0.8286729195343986,-0.11273365412010455,-0.28563431556947994,-0.9141163180731995,0.019498360716769296,-0.37808989867473636,-1.2540026594921125,-0.018816499664544472,-0.4241535621623992,-1.4652099578484554,-0.06442794296215004,-0.4513328177033646,-1.6465171269648697,-0.10540910920480916,-0.11945090960827134,-0.9928295859051771,-0.004570945756751401,-0.1689410214655997,-1.3910542139652142,-0.03518840993276107,-0.20257495417808463,-1.6384977329059056,-0.08603850486727344,-0.23358283785112388,-1.8391174510071175,-0.12873568668192914,0.050433078193040826,-0.9826298847097429,-0.04648757734153732,0.06422951612581229,-1.3489844067286454,-0.10606098061162719,0.07204254004410948,-1.5803066334973042,-0.16684890199850796,0.07114401589220799,-1.7767773877257054,-0.2116086026617238,0.21269941167617543,-0.8977857956199575,-0.09581146759352739,0.32365614389546227,-1.162003818830379,-0.16042487508308825,0.40419506143666567,-1.3337655989031112,-0.1988726443390611,0.4703527523096045,-1.4826946570159176,-0.22653326978369956
Normal/Neutral,Normal/Neutral_0_1790510996,"Straight-on, medium distance, centered",0.0,0.0,0.0,0.1522146500647242,-0.23831557799125253,-0.02433721024782836,0.19078833539150042,-0.5504865763240778,-0.053955512928754085,0.22778356441912262,-0.7816184727809914,-0.09576636562906247,0.2992612072869735,-0.9784721361331247,-0.14432941216924366,0.09409762002565279,-0.9894048543985722,-0.05162440119414242,0.13594260556730078,-1.355812984749823,-0.13940530660474598,0.16533326231728468,-1.591735471712195,-0.2095907957487239,0.18739359864110755,-1.7903868536305263,-0.26082275857904963,0.014555766201841692,-0.993842073017567,-0.10984563519058232,-0.012659437621364565,-1.4258335196419738,-0.1853631708272468,-0.02588686892497653,-1.7173896884485258,-0.24842527556032287,-0.04296032280903495,-1.9608543333500865,-0.2948727095007739,-0.05913700562206142,-0.9015748868804966,-0.17596288118664138,-0.1325715352203349,-1.3071033500729743,-0.2573233792017395,-0.16912151103054174,-1.5698602901916536,-0.31786966694257557,-0.19405870751212015,-1.8027994181808487,-0.361187364044536,-0.12515234976954123,-0.7243153814009575,-0.2443598747010509,-0.27772408409773713,-0.9524258670203606,-0.3391956486894732,-0.3699862817282028,-1.139741505744297,-0.38731446436606354,-0.44765744557524934,-1.316345776681897,-0.41661628509436016,0.0,0.0,0.0,-0.27421084311817456,-0.14052606112537427,-0.07572298621653993,-0.49490162609142163,-0.421919291361328,-0.1009131455461061,-0.6545032279079077,-0.6580481437592504,-0.1260256729349311,-0.8099263655387465,-0.7872281276850159,-0.14963083436015387,-0.3215340357764635,-0.9109486457176376,-0.00202514095110608,-0.40712780624491424,-1.2565177584771103,-0.04489343400016075,-0.44553482724915816,-1.471382112890327,-0.09346663737473483,-0.4698269301853507,-1.6576952944094039,-0.1361236914195633,-0.15573556647333883,-0.9876386287073023,-0.017786860891891555,-0.22615285606118246,-1.3549009057284296,-0.04484368003289197,-0.2658321881236185,-1.5699970832118464,-0.0874771029801387,-0.3013078531174238,-1.7505957282806894,-0.1254948507912346,0.016777733014978,-0.9790146801361241,-0.051208636898306896,0.009038275276774558,-1.3278753763197106,-0.09974130654135878,0.0043109965875423265,-1.5527665673680993,-0.14714467043948257,-0.004273626795532585,-1.7467618483399692,-0.18588086336527737,0.18610330233837089,-0.8957156756165506,-0.09412678045382551,0.2772482250501291,-1.141894394870302,-0.1486270915237527,0.3459573675171554,-1.3112708044921266,-0.18000730161190914,0.4069548623237529,-1.4642583876553539,-0.20332268419938196
Normal/Neutral,Normal/Neutral_0_1790510996,"Straight-on, medium distance, centered",0.0,0.0,0.0,0.17500063131359261,-0.23275819705771772,-0.01645263617830112,0.2306731892498485,-0.5396617294278172,-0.03238277459607633,0.26886382713998336,-0.7779274102744187,-0.06102801742098004,0.3474483190503494,-0.9657199184464119,-0.09301258621680998,0.11452939429272974,-0.9558066702409641,-0.012322625091574379,0.23145078184785056,-1.2367344246843908,-0.09985805297496911,0.32219781930412034,-1.4433848333915547,-0.17549600488341915,0.3894173935754367,-1.6120565332533299,-0.2284852923414385,0.008123649895874803,-0.9976196919715483,-0.06847595565570633,-0.04820050080715808,-1.412766206560235,-0.14012322187605267,-0.06365306668111,-1.6928707324243855,-0.19735111805581082,-0.09095629512650222,-1.9225499477406298,-0.23688458078152708,-0.08068218874717487,-0.931849338373863,-0.13480344388697657,-0.17478770050340395,-1.3069837828832214,-0.21616388349242877,-0.19985643547543644,-1.5687931777764006,-0.26941886140728044,-0.22397649857332472,-1.8021292821872283,-0.3027389991959374,-0.1467254677743335,-0.7792664367493635,-0.20336971092155545,-0.30133304866560334,-1.0003104339503777,-0.28919521389241026,-0.38849877466457056,-1.1716633033656416,-0.32318172048812255,-0.4644088867650031,-1.3303489600664733,-0.3400270185954699,0.0,0.0,0.0,-0.2700888000863292,-0.14412557682510552,-0.07397196837283347,-0.4960036740191784,-0.43155223633278145,-0.09485085700781853,-0.6669066115061416,-0.6595822682346658,-0.11667979195739303,-0.8267293218033404,-0.782326659405676,-0.13695839063975954,-0.3249859335503431,-0.9138773959777822,0.003174890153224273,-0.40018580041450347,-1.264230874783813,-0.04002234985280712,-0.43374436448284437,-1.4783358268163627,-0.0894853871773216,-0.4587940272394849,-1.663860489539929,-0.13339517678266644,-0.16431916042051758,-0.986305901465162,-0.01413797205013476,-0.23727036736323867,-1.3541163912722096,-0.04730310182869828,-0.2845017926286195,-1.5719156945642039,-0.09592981206838778,-0.33034992893439913,-1.7573562119203754,-0.1372903789029144,0.005428354631469064,-0.9799108535431573,-0.049171915129808494,-0.00750394036054075,-1.3346966406549836,-0.10667215320923376,-0.01771140397221049,-1.5575170523946475,-0.15934622232666115,-0.033513338651239795,-1.751020522358316,-0.19994235323105602,0.17593904859703643,-0.8988534254448474,-0.09301528669847019,0.26268313803602733,-1.1467891637679042,-0.15597763539977288,0.3273624422470489,-1.3120215297260398,-0.19155473702982057,0.3832654063817821,-1.4655183348062248,-0.21697521287433288
Normal/Neutral,Normal/Neutral_0_1790510996,"Straight-on, medium distance, centered",0.0,0.0,0.0,0.21565755017733607,-0.17697537981939382,-0.07753019129009166,0.38141107063136304,-0.4416680606902307,-0.12817366162346805,0.5295688396665201,-0.6398416936124128,-0.18267749930463373,0.6596999025855195,-0.7788930600704618,-0.23953379974528266,0.11412610879376786,-0.9500036990778014,-0.059189968635015675,0.22334636735890484,-1.2670937436149492,-0.14271760451395354,0.26953868234779166,-1.4893630518697856,-0.2219660341706044,0.2899270114680438,-1.6806617232627532,-0.28206338205289816,-0.02172007305809548,-0.995385216379748,-0.09346929677168495,-0.09797917770288148,-1.4194245433098567,-0.16209370612724244,-0.13497247744783292,-1.6705162677231518,-0.22452004961479244,-0.17768286196055746,-1.8705674914095953,-0.270797236795552,-0.13017584026970586,-0.9387495126494854,-0.14104989392949785,-0.22959335384772242,-1.3189290969233676,-0.21510129771324338,-0.27061858099117325,-1.5689778367043514,-0.2662089781177862,-0.3117758467126832,-1.7838992909212918,-0.30040945443199174,-0.21184623314085432,-0.7977888836425289,-0.19764753691165982,-0.37140584464860854,-1.0361059575383942,-0.2748656140496571,-0.46202974182615986,-1.2136228156621858,-0.3032743311728075,-0.540416098268659,-1.3712216160611947,-0.3168774445880967,0.0,0.0,0.0,-0.25846779847014045,-0.1513067171255924,-0.08423102357695404,-0.47789512539008033,-0.4136367214562836,-0.11655986531561591,-0.6464510696664337,-0.6407274963663897,-0.14745855384650386,-0.8132149434060837,-0.7731161590303653,-0.17718632208484064,-0.36605387157926644,-0.8902467840288062,-0.022748939884640655,-0.48683618020193453,-1.232204192720891,-0.0802371042599535,-0.5499595184115539,-1.449617084992011,-0.13588247608254247,-0.5923692229189145,-1.6396927877005452,-0.18117523875755354,-0.19344932154561756,-0.9803858268026256,-0.037696028943012216,-0.2705026529799648,-1.351568327070326,-0.07626140690344725,-0.31250929512236436,-1.5752646502137126,-0.12469763251362365,-0.34908797227155747,-1.7603952733086072,-0.1656437414787943,-0.013562456487146417,-0.9806016120948572,-0.07045858623553722,-0.02096757614982404,-1.3260984258851303,-0.1302418781482994,-0.027821390706129608,-1.5490818242469673,-0.18033835804466877,-0.03967423119913261,-1.7409890704115154,-0.2190500256593615,0.161876249153007,-0.9031118856081312,-0.11246080823332649,0.2503131319285528,-1.1437863885230122,-0.17440256297983098,0.31123388124063806,-1.3067759932945757,-0.20538994222629503,0.36000837469284447,-1.4527950935845104,-0.22706819539420786
Normal/Neutral,Normal/Neutral_0_1790510996,"Straight-on, medium distance, centered",0.0,0.0,0.0,0.22130491941492378,-0.1586840495774881,-0.06627757330215553,0.3872780948602173,-0.41017698688254184,-0.10912133035907655,0.526322469657603,-0.6053895381428639,-0.15828384933951575,0.6588556907449358,-0.7220266873297609,-0.20697717326878637,0.1536099922480234,-0.9574102688727986,-0.03612319218820006,0.19082417156617898,-1.3082590090661577,-0.09343974686010209,0.19014042119466681,-1.5157124693420607,-0.14423008103560744,0.17138428980099069,-1.684729436763763,-0.18401482876229058,0.02132795787719042,-0.9974155544679005,-0.06860998410056186,0.022856706358939674,-1.4269525487377497,-0.11952559711557041,0.014744852984917603,-1.6928352942059335,-0.16456167029085936,-0.010118563280517698,-1.9026753494992195,-0.19723683551087542,-0.1031471590823619,-0.9494200472591958,-0.11474809750478654,-0.18053408180661923,-1.3400051126760253,-0.17677867588169244,-0.22305765877941708,-1.5872715604469307,-0.22904893452244068,-0.2641126607294055,-1.7902681160932432,-0.26372961849284793,-0.21918214539901393,-0.8190018911325351,-0.16853884683721157,-0.38116459991618323,-1.0614069230142864,-0.23768321022659128,-0.48361087739317105,-1.2357101609249175,-0.27256735436666124,-0.5709159279617622,-1.3951625463411108,-0.2925986919809308,0.0,0.0,0.0,-0.24411168777716277,-0.13236955049262822,-0.07489764539791716,-0.4652365635698095,-0.39605208716344764,-0.10096784680501061,-0.6468204788226577,-0.6018376018365941,-0.12678855666577846,-0.8254373836430088,-0.662342036263707,-0.153198210415076,-0.3875246019127684,-0.8746264675739229,-0.008095276756451926,-0.5228044989101392,-1.1942777091932941,-0.05768539844419882,-0.5878960962271595,-1.4048232117359991,-0.10980819593948608,-0.631360815825771,-1.5883792496128863,-0.15333570216669945,-0.2234947356018853,-0.9743168412396344,-0.02750992611885163,-0.3154803406602755,-1.3447465899634323,-0.061110371916839365,-0.3719459446675973,-1.5734576759914833,-0.11117812130920085,-0.4226161364947396,-1.7650072505690557,-0.15211526195927827,-0.04685845299473636,-0.9779858305617357,-0.06307515955888415,-0.06825780324939275,-1.3254802007123643,-0.11744012551948348,-0.08329423029359037,-1.5489343998120866,-0.1714856622085035,-0.10527503962228102,-1.739256546539224,-0.21287637308220975,0.12685222743481295,-0.8981720730613714,-0.10685518803528983,0.20732895288990452,-1.14142682790034,-0.1606847003103142,0.2636803572889827,-1.3039032308380158,-0.18892841284429512,0.30694021499494334,-1.449177990876723,-0.20992629372235658
Normal/Neutral,Normal/Neutral_0_1790510996,"Straight-on, medium distance, centered",0.0,0.0,0.0,0.22832866829940424,-0.17234860930591317,-0.08589068999469397,0.4129859019195298,-0.4126154598334395,-0.14499822988138494,0.5751158405554979,-0.5929633029358645,-0.20780268746172564,0.7321434110832286,-0.6976985139868429,-0.2716528453838994,0.1720426944581986,-0.9584528698867507,-0.07284245436703146,0.22576708699923487,-1.3144134144263449,-0.14527989342065684,0.23417963812328257,-1.529474553636605,-0.2070411963766253,0.22266613516167943,-1.7062731842521606,-0.2539895857595937,0.029311230061892714,-0.9943981860575262,-0.1015534310486853,0.03474652441995564,-1.4208700664213656,-0.1632949979950758,0.016266009099644343,-1.6901381590151325,-0.21792625548673905,-0.020719460428602267,-1.8989808875823255,-0.25907804621138736,-0.10358079517505477,-0.9379795133440464,-0.1443436187341008,-0.17253597411103058,-1.3305803817182498,-0.21339368593880098,-0.22138973922384295,-1.5828280753391366,-0.2744772787111564,-0.2670649483120833,-1.7922292539261588,-0.31737631591579196,-0.22590750341496932,-0.7969765643066212,-0.19595258705774837,-0.39483080968179085,-1.0299764901615271,-0.2708205833533879,-0.5041528140626231,-1.1989298090973606,-0.3116412968229982,-0.5935296848753613,-1.3558975686632746,-0.3368558243617865,0.0,0.0,0.0,-0.26848218672214635,-0.1251860706551876,-0.07022392020096395,-0.505615365661522,-0.42181526186205665,-0.08738141575924607,-0.6789824876650441,-0.6513338742089618,-0.10558538004424675,-0.8511895250189224,-0.746557524547443,-0.12499168617568132,-0.363168423074851,-0.8900801434308221,-0.0016727435639116233,-0.489169734204121,-1.2140285858522932,-0.04897360371503136,-0.5521489695585889,-1.41622731074073,-0.09823392680067297,-0.593629100506531,-1.5921985788892206,-0.14066388368305116,-0.19425755311124043,-0.9806401262289617,-0.024676828987522464,-0.2743996788417739,-1.3656138990913416,-0.06302285247375826,-0.3245026108290614,-1.6093807686625654,-0.1192585457163285,-0.36811543121700685,-1.8167884220848052,-0.16490248186203074,-0.021291688906095993,-0.9808004596832818,-0.06385285910757223,-0.03435038218162993,-1.3359778718780724,-0.1271742544837904,-0.04397166192856651,-1.5700808333633143,-0.18918146827144294,-0.05990660164257759,-1.7742300698646898,-0.23544095710275773,0.14554841935383583,-0.9027749052148042,-0.11007280140606923,0.22676749386881015,-1.1507240178008318,-0.17478421068667357,0.287232293463465,-1.3156973865568944,-0.21066848404450822,0.33501463198888726,-1.465440773802861,-0.23670846092517026
Normal/Neutral,Normal/Neutral_0_1790510996,"Straight-on, medium distance, centered",0.0,0.0,0.0,0.24502480078196281,-0.1705526788017433,-0.09812494433881348,0.4492487443210246,-0.39874501010601615,-0.17079492057380546,0.6323663892264569,-0.5586363469067542,-0.24467554104331726,0.8013611806280205,-0.6355849034507148,-0.3209013497344958,0.204499224118595,-0.9276462555541192,-0.1227948190582439,0.3446185660139169,-1.257541018780004,-0.22406446660994275,0.42700882193792256,-1.4747997813295017,-0.3033770251235771,0.4820612296275803,-1.655656068257104,-0.35855398527830107,0.027155273079776315,-0.9877662689678001,-0.15355907343232636,0.028717523088189437,-1.4452849915866417,-0.23840221946876308,0.027658281809097823,-1.7323891119543302,-0.3014482342246464,0.0074827456420837385,-1.9611154265063824,-0.34421621878633,-0.1307691817988923,-0.9296672338182839,-0.19669372158288417,-0.21792853197854448,-1.3353376663645553,-0.286292669553006,-0.2752882140976898,-1.6087303271847933,-0.3535080017313352,-0.3268395196147652,-1.8320042539666284,-0.39557889602990987,-0.26313933175426996,-0.7720922238591179,-0.24823499310102257,-0.4561475548510555,-1.0063826089521644,-0.33376439104573813,-0.5786179651377896,-1.1715520473241916,-0.3717074399663866,-0.6787365521402325,-1.3248181091311384,-0.3909732359852105,0.0,0.0,0.0,-0.25716510121823777,-0.1299047112629391,-0.06380987716881481,-0.48501752274503124,-0.4242741450299645,-0.0780211290120592,-0.6481714451383314,-0.6381696230512696,-0.09311657966545826,-0.8099856496749406,-0.7078733708901795,-0.11192061504374005,-0.34593142715740716,-0.8960593203597433,-0.012849663361676948,-0.4734681881414219,-1.2226216413103033,-0.060704362997975256,-0.5379192339921038,-1.4337207733026411,-0.10898312717728455,-0.5777050950288535,-1.6189829321059301,-0.15050321383728593,-0.17631810655034896,-0.9835956093213313,-0.03809990323214793,-0.23483894893732546,-1.378382328852457,-0.07473417535023079,-0.2674792349610684,-1.6306328591542216,-0.1263428373350075,-0.293776206865327,-1.8424929409745043,-0.16845869410918196,-0.005959947430921507,-0.9737129696584617,-0.07778031777401011,0.005527420574321048,-1.3324037325302545,-0.13698733050538128,0.01586014429666171,-1.5700284931748245,-0.1953177159703357,0.016213353907352627,-1.7774478420008124,-0.23938829618028373,0.15189954879791678,-0.8850904062275032,-0.12394236750164854,0.2359068399825138,-1.1327711064550423,-0.18576036221976797,0.3005144547717359,-1.2976997522255682,-0.21782425560103547,0.3519607771784995,-1.4488552887324273,-0.2415074505667653
Normal/Neutral,Normal/Neutral_1_1790511006,"Straight-on, close to camera, centered",0.0,0.0,0.0,0.23383593658981933,-0.12707110447581654,-0.17810062109149497,0.40448503208100983,-0.40727147302462285,-0.2920675262611469,0.5545009468602161,-0.6943834147119454,-0.3823564133526444,0.6941107908571075,-0.9330819517144066,-0.47491129991262654,0.2609160685548591,-0.8433543084605128,-0.32046752788606236,0.39237967861283546,-1.2571737374959002,-0.4765054842558833,0.460407495316949,-1.5337295696154478,-0.5675892609923543,0.5122173295901067,-1.7829013655870698,-0.63193182789571,0.06960633863560228,-0.9439071699934691,-0.3227912824979417,0.16490579588501064,-1.4161932252763714,-0.48424792164140285,0.22703141959537684,-1.7452223193948209,-0.5815887873837295,0.2694495022301541,-2.0430210983935964,-0.6489617194957907,-0.12608900006517784,-0.9006611153184071,-0.33472232489196435,-0.18090036647083166,-1.3554115877803647,-0.4977622247363838,-0.21139561612911817,-1.6995485908957082,-0.6091131623007363,-0.2281279886488376,-1.9979597168000294,-0.6822547119516366,-0.3011978115731181,-0.7485470602991113,-0.35426472096392486,-0.45551748568371314,-1.062159802698007,-0.5114028505217327,-0.5562474392588197,-1.2612394682143535,-0.5988557954392423,-0.645476377083462,-1.4608151694306728,-0.6549595777886896,0.0,0.0,0.0,-0.25379219607258074,-0.11455532889712461,-0.13629712374404795,-0.47070271950633463,-0.3762812291397519,-0.21088411809757932,-0.6479474145233975,-0.6063828819729792,-0.27363819237030723,-0.81493788664846,-0.7692779831852864,-0.3365657266739702,-0.348294638940989,-0.8886360750344005,-0.14398920444065777,-0.43461746870919316,-1.2840307103923252,-0.2444026944362013,-0.473207221186983,-1.5383658805625167,-0.3187623464325409,-0.4894630579393834,-1.7615958147623958,-0.375199051701246,-0.1634242541510696,-0.9742604875418432,-0.15527078144292458,-0.22191773183935612,-1.4231929074108867,-0.25160733247700157,-0.2545983106750169,-1.7205857440260335,-0.3338902330264668,-0.28336157820282487,-1.9832278794029594,-0.39503887648901564,0.01756938532969452,-0.9523871574476832,-0.1835536627344973,0.04559869547398845,-1.3790942564108595,-0.3105595110930382,0.0685288954811176,-1.6670101756975437,-0.40599842722120155,0.07416110745957283,-1.927335382263905,-0.4691955414332444,0.19195471592529043,-0.8428178564789648,-0.21931789692413606,0.35634160481536364,-1.133428542749923,-0.34939239031965896,0.46982283222485116,-1.339740570789456,-0.42241679721174624,0.5527618115176318,-1.5343473337534894,-0.46875420670183937
Normal/Neutral,Normal/Neutral_1_1790511006,"Straight-on, close to camera, centered",0.0,0.0,0.0,0.2361419827831331,-0.10796970927278696,-0.16322854650272287,0.44447960614940374,-0.3372391255285628,-0.2689572732914393,0.6216521436253158,-0.5602565207925315,-0.35462687463300113,0.7742156412644222,-0.7403357248404384,-0.44372920838373564,0.30249432882100247,-0.8410516226755004,-0.27563128412538124,0.45652050883138756,-1.2294401331486815,-0.41929870011778353,0.5446857091514793,-1.4958903221981164,-0.5144046973087764,0.6109786345607816,-1.7300652214800312,-0.5796862584492524,0.11260878831593271,-0.9527413689397602,-0.2821402925936122,0.2130286168012432,-1.4245992319653185,-0.41216822468973185,0.2838590847938326,-1.7492759736223094,-0.4941653210479218,0.3344071617437681,-2.0299428851628627,-0.5522275005551225,-0.08499136565717207,-0.9362930917080221,-0.3008052469350656,-0.07385152601670461,-1.4060106434695046,-0.43557918823723657,-0.04370162493483053,-1.7411524275682655,-0.5309342396664217,-0.011211800628618677,-2.0192237993075817,-0.5943308813820946,-0.2741825343162366,-0.8158038785028864,-0.3284287599835167,-0.41201036780982103,-1.1519024156271234,-0.46828934531291583,-0.5026623349197035,-1.372336676606863,-0.5435346041969491,-0.5765284239346348,-1.5794558624548303,-0.5888029200768135,0.0,0.0,0.0,-0.2594060985057317,-0.11067546009967094,-0.1483279115557592,-0.4727343503012909,-0.3818689707725793,-0.21939894096331783,-0.6191175144540583,-0.6620944933502522,-0.2765002189227484,-0.7546232694858884,-0.9080486710618667,-0.33020923348990106,-0.35959706322337137,-0.8559623948698122,-0.13009382976860998,-0.4611491404403153,-1.2255976627755518,-0.23535876806508707,-0.5045800088396133,-1.4760649737211746,-0.3144199856251344,-0.5188303600050543,-1.7043292296902326,-0.3733518107001103,-0.17849941422826077,-0.9746442137463678,-0.13493189293451818,-0.2625195692132223,-1.4356753873966766,-0.22369668982052127,-0.3136396853482408,-1.7377942673765219,-0.3038857736815647,-0.3536321878587737,-2.0063388537035283,-0.36622464274819483,0.0063027441127229255,-0.9746403216763125,-0.16018618024831582,0.0019586379211120027,-1.4144433112305497,-0.27755916314985035,-0.0047687125009662976,-1.7042319279388525,-0.3665425414702035,-0.022395156434289257,-1.964524306397154,-0.42826514294434337,0.19479588222272115,-0.8792985055741133,-0.19592123304367512,0.33614233705072133,-1.1882806804229649,-0.3160676749493363,0.4327898499881055,-1.4089942278166006,-0.3840485860697355,0.5020377457468906,-1.6111684555122996,-0.42926837033523846
Normal/Neutral,Normal/Neutral_1_1790511006,"Straight-on, close to camera, centered",0.0,0.0,0.0,0.20459035095212388,-0.10139518675921678,-0.16769952379341996,0.38753524599171435,-0.28021866826039676,-0.27803741756115324,0.5427330002684291,-0.4595340820438511,-0.37089708276150524,0.6614307379368566,-0.6194244417688836,-0.4676038883492617,0.2578699791242296,-0.8491867794722463,-0.283796260972738,0.408809923624212,-1.2231006923150771,-0.42720643197449537,0.4819667341262138,-1.4831855860884282,-0.5173568550349241,0.5266847547411294,-1.7117752296967939,-0.5823417801817607,0.06147908019995849,-0.9525113720241228,-0.2982321392179088,0.09913297762899137,-1.4391340431335629,-0.42975754680236666,0.12549472977964035,-1.756516418510556,-0.5140096599910492,0.1343008663528512,-2.02513104179306,-0.5707473160379778,-0.12768177291135252,-0.8923780506225748,-0.32375746277617967,-0.19717343532478354,-1.3341304529532507,-0.4673726854025022,-0.2398039446096104,-1.6623565905723054,-0.5793485534089842,-0.2700718681505519,-1.940193115079125,-0.6538965445729245,-0.29275845588606103,-0.7060996350023383,-0.35746349041192094,-0.4899822776884111,-0.9183604017424895,-0.5080629669070502,-0.630035738136053,-1.0685721157516617,-0.592885183274491,-0.7436721388906868,-1.209772445591451,-0.643366990140407,0.0,0.0,0.0,-0.2303215146199162,-0.09598646838291028,-0.10380967424227573,-0.43942181809606995,-0.3068458218992063,-0.16997800116888814,-0.5868079038240773,-0.4871092160291486,-0.2276307500489462,-0.7222495732496332,-0.6160643325732167,-0.28996897386254694,-0.3151357540973281,-0.8941538600604768,-0.15186991624633103,-0.4155049221991945,-1.260056824324564,-0.2485547941678396,-0.4722946578209392,-1.5007404860715086,-0.3250734262272562,-0.5065013082763786,-1.7150450108583768,-0.3848867357818097,-0.130930093060025,-0.9750047404747778,-0.1795078460207371,-0.1728412790179795,-1.414910248176439,-0.2603830248665828,-0.19167943405614538,-1.7076591814041875,-0.33772661939909837,-0.20863144987842047,-1.9587764891112114,-0.3991351572925655,0.04500172301659278,-0.9344370175898554,-0.21835661407048926,0.10031500773583014,-1.350221142732115,-0.32974931584849293,0.14085091364004476,-1.6438314581510476,-0.42701246292568845,0.16656439646441434,-1.8936784997153755,-0.49744212030215257,0.20826573334736356,-0.7899925726006571,-0.2617825474934042,0.39399414078157463,-1.0497565916827285,-0.3892992415767941,0.5137246566324591,-1.231996749799454,-0.4625146722360157,0.6066622360269834,-1.3937151341067404,-0.510045264290859
Normal/Neutral,Normal/Neutral_1_1790511006,"Straight-on, close to camera, centered",0.0,0.0,0.0,0.205521923366513,-0.09513738137804616,-0.1840541924569028,0.39150505566121463,-0.27054105423425207,-0.307936177969918,0.542555281156724,-0.4305016990453478,-0.41215242291207327,0.6603883270232033,-0.578589347779765,-0.5208524787825584,0.24921201124769185,-0.8521845202939282,-0.3134491110445131,0.3904028050185048,-1.2422348162892973,-0.4714395188287875,0.4634735316961514,-1.5040329137195108,-0.5703983877391136,0.5160442813543873,-1.7246859345696293,-0.640104330925223,0.044346717202774125,-0.944575481576387,-0.32528530289282004,0.0687857720276855,-1.4378641906704925,-0.46689682549833844,0.09093375818236464,-1.7567673536005382,-0.5588240142338349,0.1001905779354648,-2.0187569988227514,-0.6210385189115613,-0.1456530719348257,-0.8661930779040083,-0.34951666580658824,-0.23027594122936285,-1.311334438719683,-0.5057695518598568,-0.27905482999558484,-1.6298376638225147,-0.6278666086541651,-0.31247370203202235,-1.8997914211819795,-0.7097156346669482,-0.305327093181993,-0.661676409567081,-0.38225957921121273,-0.49839260691218557,-0.8425285917359485,-0.5441603108158105,-0.6398251261426063,-0.9570553220018428,-0.6356677524535765,-0.7580992555237382,-1.0671092586099038,-0.6916871913901412,0.0,0.0,0.0,-0.23102706377732812,-0.12719349632714486,-0.12143980671368881,-0.43432733100991244,-0.35895973216303917,-0.20252063843589796,-0.593558589295825,-0.5513828634530531,-0.2728714608325854,-0.7463059074651708,-0.6925935794153307,-0.3476127741075142,-0.28355318206838587,-0.9154706355842424,-0.1756221419784948,-0.35175284967448145,-1.3110504915455772,-0.28219929286172046,-0.38900917718651745,-1.5623383353834437,-0.36252634580744586,-0.40472402203739605,-1.7869452958114003,-0.42389464529811294,-0.0948154519398546,-0.9753049817400262,-0.19947486725532143,-0.10789856294767028,-1.4239982903165833,-0.29604238148464224,-0.1079553668506828,-1.7281729121471745,-0.3802006773587118,-0.10250868403611009,-1.9942560087615946,-0.4448576748802594,0.07806064483921961,-0.9126666867336334,-0.23567362781591347,0.1778288561322142,-1.3257439481213353,-0.36071202463697943,0.25910694617000374,-1.6132509523341694,-0.46001967349094547,0.32363004877730744,-1.8655852502964223,-0.5288993198820712,0.23064584647266625,-0.752882176465364,-0.27717492001656824,0.42375170657793554,-0.9988544372902137,-0.41293888554057917,0.5535462806735016,-1.1735506032537497,-0.4858163996422191,0.6579230016343952,-1.338151092683302,-0.5316892480867778
Normal/Neutral,Normal/Neutral_1_1790511006,"Straight-on, close to camera, centered",0.0,0.0,0.0,0.20461166407477485,-0.12254833525145327,-0.18361769542224632,0.382899345135893,-0.32631888983307683,-0.30449178904857516,0.5246162750759753,-0.5136604583456401,-0.40907720563872807,0.6245167578255325,-0.6919278292934337,-0.5178637240364985,0.2099005981188529,-0.9021523060194369,-0.30439569964575697,0.31621375091594817,-1.3296756781446835,-0.46701870933580636,0.37065514508341274,-1.600624595429093,-0.5702247758629124,0.40240418503400777,-1.8410936291777718,-0.6410673538109751,-0.0016661062963983233,-0.9476590556674647,-0.3192797179610042,-0.031555281469477905,-1.454735246074766,-0.4704615443458446,-0.04465340895329653,-1.7940161404988013,-0.5755696755525961,-0.07188024420461141,-2.098485229882885,-0.6468725258021805,-0.18900415438931867,-0.8361843358036294,-0.3462526542289684,-0.30590077183913056,-1.205627553858168,-0.5065289657251106,-0.3826565264477006,-1.4818610723624797,-0.6245751807226826,-0.44862445152992286,-1.7347241496663897,-0.7014152900019276,-0.34002216842679955,-0.6190036903975207,-0.3834966630399237,-0.5260730518043742,-0.7701654549037549,-0.5395468461554739,-0.6644069938683482,-0.847458344309384,-0.6189424190268109,-0.7876989049354093,-0.9327489050064064,-0.6657845811927265,0.0,0.0,0.0,-0.24240607347533152,-0.1580938291839979,-0.13132556581779484,-0.42558994164412023,-0.4694099955354863,-0.2076771015932631,-0.5539316805917337,-0.7519079288787357,-0.27315069169728395,-0.6919197528739386,-0.9708371581360529,-0.33742199163531145,-0.2563024404008666,-0.956436760600889,-0.15115448386087182,-0.2820758981437996,-1.3860250915510943,-0.2587303054620143,-0.2769641707060668,-1.655995165074893,-0.3371946955350363,-0.25595646429230656,-1.8886051059085758,-0.3953491749757181,-0.07565245301857731,-0.9826910602062282,-0.16910052200697448,-0.1244252522967185,-1.4475760963637005,-0.27392763067297454,-0.14407446914319455,-1.7603128981250296,-0.36241565818664545,-0.15223560959567778,-2.0484359577695184,-0.426002519061653,0.10042526994136401,-0.9039582140066111,-0.2023090921212271,0.1760753113302302,-1.3192876915346987,-0.3429501657844134,0.2392564850725797,-1.5897647638277708,-0.4416825644235444,0.28473982142472287,-1.8371848009825447,-0.5039338694022709,0.26447990573139446,-0.7370055413436988,-0.2414882660872138,0.4596551388638936,-0.9707705600540297,-0.3897867974244629,0.5951916967897334,-1.132872703327924,-0.4662828106895011,0.6982510229055982,-1.300697272886403,-0.5110485480700961
Normal/Neutral,Normal/Neutral_1_1790511006,"Straight-on, close to camera, centered",0.0,0.0,0.0,0.21328445999478352,-0.11888050806932808,-0.19270718631088307,0.38972307886742324,-0.33475499702406997,-0.31300195580322504,0.5191942346641554,-0.5474754363665718,-0.41335658643434076,0.6156229136561497,-0.738973031434513,-0.5164311089664481,0.22495226545013738,-0.899554460883034,-0.31516437053345986,0.33037351840186696,-1.3364880725736408,-0.4799472184657182,0.3826215253097805,-1.6195821456825583,-0.5847229089184709,0.41053153315114643,-1.86354244706621,-0.6560982444615455,0.005389403570102368,-0.9465994390477755,-0.3223669591065365,-0.020803283560560114,-1.4494324074173324,-0.47738848839641057,-0.03413377394381487,-1.789936150392031,-0.5825980620087393,-0.060128280525634924,-2.092443040116767,-0.6532424494827285,-0.1879879095227519,-0.8439075957883465,-0.3420329123642846,-0.28789524972095726,-1.223731165004957,-0.5023375937270521,-0.35078135603698346,-1.5102443216071801,-0.6175437767649902,-0.40090282296651913,-1.774135884681318,-0.6922340492003164,-0.34306160363037713,-0.6374101446518885,-0.3727194155097634,-0.5249291157553292,-0.8093569151300307,-0.5307119142050156,-0.6637452325832893,-0.9053081487637655,-0.6113503486223386,-0.7830516160550826,-1.009470307745985,-0.6581246188381187,0.0,0.0,0.0,-0.2533735495687436,-0.14854495052590908,-0.12262360390534821,-0.4459654899422094,-0.4428080987606053,-0.18311126524542418,-0.5772801312248058,-0.7147693056776891,-0.23510717028760916,-0.7125834881035354,-0.9321209384925546,-0.28666875560823585,-0.31103042102046374,-0.9094557053724135,-0.10454824197488499,-0.410693353224788,-1.285698789287662,-0.19814660101545878,-0.46219870950353265,-1.5390093516234522,-0.27247911934891966,-0.49131736827301403,-1.766417975705521,-0.3297024405760847,-0.12975369988351906,-0.9841785482726875,-0.12065058013289054,-0.18660030214305703,-1.4253985836528873,-0.20502514587871096,-0.22223287571760422,-1.7201940899881947,-0.28478567376810243,-0.2500189887202464,-1.985487304265496,-0.3450329620878044,0.04873623767194534,-0.9506964623229323,-0.15449390589316617,0.06241838508162157,-1.373408243523812,-0.26692955157075293,0.06960499639726365,-1.6550350465367598,-0.3550380736440129,0.06554490716605599,-1.9122235169002304,-0.41588775544374285,0.22335683203593845,-0.8309805720421901,-0.196525683458658,0.3795694521778911,-1.1101574750312089,-0.3112339325897968,0.4910272344464366,-1.3078582509862569,-0.3751502272290206,0.5760396574472125,-1.4956930493649696,-0.41734962131563247
Normal/Neutral,Normal/Neutral_1_1790511006,"Straight-on, close to camera, centered",0.0,0.0,0.0,0.21592926829170775,-0.12705952068252452,-0.17741916277249675,0.3921283074383448,-0.3474354709529629,-0.2906775670695766,0.5173859301029055,-0.5637508925237097,-0.38545341295552954,0.6254049221231666,-0.7442421704115679,-0.48432112352280454,0.22847305947910185,-0.8807025759537497,-0.3040965516646125,0.3434400090356041,-1.309605092467573,-0.46384777009125394,0.4038152052506282,-1.594502981139318,-0.5646143914415404,0.4397994855144802,-1.841604118177118,-0.6335261687575675,0.015567634340515075,-0.9489708247183991,-0.3149794002697978,0.02318745158960807,-1.4561391011023086,-0.4642578263757472,0.030169614371839494,-1.8013496495816133,-0.5631203858227541,0.02186849368940334,-2.104429817982546,-0.6292285981550162,-0.1764231580635612,-0.8650379288481871,-0.33684863951608207,-0.26414707511733704,-1.2839199801416952,-0.4894724697171465,-0.3193381432278925,-1.5940978500487653,-0.6021932597252014,-0.3589820911084739,-1.869700316270551,-0.6758817973845016,-0.3343199957863502,-0.6691681169559685,-0.3680021178591123,-0.5126679106047939,-0.8748312025535235,-0.5176680753946987,-0.6453600005593302,-1.000656804005531,-0.5968018442152108,-0.7553232241839081,-1.1265816323005962,-0.6436224096681411,0.0,0.0,0.0,-0.25613527865590546,-0.1386073601644803,-0.13141933888738713,-0.4604315108437331,-0.40841481048475453,-0.19929345470852391,-0.611868353105239,-0.658434488532684,-0.25738185811683034,-0.7530407483369261,-0.8722978313664516,-0.3148035883822757,-0.3241776161127506,-0.8951216906894519,-0.11854899863855904,-0.42875043864489715,-1.2687350011886307,-0.21727855590230355,-0.48853510024560287,-1.520690568302254,-0.2945471193863994,-0.5240597771810068,-1.7493311258914677,-0.3533233259836816,-0.1412468663071657,-0.9812131251166852,-0.13141585085960492,-0.19469664138607665,-1.4309798396067617,-0.21927339375906896,-0.227531566633894,-1.7274959373885859,-0.2984707132359663,-0.25354368522925086,-1.9891493432890794,-0.3581409764978345,0.03805615515655176,-0.9567309833635702,-0.16243893073070334,0.053272300636384884,-1.376888536588487,-0.27400900616651425,0.061246448060581694,-1.661506399613517,-0.35676505608522724,0.05587501986226761,-1.9184238040103223,-0.41354936329287895,0.21333522626718082,-0.8464003802824942,-0.20267197412010007,0.35758516112406713,-1.1389351467002087,-0.3112961577445624,0.4586065208735713,-1.3432710369788334,-0.3676604884623992,0.5331073847823431,-1.5325475299328792,-0.4046589524677336
Normal/Neutral,Normal/Neutral_1_1790511006,"Straight-on, close to camera, centered",0.0,0.0,0.0,0.19932220224996483,-0.12198838085560493,-0.1661179674977343,0.3795435112340884,-0.3418575152573062,-0.2729617730986818,0.5029590513143718,-0.5608705330783351,-0.36201588237914467,0.593064605613593,-0.754440388882172,-0.4550999269279766,0.22837952197268732,-0.8591376843752561,-0.27897977695785486,0.3346533139159035,-1.2576306042001149,-0.43204862113739845,0.3980403000795274,-1.5299974551426097,-0.5374522038618303,0.4430470860165057,-1.7701891579495972,-0.6090433870718729,0.031756887584049195,-0.9561172248987215,-0.29125822279026153,0.06932777131364969,-1.4628918915358253,-0.41785187645747573,0.09701434710267556,-1.8010082811289916,-0.5010141445437685,0.11029216230062663,-2.085701045488137,-0.5607812912080833,-0.15770874461622816,-0.9019150597014451,-0.3167293911295428,-0.20086420529062288,-1.3745477827850066,-0.45038028005499137,-0.2312229242198241,-1.7046594644534734,-0.5486445770504034,-0.25199894003331497,-1.9764032865758157,-0.6156508658509319,-0.32856274415508696,-0.7346892210291616,-0.352203648216343,-0.4999888153242268,-1.0147393782703344,-0.49411076510289054,-0.6265095675507948,-1.1903528867156952,-0.5680071459997914,-0.7358900927504411,-1.352863910276632,-0.6125040916068502,0.0,0.0,0.0,-0.24974890464263266,-0.13267787062094938,-0.11532237731358917,-0.46150422585231243,-0.3882390889200337,-0.17913829568623527,-0.6379755884783335,-0.5871218313329168,-0.2361948054415145,-0.7866172076963565,-0.7346780056718081,-0.29518306372663566,-0.31973590943218794,-0.8902847253117935,-0.11319260154911462,-0.4264396600458561,-1.2531851889733732,-0.2105235688593837,-0.4847550754175334,-1.5014992683974113,-0.2872418603831618,-0.5177706757231697,-1.7224117570384285,-0.34555348777373024,-0.14217555761722572,-0.9808923473570065,-0.1328017835448482,-0.19741522093629688,-1.4250771261101458,-0.21906333967385802,-0.2338976878820077,-1.7210965522759016,-0.29575487165857506,-0.2642293595844682,-1.9811516009823371,-0.353361978866778,0.03418522254274167,-0.9616875046547176,-0.16901730858206968,0.04463615166225886,-1.3809230005819668,-0.2778992369410472,0.04884360183700963,-1.6606011205482014,-0.36062012725416964,0.04073829694936006,-1.9095693023475662,-0.41716684342320604,0.20627989420061255,-0.8514862291211236,-0.21341098514949228,0.3497585173192679,-1.1382877029423106,-0.3210024746107361,0.4494822814097742,-1.3428069612450988,-0.37947829215322554,0.5256865372515063,-1.5308409257623585,-0.4178084964103271
Normal/Neutral,Normal/Neutral_1_1790511006,"Straight-on, close to camera, centered",0.0,0.0,0.0,0.21366957411066403,-0.13212523890568126,-0.1621303502526671,0.39072899496887115,-0.3743016311780642,-0.26294150331132565,0.5197329956854427,-0.6090932827426646,-0.34529735771974274,0.6180409594190398,-0.8111294234491543,-0.43124368545328834,0.20591340669438207,-0.8827500874320915,-0.26498643993759674,0.3057475998431878,-1.2833797665982405,-0.41018857020193616,0.36450497916797603,-1.5548207311294278,-0.5109094446736983,0.4012340652877093,-1.801349121422949,-0.5804665007513534,0.0040918721242611126,-0.9613435428331006,-0.2753213563013609,0.02784991622863409,-1.4716871111922847,-0.4003621622605776,0.050958281595452015,-1.807764772778272,-0.4818313126315869,0.058371733369742836,-2.1008884982805553,-0.5398658726854684,-0.18432604641896197,-0.8986131333935222,-0.298721579653594,-0.23676885369694137,-1.3668899921387911,-0.4324185223060896,-0.2612311139365643,-1.7028133771711993,-0.5278817735813299,-0.28000465340746566,-1.9854036847193581,-0.5907410648178767,-0.35115976199550286,-0.7319126835030605,-0.3316605324208192,-0.5292417193101996,-1.0309747843088697,-0.47118763873060204,-0.6515122026392356,-1.222961506590632,-0.5436275221159816,-0.757121272470739,-1.4062783953649505,-0.5866858538180969,0.0,0.0,0.0,-0.2372447548246764,-0.1597802681582563,-0.11780166338463481,-0.4396235293566845,-0.4402188704516247,-0.18647772826162357,-0.6072858231152535,-0.6700304524979398,-0.24795139031569635,-0.7500440476729243,-0.8349321419825892,-0.31076620830560375,-0.24899906595801166,-0.940870264569704,-0.12537781500562395,-0.27169784011814635,-1.3440408868650293,-0.22244659963135485,-0.2727668325334883,-1.5980597003057877,-0.299321324864986,-0.2546754422532973,-1.8178076974166861,-0.3574234760641181,-0.07097826226459865,-0.9867026722735135,-0.14621874987225605,-0.09169386507723232,-1.4329203880663444,-0.24065485283549315,-0.09677897431660887,-1.7388439643868105,-0.3267390318650581,-0.09450318068739368,-2.0102079104365362,-0.38953948001077415,0.10173955966733829,-0.9316067854735749,-0.18229911484818978,0.17808687397857004,-1.3450083825688568,-0.30606552007524057,0.24197967383950764,-1.6272827822760785,-0.4036095723520758,0.2907494636847614,-1.8819466223747436,-0.4682235214045562,0.26216901708859847,-0.7885407052708561,-0.2247489409388218,0.44769437780948346,-1.0294760080613403,-0.35478885701893287,0.5794395892053528,-1.1962312967390876,-0.42587215863768196,0.6839142461196331,-1.3597280627204587,-0.4694153106702604
Normal/Neutral,Normal/Neutral_1_1790511006,"Straight-on, close to camera, centered",0.0,0.0,0.0,0.2164374102482647,-0.17379683603169013,-0.15741489590391128,0.3656727154860934,-0.4790055763623331,-0.23820981696625543,0.44255980465089906,-0.782046405738418,-0.300501448677008,0.5154115563111262,-1.0404949489513295,-0.36319119392547355,0.16904385365252464,-0.9288074818138754,-0.207199169026699,0.2309374588972549,-1.335278682828511,-0.3240656385578946,0.24947136483208193,-1.6111693400468092,-0.4071450486846564,0.2522672368198263,-1.853503177178755,-0.4665308150944127,-0.014259774318557884,-0.9783349043331175,-0.2065368582115393,0.013374298760184585,-1.4398937518904578,-0.312392198203459,0.025075776199019267,-1.7560204985871941,-0.3902064702664738,0.026320030658840737,-2.03245352536674,-0.44779929995758666,-0.18945071518973028,-0.9205985369599181,-0.22104267536003702,-0.22277501032612096,-1.3458039087979454,-0.33579171374934647,-0.22833175148195625,-1.6490879294061005,-0.42349846180562206,-0.22537645122857625,-1.9025180086549622,-0.48319189603439716,-0.3563045634461867,-0.7770342109360974,-0.24660387623459898,-0.508217562619584,-1.0741415399507732,-0.3698424915369282,-0.6104276680490957,-1.2776629097469039,-0.44165743704037974,-0.6969606897150008,-1.4721054884991809,-0.48690075823476986,0.0,0.0,0.0,-0.23999609073035652,-0.17038059095572375,-0.1220859423590613,-0.4377824221034066,-0.47848180542126784,-0.1850629278428058,-0.5855801199372417,-0.7426690735617731,-0.23982661687164733,-0.7272097804202278,-0.9328823750972571,-0.29323390288920775,-0.24723510211014088,-0.9456368844936105,-0.10957434615404706,-0.2624715947301746,-1.3642848987974445,-0.20229632939234507,-0.2579463009953809,-1.6308250644257627,-0.2741504775739459,-0.23787000490274054,-1.8571571200629078,-0.32837626378888435,-0.07320291635504374,-0.9894970450953712,-0.12464722533873587,-0.10633966233102314,-1.449957533702196,-0.2114649263852944,-0.11433459102847286,-1.7527169142237895,-0.28759456096573466,-0.11488357005488155,-2.0186298836213385,-0.343501219404798,0.10130750652601488,-0.9410384786400557,-0.1574426142963846,0.1525766049282217,-1.3740643283985725,-0.2745487882034936,0.19400054575220982,-1.6575442619922283,-0.3629470146353661,0.2209486517104575,-1.9160916868169249,-0.4215513917458009,0.27537305766199305,-0.8093114079482802,-0.19812684189137292,0.4514447251140041,-1.0666906797931692,-0.31769138800126556,0.5703789982674315,-1.2464396497970358,-0.38399455326327026,0.6608035562426876,-1.4235544867939147,-0.42622897200726606
Normal/Neutral,Normal/Neutral_1_1790511006,"Straight-on, close to camera, centered",0.0,0.0,0.0,0.20837145322088899,-0.18386014910475315,-0.13510275149650613,0.33954385605689524,-0.5026494865908383,-0.2034749376587717,0.40246181902753125,-0.8127905856770667,-0.25785712524237564,0.47339487332902486,-1.063742725098703,-0.3136081174977909,0.17232518358000665,-0.9279743945083314,-0.18359215037189058,0.23518360108047454,-1.3205484468139017,-0.29276773232615155,0.261483725658174,-1.5747580537913322,-0.36826994856611717,0.27530869307689443,-1.7985915089998434,-0.4221966302433252,-0.01235992015732379,-0.9817475115519482,-0.18978686976517095,0.011869792329261946,-1.4286645556142088,-0.28518290572087884,0.02409956794190121,-1.7215915928971302,-0.35171399973128564,0.027823573832952263,-1.9718900873781022,-0.40112320883441727,-0.18519395069612787,-0.9184522013983837,-0.20989799233114959,-0.22932896001254946,-1.331028280159582,-0.31279120955037143,-0.2521262778390896,-1.6178021443552224,-0.3896900974033793,-0.261966463241183,-1.860478903356632,-0.44353059484744933,-0.34335406735657154,-0.7615987605301379,-0.23980330714089834,-0.49449006313883354,-1.0333684367726628,-0.3515739874095391,-0.595865040272668,-1.225360481195986,-0.41474993134143306,-0.6799415924619615,-1.4117194224990717,-0.4545764913184969,0.0,0.0,0.0,-0.2440764233209208,-0.17056174765227178,-0.10815772801766795,-0.4430841626700677,-0.4788475957142731,-0.16496373251297183,-0.5983977979341566,-0.7217664780779595,-0.2148702264008821,-0.7326317752426237,-0.8870741877382455,-0.26697691184309463,-0.22453877012862236,-0.9446856651060374,-0.11291906463685177,-0.2652479123780439,-1.3436623935269223,-0.20061725915414022,-0.2767136297898522,-1.599618586082727,-0.2684631910043036,-0.2717374304939607,-1.8139518357425404,-0.3216200931866473,-0.04257066151325336,-0.9898331903181965,-0.13571291067111185,-0.059485806078002024,-1.442031183879108,-0.2165244040273851,-0.06575341406651881,-1.7407758887439673,-0.2921972458923679,-0.0662019251044996,-1.9917434333869775,-0.3488600574655248,0.13046042265424093,-0.926828575195634,-0.17327171842593111,0.2002278842203714,-1.344631761912711,-0.28644393266557433,0.2473601519622275,-1.627080505592689,-0.3823103255018496,0.2815279970660056,-1.8808393368503895,-0.4487605463891413,0.29205898572166805,-0.771606951447784,-0.21630738764974586,0.4865812538615316,-0.9860625222997739,-0.34039574218232804,0.6153354943411208,-1.1444008106417984,-0.41312809444452325,0.7180914298705304,-1.2996211714864843,-0.46014277688106797
Normal/Neutral,Normal/Neutral_1_1790511006,"Straight-on, close to camera, centered",0.0,0.0,0.0,0.21090722746322657,-0.18711070303156344,-0.12835033013148917,0.3384081907544008,-0.5113617113880919,-0.18991834073438407,0.39713952482081893,-0.8231570791734176,-0.23821512670826936,0.46929519274731496,-1.0673764706315851,-0.2877176953411007,0.1693209208004101,-0.9360076534226887,-0.17132500927820504,0.23342276471558565,-1.3238668771456195,-0.27334027866762184,0.26243352547936893,-1.5757577625374164,-0.34427248612645933,0.2781968148511476,-1.7934121750243128,-0.395329183068916,-0.015386992531906053,-0.9839099584622978,-0.1780012193765609,0.007619346507451383,-1.4210544909708882,-0.26463562440045707,0.016820709228010093,-1.7070108934659078,-0.3247716481166924,0.016421967055834256,-1.9478231509852084,-0.3693784130218367,-0.1877427163358904,-0.9160900368130023,-0.1986242818110136,-0.23779428851495368,-1.3211917479350617,-0.2960850156713665,-0.2673891131090741,-1.6054494775556614,-0.3728032669598904,-0.2843377438550227,-1.8462073093631741,-0.4270358729470643,-0.34336426357455985,-0.7532160736214697,-0.228433265252448,-0.509918544025755,-0.998269823898487,-0.34080618004745095,-0.6247764566590894,-1.165762547068517,-0.40540101965428604,-0.7217780104928975,-1.3293357751803374,-0.4452931678234277,0.0,0.0,0.0,-0.2408760567675375,-0.17597079229888016,-0.09727815304141398,-0.43550869846133256,-0.49750847080686134,-0.14435714468210234,-0.5813630469200411,-0.7378169189983581,-0.18604744589805905,-0.7133139294787356,-0.8874507447438066,-0.2314593326977097,-0.21129956374506462,-0.9547299370639718,-0.09872538985595365,-0.2451551580759417,-1.3437869842968182,-0.17782052300365106,-0.25213669003009803,-1.5896831918591785,-0.24093521527538128,-0.24508074978414385,-1.7971971222358076,-0.291757952163403,-0.033535834957011956,-0.9915855952077924,-0.12503341613402327,-0.03254301065110474,-1.4307002408269118,-0.1981080240590562,-0.031167795531473728,-1.7243483711341396,-0.2709456005341683,-0.02742257817764795,-1.968110202719665,-0.32614870181355654,0.1297213103620175,-0.920476963198721,-0.1652196594552979,0.21034653092373992,-1.3264097931676078,-0.27070187769110016,0.26049539991254195,-1.6042728378218034,-0.3657025304161589,0.29887562507104115,-1.8562015593528836,-0.4333832509344491,0.27734736128897786,-0.7554898697046788,-0.21039377875178153,0.4690900348917461,-0.9467341683458369,-0.3321602717217256,0.5935133678154654,-1.0929817922844556,-0.405066613413748,0.6940198772592648,-1.2391982789402956,-0.45274613528476176
Normal/Neutral,Normal/Neutral_1_1790511006,"Straight-on, close to camera, centered",0.0,0.0,0.0,0.20558404831593335,-0.19299787683576533,-0.13935105191411126,0.32966557674646774,-0.5352493686622324,-0.20834339091933474,0.39124503432491803,-0.8531187428482355,-0.2635154937491926,0.45425964911419364,-1.0925390667576507,-0.320492440099751,0.13386575886736646,-0.952201682166076,-0.1857243022053957,0.18183139308957894,-1.3295288025347016,-0.2954614804657613,0.19192501306328497,-1.5765134442205169,-0.3657960636706847,0.19049053958624276,-1.775096913264255,-0.4178047866860905,-0.06569485121921144,-0.9786188479453539,-0.19490853488083562,-0.15837757225982116,-1.423743899183428,-0.29986301669476945,-0.2008250902517852,-1.6969136644958656,-0.36401856950130995,-0.2370622115580645,-1.9158311198502236,-0.4051793005133915,-0.21496812355617867,-0.8764703027440514,-0.21814093279825744,-0.3774744649988938,-1.2725513006504445,-0.33827868476760053,-0.47862574174411515,-1.5479640546384954,-0.42413385391651265,-0.5537496236998138,-1.7973597980438552,-0.4795180851525918,-0.31590957949669685,-0.673283425071831,-0.24996241586625123,-0.520821731170604,-0.8631718515952901,-0.3838423194762565,-0.6682821261149188,-0.9973142662446624,-0.45770813127096494,-0.7938796205427742,-1.1370709899208995,-0.4999186927737071,0.0,0.0,0.0,-0.2037790852126264,-0.20209888647943752,-0.08012346133258567,-0.369476728246368,-0.5380031651803203,-0.1291949144055888,-0.5002049086354629,-0.761469596694438,-0.1753053651135449,-0.6267094437475826,-0.9205336342654429,-0.22943236066987618,-0.1276581742980683,-1.0024976808195114,-0.07720241705497354,-0.09509741083445165,-1.3647039962136474,-0.16365533646158884,-0.05113914617536747,-1.5906419069300792,-0.23945768605580783,-0.001458802331013547,-1.778042792472426,-0.29681691821368966,0.031610146039467664,-0.9928412668714193,-0.11518253975546246,0.15772503068950025,-1.4118381913612186,-0.18477456489486674,0.2442933658059762,-1.6812611296752908,-0.25521276924510744,0.32064359943816584,-1.9072760517521214,-0.30931041266451487,0.14830712677922758,-0.8807885665584141,-0.16777496010717158,0.29262119200384334,-1.248090782216777,-0.2568737151381966,0.39201250409317756,-1.493822954421593,-0.33054929018068113,0.4808457838512728,-1.7149561668950482,-0.3864851632476861,0.22655895554678138,-0.689007220793532,-0.22592014724098158,0.3405552244383621,-0.8658272858477032,-0.3160899569070013,0.40871631319952867,-0.9543105467209924,-0.35234661264944583,0.46599348997808515,-1.0419013765313228,-0.37904685662260823
Normal/Neutral,Normal/Neutral_1_1790511006,"Straight-on, close to camera, centered",0.0,0.0,0.0,0.21565204478045055,-0.20587193325647693,-0.1234886855909811,0.34347421964234015,-0.5667112764689525,-0.17525874631920996,0.40003460898339405,-0.875337292360311,-0.21700507773412156,0.45840908368594757,-1.1050524536318784,-0.26185335680237376,0.13382369829193175,-0.9727259700846926,-0.1436788894381625,0.1854872241882627,-1.3427570249158263,-0.2460158556265391,0.1894539204426241,-1.5862698678868745,-0.31940810005673004,0.1840129610595986,-1.7882734813074501,-0.37535324777196577,-0.055716668915595846,-0.9855991036335306,-0.15965606697439,-0.16619438098416192,-1.432608409208273,-0.2597106656757847,-0.22419942543690044,-1.6988918487354892,-0.33233759689628506,-0.2690908414408395,-1.9128158659089014,-0.3793267733207546,-0.19022571715968245,-0.8671812129851967,-0.18913881178564373,-0.3392951885216845,-1.275425195774268,-0.3046155673750487,-0.44049398579749616,-1.554298137014674,-0.3906967705214507,-0.5189663392023143,-1.8179023319572365,-0.44641771855190926,-0.27785092436233444,-0.6500215798482119,-0.22626030611329243,-0.4362530804048609,-0.8407162274841132,-0.3529353972399864,-0.5492977859338536,-0.9887920148952409,-0.42023532752529524,-0.6465507422373368,-1.1452942007153362,-0.45834196918578407,0.0,0.0,0.0,-0.2186810987952242,-0.210925748355442,-0.08158012327395886,-0.3687325128992156,-0.547525091458449,-0.13243120141600948,-0.48838871172190595,-0.7719867128169774,-0.1809534885142317,-0.6088344884164976,-0.9465272290647102,-0.23733735253830207,-0.11823902135820173,-1.0042126932218802,-0.07274590939507228,-0.07591729414560236,-1.339020648408134,-0.16246483595820937,-0.03148154725270885,-1.557932879786218,-0.2438706015901686,0.025449666901548793,-1.7397797292588844,-0.3072738592632695,0.03556686202258205,-0.9926587136690695,-0.11560136894835964,0.16192652398591093,-1.3818761797211552,-0.17665530125378245,0.258318967800739,-1.6507033338329618,-0.24764348551867144,0.3485952742968685,-1.8627993178486602,-0.30504707744114656,0.14450723498422272,-0.8656827570312298,-0.17507978869646934,0.2611291231394588,-1.22944817155061,-0.25859439626792396,0.34511424272604996,-1.4709666179750007,-0.34451108917139983,0.4328790910157605,-1.6807225722685488,-0.4130768524996809,0.21606966271956676,-0.6584189189358294,-0.24051666202803754,0.23150387876277026,-0.7944322743790575,-0.3418310949499858,0.22871333039133923,-0.8743490365728901,-0.3976865313336961,0.23858146403600095,-0.953366174582921,-0.43869127975022654
Normal/Neutral,Normal/Neutral_1_1790511006,"Straight-on, close to camera, centered",0.0,0.0,0.0,0.21225813820633016,-0.22570095561791284,-0.09805986954538948,0.3448782778893081,-0.5487921765814288,-0.1441653416074908,0.43296242412220876,-0.821963870466486,-0.1925573568016044,0.4844111021524894,-1.0691870801088308,-0.2395362648211662,0.1613583387721886,-1.0015389591826862,-0.09120102118150607,0.18293110687617556,-1.3938767988790282,-0.18587647376416677,0.18849733602573468,-1.6243433266851928,-0.24687561296618152,0.18758869861910707,-1.8275811815460579,-0.28557786825393483,-0.007122309209993973,-0.9927440531155141,-0.12003548523373612,-0.07671091002147898,-1.4817777215690138,-0.2312499756926482,-0.11377843201081454,-1.7900096188064598,-0.31734537205303803,-0.1408969684220322,-2.0448472539181557,-0.3669254031551851,-0.159837372157298,-0.8608236302383567,-0.15883558954972132,-0.18514783013385533,-1.128143435213863,-0.32742517501662344,-0.11493523963407073,-1.0659430025572072,-0.4055994312808875,-0.060598854723172536,-0.9867691351411241,-0.4245598998421786,-0.2937160296507195,-0.657220736349628,-0.20115264865109297,-0.25775154507103726,-0.7101931091071096,-0.3608964509563235,-0.1339909721171705,-0.5916840863481532,-0.4084719575365517,-0.03687941424534849,-0.47796351671940723,-0.4133587547153729,0.0,0.0,0.0,-0.23060273402351608,-0.24453628091558716,-0.07960124155330611,-0.3968465525641,-0.5804273463638016,-0.13769832377082375,-0.518647891225036,-0.8249445355679157,-0.19875060444617618,-0.6642866493613832,-1.0040597591513936,-0.26392302059037637,-0.21454282413778175,-1.0086328856431435,-0.09197728993137809,-0.21337388212046343,-1.4369599691846355,-0.19972728253248465,-0.20924515774428837,-1.7083504435286403,-0.28527050756168454,-0.20526576457666465,-1.9468441977630169,-0.34737005603624843,-0.09192035285665971,-0.987076831175335,-0.13126301111724725,-0.11068996258363888,-1.4257911289460732,-0.237729877671712,-0.13818032586316986,-1.7113338542432806,-0.32371932419988214,-0.17079879845509224,-1.9654451955431256,-0.3821535948686074,0.04328563558049079,-0.8980449975564891,-0.18346173506636704,0.015810961529200022,-1.2889553510404042,-0.2937171013020811,-0.01778043224046126,-1.5501099271455998,-0.3591400725310089,-0.04858764959144832,-1.7773546937585967,-0.40117522463837274,0.18949582187310468,-0.7456955973507989,-0.24355944198224638,0.2579441441481882,-1.0278221349688366,-0.33759309135182114,0.3199627182474823,-1.2129388664078848,-0.3754567281306861,0.377897556360013,-1.3818266979606357,-0.3990209329281734
Normal/Neutral,Normal/Neutral_1_1790511006,"Straight-on, close to camera, centered",0.0,0.0,0.0,0.2274392165274863,-0.2180303230128315,-0.09874617492748819,0.3824109927848994,-0.539881566929051,-0.13763311575870504,0.4674321708474571,-0.823940915194621,-0.17243256457287187,0.4765529557506521,-1.069629296658852,-0.20719515398927127,0.2452056533913154,-0.977024864263475,-0.08085014902892315,0.2989057106789793,-1.360326512667984,-0.16193478253634647,0.33310138115325705,-1.5928815788470176,-0.23001377950294627,0.36212978524503997,-1.7991662399060253,-0.276996542395974,0.0864354373657199,-0.9914808369766461,-0.09744057201949315,0.1308123110340059,-1.3775646046456753,-0.16761498489657733,0.19087727168338842,-1.616245304564704,-0.2375493686389024,0.2533551822309535,-1.8261803233655216,-0.2930264792896774,-0.07737711665580677,-0.9341651293913393,-0.1306811548516512,-0.06434442534003748,-1.2586458534674936,-0.20784824313760042,0.004250511133120478,-1.478324457860602,-0.2764285187076189,0.08266461625337318,-1.6634077498294897,-0.32667403452334837,-0.25482513915671773,-0.8270870483430564,-0.17469689157933835,-0.35963531428104895,-1.1283303560208797,-0.249951756197407,-0.4095851263549637,-1.352988511998986,-0.29883005648708116,-0.4377371444659855,-1.566185662302749,-0.33571380470275847,0.0,0.0,0.0,-0.23663731572269514,-0.13987933532537994,-0.11401442683423244,-0.4304537898732089,-0.4288416127736013,-0.18125608414302574,-0.551089482763124,-0.6865543539452837,-0.24085768301019872,-0.6780057121542348,-0.896170703054899,-0.3044421674246385,-0.28335982236542895,-0.9038068244826021,-0.15535025565235264,-0.3923344412264696,-1.2543508382013904,-0.26533370122023714,-0.45380560399301284,-1.4996872450298429,-0.34879606054454987,-0.49550472167332954,-1.732455932887456,-0.4132800141813988,-0.08924514650023091,-0.9784716793930249,-0.18608728181137368,-0.10715709096824601,-1.4436630794754524,-0.2855648960396355,-0.11853036566783208,-1.7769066741417716,-0.3724643287126726,-0.12901500696312967,-2.07390758754149,-0.43873874477661007,0.09225644443559557,-0.9205072763255208,-0.23026408154379757,0.11338465235862911,-1.3427202579606945,-0.36487875035660405,0.1165783773119563,-1.6382822710323546,-0.47017615005976765,0.1149436617106574,-1.903624872936826,-0.5413688717299463,0.26930273223368445,-0.7651464946162158,-0.27924636193622937,0.46443722714122004,-1.0496916110064847,-0.42210918326379726,0.6030777154206475,-1.2462269604806766,-0.5017383358084851,0.713050770642934,-1.424270914092945,-0.5531625280134276
Normal/Neutral,Normal/Neutral_1_1790511006,"Straight-on, close to camera, centered",0.0,0.0,0.0,0.21691101518920677,-0.16570758746334768,-0.12988832757615287,0.3734725873519525,-0.45078809798596015,-0.19257501372786004,0.4621887373648407,-0.7263665500943911,-0.2432344115442287,0.47482619368424445,-0.9613384113555057,-0.2940130991347836,0.24550899688808947,-0.9215378775875139,-0.15383070512355687,0.33950879784788607,-1.303610736850548,-0.2643725099292919,0.39381529281629823,-1.5656397103478759,-0.3490082101631031,0.4306083083991933,-1.7887087473066126,-0.40850240119674985,0.06197287517162339,-0.983948952730992,-0.1673434228242819,0.08804009195793665,-1.426945225738921,-0.27038351060309923,0.11531301249475669,-1.743120168180808,-0.3538751698216899,0.13919288183975445,-2.0078200963120985,-0.41264320605530064,-0.11379649248514359,-0.9366210110085291,-0.19658525591729112,-0.1298841761194723,-1.3597354144969935,-0.31169914399594256,-0.11444599159963179,-1.6681717400249356,-0.4067742664034452,-0.08742549372616254,-1.924134453117492,-0.4681548185836831,-0.277295855105759,-0.8019609602215326,-0.234878400720566,-0.41432736225412475,-1.10365528293081,-0.3623084901588065,-0.5075937937611279,-1.3235709755355902,-0.43923546919603634,-0.5791069199149674,-1.5313812022786681,-0.4847288599970225,0.0,0.0,0.0,-0.23370793624202713,-0.12375915103256414,-0.12666363770928057,-0.42007540866090054,-0.376446201662611,-0.2046846065817034,-0.5380066821909743,-0.6092543414270365,-0.2719542469751197,-0.6578046012742234,-0.8102867678794248,-0.34415044878780504,-0.27931718936286676,-0.8947128269514696,-0.17193071838345783,-0.36999813511655516,-1.2489717418366892,-0.28665403321870014,-0.41514124921353274,-1.5009064927096025,-0.3734723789253312,-0.43314040792750835,-1.732421353116259,-0.438225718619286,-0.07969514687632018,-0.9771901817668719,-0.1968451986277284,-0.09008374074512186,-1.4475999622479112,-0.298209090607534,-0.09138471310634076,-1.7741501983116847,-0.3883659861169447,-0.0898732753667848,-2.060335340248418,-0.4548322062704252,0.10555427570781321,-0.9235519024033163,-0.2348150618842942,0.15933140903487458,-1.34498013996721,-0.3663018348824296,0.1998372566324454,-1.654541850029501,-0.47473870747558045,0.22518142910954153,-1.9319240115863032,-0.5486249244319816,0.27576378157175535,-0.7666319175363018,-0.2781892600645174,0.4705306841031618,-1.0205071098103002,-0.4156125623669562,0.6064816310230778,-1.2023881365875282,-0.4916618429477376,0.7135500037802817,-1.3715144485706336,-0.5399671613640891
Normal/Neutral,Normal/Neutral_1_1790511006,"Straight-on, close to camera, centered",0.0,0.0,0.0,0.21141501411358068,-0.14651316023577587,-0.12514586071963454,0.36212841227636694,-0.40983843389192054,-0.1849028162638458,0.4615640533495273,-0.6597517697344357,-0.23392648685070883,0.4989796342152703,-0.8704700850529523,-0.2829794043579078,0.2208733903888533,-0.9037692374827511,-0.1494334516235033,0.30064412800101276,-1.270502290080907,-0.25274093998123104,0.3432592669728088,-1.5168579562284314,-0.3345510778766413,0.3720851526181032,-1.7389260638726638,-0.3932454349160165,0.0521818627746944,-0.9856327931285239,-0.1606395041919251,0.10866721331333125,-1.4263046523821539,-0.2464473008102313,0.1437452437913939,-1.7184555524789813,-0.3165874206827466,0.17068550228923646,-1.970639693521704,-0.36949870683471253,-0.11971879073346446,-0.9529225535761551,-0.1870397422821904,-0.11760000903792803,-1.3760512719173534,-0.2821543344789762,-0.10572243292233847,-1.6654324843382866,-0.3624726634334085,-0.08779968685629926,-1.9056524317243952,-0.4188927808114732,-0.28885189500377434,-0.8259622340076556,-0.22345695338579963,-0.41130937686166913,-1.1146650215586387,-0.32743314644054455,-0.49223603743901295,-1.3159054338544798,-0.3873785113367725,-0.5586718210071717,-1.5032236208580967,-0.42589821744615947,0.0,0.0,0.0,-0.23415203674825846,-0.10604911064661846,-0.13095475355583966,-0.4220018738330826,-0.3481860500716282,-0.20711445007190718,-0.5414013397650232,-0.5793451208521087,-0.27221492610607045,-0.6723505798519386,-0.7687362926058258,-0.34028882691744977,-0.2836070679289249,-0.8913857376880778,-0.15311969790052105,-0.3733232792907428,-1.2629062956228398,-0.25806647602954874,-0.4150565624942251,-1.5195111603267366,-0.3394169176052349,-0.4309852382942592,-1.7528353019681886,-0.40171856009452395,-0.09421626838836135,-0.9809632996501946,-0.1698066533159847,-0.12810962593840408,-1.4414626216362834,-0.26241571693893395,-0.14630749922911826,-1.7439327077613347,-0.3457662924219203,-0.16039576709137368,-2.012449044752178,-0.4100447357064458,0.08657063800108027,-0.9474166586526932,-0.20133214199467078,0.1277658870910912,-1.3769789260608916,-0.3150340016051322,0.15586853850462037,-1.661555609254841,-0.40485771277836274,0.1663208421763225,-1.9187471749420368,-0.46920043262184363,0.25930508502639943,-0.8172178002833553,-0.24122994908465908,0.41753382713774534,-1.1031149096395598,-0.3538403168856271,0.5260862573486332,-1.2977421899309856,-0.41559406161287554,0.605964688955277,-1.4823461422101876,-0.4581701749759508
Normal/Neutral,Normal/Neutral_1_1790511006,"Straight-on, close to camera, centered",0.0,0.0,0.0,0.1949077164353302,-0.14454098194122356,-0.1431789232077054,0.33541782148612265,-0.38399051770914555,-0.2137061501792494,0.4234475214384218,-0.6198538240353288,-0.27214139716260566,0.4574232546450612,-0.8206846877913451,-0.32901647397690476,0.18654379381612887,-0.9261819967038045,-0.15405440915038035,0.2602394067267152,-1.2989872298477783,-0.25292265303677725,0.2827393568461895,-1.5495022405303276,-0.33394965942683313,0.2895222454573986,-1.7732640165195148,-0.3948861952375275,-0.0009454635422442142,-0.9871767791473408,-0.1596280451893489,-0.03643770818053142,-1.4373079331766008,-0.248221152752005,-0.05529164997166036,-1.7267552871075202,-0.3245424189222133,-0.07128850521534241,-1.9713521880160076,-0.38112403765587755,-0.16692280159236134,-0.9307869859911689,-0.18019779635044395,-0.2093525875232193,-1.326568049492379,-0.27571131754714867,-0.2217893036187203,-1.6025164576527609,-0.3530306056627132,-0.22869059556537472,-1.8346436675251367,-0.4065556300128363,-0.3111722565124893,-0.7826109104059524,-0.21321230269186103,-0.4475157857606623,-1.0501207562979848,-0.3198077757786096,-0.5422146097295749,-1.235658300175938,-0.3774599361392404,-0.6244305191024876,-1.4073670229385815,-0.41123458727646545,0.0,0.0,0.0,-0.23583656958657093,-0.12152070820332514,-0.1297101877175895,-0.41974200131985645,-0.3600848451088283,-0.20489665263533138,-0.5453534247050021,-0.5867136269989598,-0.2681187883793686,-0.6753020706880051,-0.7797945116312975,-0.3326278899320565,-0.2831113149599235,-0.9043439730752858,-0.14203449128945464,-0.35729151825813094,-1.2795048266378488,-0.23846975468603232,-0.39157094489277045,-1.5223544141341565,-0.3137967987685387,-0.4019963738638555,-1.7408077603140952,-0.37148477944289415,-0.09182355833325877,-0.9835311652520633,-0.15567556363455676,-0.1068788579841724,-1.425456835797407,-0.2415659023639465,-0.10978844478053192,-1.7067326060371073,-0.32101583747651624,-0.11116848666677423,-1.9563962979423706,-0.382638672343039,0.08342250566601532,-0.9442694549773069,-0.18476887705833017,0.16656271765146982,-1.353272852097451,-0.2955488011879618,0.23624838411284593,-1.6198853366905173,-0.3818581866296995,0.28201574662822315,-1.8613619668910215,-0.4420851074025546,0.2395737818711126,-0.8104934952518741,-0.22163958347403792,0.40028553610097145,-1.0849154692105452,-0.33374235050492695,0.5091424480668857,-1.2704521733064023,-0.39269256904245925,0.5904056068983923,-1.4489199093936727,-0.4315877880041324
Normal/Neutral,Normal/Neutral_1_1790511006,"Straight-on, close to camera, centered",0.0,0.0,0.0,0.18193805365992283,-0.13984550896204437,-0.14683766353511152,0.31804287142924303,-0.3804051331077573,-0.22761002555683588,0.3986987595387793,-0.619365182192754,-0.2963804188783299,0.4114558674363623,-0.8047054847493047,-0.36278319814287824,0.1644098987894315,-0.9205874255843959,-0.17368086127976615,0.22648093394055363,-1.3028103031668818,-0.2850571716348572,0.2479729173014914,-1.5577785434417766,-0.3673964834978085,0.257166090473807,-1.780146779368277,-0.42592662822456934,-0.023693883011277523,-0.9838039545263885,-0.17767492497842127,-0.04748549556679601,-1.4393578887902045,-0.27523228403987854,-0.06404720919457983,-1.7373422409168617,-0.3465684223098037,-0.08130818376471143,-1.9891715301317487,-0.39564887990244263,-0.18883268305762793,-0.9265924698226689,-0.19703140716835094,-0.2718266910237655,-1.3205858085498157,-0.2964176153857706,-0.3198259659587689,-1.5962687879931328,-0.3725739785026391,-0.3513322218260263,-1.8263709751827655,-0.4228361870878457,-0.3278361566043198,-0.776756254491735,-0.2292393452994281,-0.48092132613455,-1.0185425701914745,-0.33144251056800006,-0.5887749164130502,-1.1843625130160547,-0.3875660913596533,-0.6798134309945661,-1.3372768123948204,-0.4202403634821631,0.0,0.0,0.0,-0.2380137651758018,-0.1141686248034671,-0.13149161111461813,-0.42571927596668857,-0.34680182317471586,-0.20584271836295467,-0.5628016782869054,-0.5687752202862969,-0.2679608735548349,-0.7034281795287289,-0.7519506322054168,-0.33016792074075363,-0.295740452292725,-0.8987410355030768,-0.13249564958010793,-0.35273881314805994,-1.2642848195582899,-0.22395307109039,-0.37677303692859954,-1.4993472800566994,-0.29730728742288465,-0.3791642994247209,-1.7105009155569992,-0.3545986073384708,-0.11588693192894332,-0.982705563099576,-0.14442989739400106,-0.14875335566678022,-1.409019261866095,-0.23101715726295585,-0.1647698382486334,-1.6930086901611379,-0.31321630795291155,-0.17823925984710373,-1.9516193410640308,-0.3765447061557402,0.054249901827443346,-0.9476997601342216,-0.17252327342852708,0.13201650865079467,-1.3423237570707567,-0.2887954379265462,0.19624746594729273,-1.6079151211462088,-0.3815490087565193,0.23501776569428223,-1.8500252465480564,-0.44466286737577143,0.2097534395718105,-0.8197088600154899,-0.2081862777508248,0.368328071306656,-1.0895408019643136,-0.3269512067356136,0.475077358624995,-1.2701396579483393,-0.39194453162983933,0.5538013751999148,-1.4438242096388125,-0.43421165694791636
Normal/Neutral,Normal/Neutral_1_1790511006,"Straight-on, close to camera, centered",0.0,0.0,0.0,0.1890740551633245,-0.18519575934495028,-0.12880025488531527,0.32153952038810296,-0.4705477349018572,-0.19005956115445094,0.3807945206744353,-0.7554263625096572,-0.24344028087750352,0.3665027838892792,-0.9838307806839857,-0.2959535382889064,0.14103993400750278,-0.9375397128671475,-0.14622261677675297,0.20094882529656022,-1.3120549718063719,-0.2430362409252832,0.22292005926760697,-1.5371839453870972,-0.3085968998814431,0.2317368065604355,-1.729702222951258,-0.35612766101419746,-0.048016665808457676,-0.9863847375865423,-0.15728810908955243,-0.10204977913924089,-1.4183502507993435,-0.24517559054523005,-0.1290274891002047,-1.6937113502569061,-0.30773874281011615,-0.1572509889138479,-1.9116875674280789,-0.3497557533115434,-0.2064821276282436,-0.9020170541962074,-0.18420352741874657,-0.35704065935383694,-1.281491514226238,-0.28878229974685077,-0.4625526724165619,-1.545082917896462,-0.37723053423659786,-0.540207320133147,-1.7773810764489648,-0.4363033657261752,-0.33155974542933875,-0.711846007459939,-0.2205689413839278,-0.5169615463255272,-0.9012698968766842,-0.3384104620483499,-0.6523746977709779,-1.0174641546990544,-0.40839752756492886,-0.7668451972584359,-1.1291519381115156,-0.44973765135478744,0.0,0.0,0.0,-0.2672241450615697,-0.16697108234961525,-0.115685064291742,-0.456041095995888,-0.4736115745862393,-0.17047139177452733,-0.5701293343214083,-0.7536335732895026,-0.2157948227194567,-0.6853011446430245,-0.9686771195927399,-0.26087620793812405,-0.24961798788110307,-0.939536772697734,-0.11403256980379357,-0.2751193073599524,-1.335740908782388,-0.196321922533216,-0.2809904175778229,-1.5768371881185854,-0.26099013401820137,-0.27132359618826263,-1.7895175469596056,-0.3113105851186018,-0.06153688427096279,-0.9896161101514422,-0.12989675285760982,-0.06345465568356518,-1.4385746284582148,-0.20760441536847932,-0.06762263235635264,-1.7411638073484603,-0.2851557008841805,-0.06665157062326606,-2.0030860006535236,-0.34519708118309267,0.10733026029621112,-0.9330942387111906,-0.1607280572709135,0.20864235417508156,-1.351996848418939,-0.27328164428245105,0.2801309222297002,-1.622902023469685,-0.3664230106675903,0.33404297087447704,-1.8651959896576644,-0.42985508406891976,0.2571276703857527,-0.7837704666248205,-0.19781641183636786,0.45235846141403474,-1.0357058638829397,-0.3271691992919504,0.5813637483687352,-1.2080530868034285,-0.39946749672474907,0.6834224497815009,-1.3717540092770213,-0.44349770856122817
Normal/Neutral,Normal/Neutral_1_1790511006,"Straight-on, close to camera, centered",0.0,0.0,0.0,0.19357198476527737,-0.17965882392502006,-0.12311850168676677,0.31847265527639607,-0.4851385378453759,-0.17926856477720224,0.3786878880936058,-0.7720648379840197,-0.22655247114073856,0.37388302655329014,-0.9888551829208113,-0.2729823921513985,0.15384851508431852,-0.9445199095684342,-0.14062726820192048,0.205435891585254,-1.3087472366031736,-0.235897473547828,0.22338250272715762,-1.5316624201373938,-0.3021552406630362,0.22818926376350004,-1.7160442545921237,-0.3508664132314221,-0.04003977893977192,-0.98737357601997,-0.15326525203055852,-0.10566650325564884,-1.424924730633768,-0.24208790951372502,-0.1354914832895507,-1.6942929529087007,-0.3049785393142051,-0.1650513109462682,-1.9067899187807351,-0.3457897942481928,-0.19877401365663444,-0.9028651704726725,-0.18071830115664064,-0.34632235370914866,-1.2907663481920604,-0.2867163096393163,-0.443710227310072,-1.5600405454136705,-0.372693716341096,-0.5165732975915583,-1.7960000862077454,-0.42796805780025843,-0.31873528218727215,-0.7199656336446119,-0.21662803610477113,-0.505222945424624,-0.9245484356620475,-0.3353523441887362,-0.641528190080167,-1.0496231690817965,-0.40250803329502965,-0.7583045002331849,-1.1714917258898998,-0.4404491281474619,0.0,0.0,0.0,-0.25503000648778473,-0.16824240636016624,-0.12474923023354609,-0.43730054766348975,-0.4946287021499999,-0.18834715969926588,-0.5480806640006961,-0.7895618364802847,-0.23951415464628756,-0.6679537577561818,-1.0163430516353162,-0.29119242207323554,-0.21761878491275843,-0.9529887198405655,-0.13674313905840754,-0.2167796268909859,-1.3460331266763987,-0.22335964721043527,-0.211436529554993,-1.5864156470665451,-0.28979253744016603,-0.19300787144337864,-1.7998518073782857,-0.3426842258401614,-0.030825033172219362,-0.9878880006796583,-0.1520760186323896,-0.016869976465443384,-1.4405819844831056,-0.23819908259636444,-0.0030706161992691324,-1.741750417811459,-0.3183902147308115,0.013956010729083587,-2.0074597500106144,-0.3798719676896304,0.13401990894609103,-0.9122615075287532,-0.18199575618636143,0.25063730617463154,-1.3226392594648353,-0.30558406323853093,0.33769737507330305,-1.5948849801023406,-0.40595577234916946,0.40329919262031827,-1.8475512055185634,-0.47368920963919,0.2788223688172363,-0.7500294417065213,-0.21714738785109555,0.478250428781898,-0.9972265434399161,-0.35343216960600715,0.6141482352382859,-1.162983244677608,-0.43035117217926044,0.7204190697363493,-1.328457078301094,-0.47892994038157644
Normal/Neutral,Normal/Neutral_1_1790511006,"Straight-on, close to camera, centered",0.0,0.0,0.0,0.19903855657864605,-0.22120890009081912,-0.06677347519829162,0.32084084867799023,-0.5510414893560204,-0.0992051421474682,0.3827049009947921,-0.8244133958975952,-0.13507625066082937,0.41268354293488313,-1.0430486347014187,-0.17225371438568146,0.16725229781120649,-0.9816510754185449,-0.05584648738624729,0.16952885370337267,-1.32379418871767,-0.1383572189067817,0.15591861368465798,-1.5367147131393817,-0.20679452060835218,0.1429929128820221,-1.7175299464790645,-0.25792984465252916,0.01821947947613671,-0.9955240016831439,-0.0927362531073918,-0.09236247582091396,-1.425120843599165,-0.17048418575361246,-0.15337351854412193,-1.6986431810404448,-0.23586854607099297,-0.20007318396578613,-1.9278731405674463,-0.2805123225300233,-0.10056353692309054,-0.9109681208043499,-0.1420019468893027,-0.21986956714144285,-1.3137885246476337,-0.2299883096521704,-0.2832768028747879,-1.570831864628033,-0.29466145372908337,-0.3275395663436539,-1.8086810255019483,-0.3369413815685781,-0.19317288714735298,-0.737920870062031,-0.19752646588887254,-0.33678370674327623,-0.963476541760003,-0.2924535177391926,-0.42872839175243715,-1.1227633836586404,-0.33918777702629416,-0.5067170072863172,-1.2834706706381152,-0.36522001020089756,0.0,0.0,0.0,-0.20294091464405337,-0.25877085097647096,-0.07381778866625842,-0.31354552195509133,-0.6178967304481545,-0.1259079222946426,-0.37915275874744964,-0.8953443648850238,-0.1775406957529472,-0.47063794432189643,-1.1222504617114488,-0.23276683814409244,-0.11637343050351333,-1.023584623320794,-0.09891758107635411,-0.03986217763908699,-1.4323790320954417,-0.2012374855415198,0.008391086931570892,-1.6773517389536416,-0.2823366816850362,0.05532291430696033,-1.8855036151578244,-0.34083844546596775,0.0055972640557159165,-0.9893886082008126,-0.14518557985402578,0.06982476495301455,-1.4570332970576692,-0.2335624828991981,0.11412431770146553,-1.7653672685768755,-0.31441139457839595,0.15936391244756068,-2.024895315628918,-0.3747065549361132,0.10841968196633608,-0.856888226258074,-0.20312002318578926,0.23082202245432282,-1.2854368648337064,-0.3040529473572785,0.32182629282847136,-1.5401358362530402,-0.3794353253984742,0.4021024246895181,-1.7721651521520299,-0.4352389586138143,0.19296418159492773,-0.645092779462897,-0.26601530310054744,0.3046205210052302,-0.8640679957606489,-0.3685632067631607,0.3620861578944172,-0.9998270198422246,-0.4142716938295466,0.4109369350649558,-1.1367159983525825,-0.4455161164441874
Normal/Neutral,Normal/Neutral_1_1790511006,"Straight-on, close to camera, centered",0.0,0.0,0.0,0.21020588297877152,-0.18208279951730588,-0.08758517230729333,0.34288989954430754,-0.5472820689174682,-0.10746748841995928,0.41200382534905605,-0.8329849559364094,-0.12225075291692412,0.44126095362594775,-1.0728607895217146,-0.1399243535919018,0.18440632931779916,-0.997784794218517,-0.056881022629735795,0.18119634804357546,-1.3587469611047691,-0.11571122334141615,0.17661232377903088,-1.5773252193001823,-0.1660621082057,0.15104126184265046,-1.7649880559738647,-0.20572850354307037,0.03893546286289196,-0.9959048312551942,-0.08159409791287324,-0.027639858028784617,-1.4719666117618726,-0.1398290046865262,-0.07374884223486206,-1.7654115661130765,-0.2060095247146973,-0.13362977401236914,-2.006297784283082,-0.25209990758411904,-0.08021064642077456,-0.8862269842494289,-0.11853734170192823,-0.10243692424222854,-1.2520822577569786,-0.22363174431366828,-0.09438486495239842,-1.4645852921126241,-0.3206161119536666,-0.10429669406747019,-1.6507688449817528,-0.38455836588768977,-0.17670037313787046,-0.6954720505670766,-0.15972463508111379,-0.11229918011291234,-0.8011976820340202,-0.2903008450493155,-0.036987871079014356,-0.7727943050815792,-0.3538856486032768,0.007502569437815804,-0.7469081574230704,-0.3885152203906653,0.0,0.0,0.0,-0.20850286581521452,-0.27521735747518394,-0.06699133918594348,-0.3163375346053288,-0.6453015393234298,-0.12223407424627383,-0.3798261883789049,-0.9090590708825682,-0.1809344308906303,-0.4577178520120174,-1.1459563167309945,-0.24595160552867723,-0.11718255221728954,-1.0379148328375876,-0.11149892228155185,-0.03046133675370476,-1.4297155957919365,-0.23646508233302901,0.031050928992350752,-1.6862783901917706,-0.33402231939905824,0.09701579054741107,-1.898238193349512,-0.4052262066199297,0.005995448422693211,-0.9848362043498682,-0.17338311682501117,0.08085256321105277,-1.4298067616411263,-0.2813877760850119,0.14454464820268975,-1.7496011340629458,-0.37972096789253396,0.2124464854749223,-2.023288676835188,-0.4519471119130666,0.10306538113381518,-0.8253069161318948,-0.24714193692202735,0.1714246400685759,-1.206525274705631,-0.36420458514716486,0.22011914666021884,-1.4753486815090435,-0.45913811684601213,0.2695905534906988,-1.7275339227311928,-0.5287191076385546,0.17887535819307224,-0.5860815572438993,-0.3249979702341683,0.19226618826411607,-0.7564285293921412,-0.4484520063356441,0.17680601284770972,-0.9105169282613134,-0.5153436543401088,0.1678711624709026,-1.0670470989034329,-0.5615078109865567
Normal/Neutral,Normal/Neutral_1_1790511006,"Straight-on, close to camera, centered",0.0,0.0,0.0,0.22645057628472046,-0.24875195180064505,-0.08154069828900244,0.36866936980244325,-0.5994823212302607,-0.12063733628426118,0.4378025823551353,-0.8974877545277901,-0.16031605118796038,0.4779192809194564,-1.1496476822744985,-0.1999797767279439,0.23514435900372074,-0.9882173239638462,-0.08950394548596327,0.23821352468191992,-1.3951031799598463,-0.18626553394493645,0.2507219135517241,-1.6058790542194168,-0.25284904728827867,0.25571753203145586,-1.7829872981368933,-0.2966724237610422,0.08825033108928931,-0.9883853784873712,-0.1237183198035234,0.08727326093184916,-1.482051812033107,-0.21849981693336354,0.10086811940207698,-1.7833470428660694,-0.2924789231549317,0.11277085597642204,-2.022566868773528,-0.34236837332730813,-0.06630016251532374,-0.8832795259883477,-0.1698188254228329,-0.028579929174242305,-1.2356218489389614,-0.2926434082080947,0.11286588106578604,-1.2914586879214176,-0.35483810097420604,0.2413502208804793,-1.3020228731100516,-0.38536879393731066,-0.22714893833741687,-0.6969132336181755,-0.22139738273571885,-0.18873034294363902,-0.825787321007519,-0.34270023759879253,-0.07853953873366441,-0.8220633022261697,-0.3826882905218274,0.02356332799711286,-0.7968209725485584,-0.3982991762052371,0.0,0.0,0.0,-0.2125107602913014,-0.2690294307038609,-0.06896807543815607,-0.32475371182280083,-0.635622751847674,-0.1258634195129361,-0.39249963270582283,-0.9060614748673236,-0.18637407098220765,-0.47827653557631145,-1.1395128255508964,-0.25193585229155085,-0.12406619099333073,-1.0374296638765583,-0.1074880322341555,-0.03348276004567435,-1.4405845946422837,-0.23122582590494875,0.03497815060583598,-1.7009259835106443,-0.32458565432954556,0.10500813772916806,-1.9095489253666795,-0.39193805008475424,0.001009142351666386,-0.9860502902705621,-0.1664446054669666,0.06690129119508878,-1.438081637899689,-0.27415242556116953,0.1316052054577029,-1.760835387986495,-0.36626048008273776,0.1957336209289821,-2.0298137902114255,-0.43096678322684623,0.1029303526372755,-0.8249600810064787,-0.23812405369302242,0.14505958305491998,-1.2205535368962563,-0.35812133918275924,0.17908375723225758,-1.4942479359780128,-0.4503471138439449,0.21681803676379857,-1.7486721885231409,-0.5153166618776708,0.189837565869246,-0.5818133193261268,-0.3137583814296954,0.18599092485520177,-0.742263209839153,-0.44484106215889124,0.15230799131688919,-0.8946504036600191,-0.5141273436805145,0.12542721312634741,-1.0520919781700007,-0.5586500363343229
Normal/Neutral,Normal/Neutral_2_1790511016,"Straight-on, far from camera, centered",0.0,0.0,0.0,0.09749097475334832,-0.40460589790812806,0.002830239899453099,0.01891473261058962,-0.7991952462394233,-0.0076613512874041095,-0.05564829420643831,-1.0787094566323892,-0.03039466229806278,-0.10667830811127647,-1.308852085558326,-0.06185075067643225,-0.17007391926782742,-1.0482354021368256,-0.057623984543749854,-0.33959821395251916,-1.434104359038648,-0.14819551810919632,-0.45161409366767336,-1.7096340301710902,-0.2185299006606253,-0.5425344260132395,-1.9312311916653175,-0.26890251577059116,-0.21252501033154764,-0.9695874698310493,-0.12138063408221071,-0.4079112923576641,-1.366564578525254,-0.19917034552396148,-0.5297305628982786,-1.6653610530978802,-0.26653217014311475,-0.6380166423988319,-1.9118260983396869,-0.31686389198925924,-0.22325224839109595,-0.8251920110873213,-0.18597998281763134,-0.4254208977731068,-1.1863460232560021,-0.2582189190977799,-0.554052167603663,-1.4383923866559467,-0.3159208078947614,-0.6659189317797404,-1.6589916210809676,-0.36150156289592056,-0.2007133390727516,-0.6399589678821914,-0.2506683916451508,-0.3403237184022583,-0.8117113928334733,-0.3287506586938163,-0.43231175624236806,-0.9615715537368303,-0.3692428459239792,-0.5060202363162251,-1.1049423210838254,-0.39704211056645095,0.0,0.0,0.0,-0.21774956139105464,-0.20820495028810646,-0.06643900842089866,-0.3911155308537795,-0.5375803058113735,-0.08706238096226318,-0.5249298857324736,-0.7861694000340089,-0.10891024969656617,-0.6669243087890332,-0.9252068341280478,-0.13170520032416347,-0.17230050443903022,-0.9607173023570265,0.0021564029148673862,-0.22943157297675856,-1.295757164575091,-0.04261897401532548,-0.25434850063614234,-1.5097028289078676,-0.09250513482832141,-0.2627269954985827,-1.690865313518673,-0.13490285353545736,0.0020144622107909653,-0.9998368356460232,-0.01795115671338019,0.012131347375048803,-1.3734239570917746,-0.04555511660556935,0.022862923899130437,-1.6028580463489535,-0.08959314122840614,0.030088243391796103,-1.7894758269110376,-0.12778590260178693,0.16242446325786125,-0.9470675594826234,-0.0545167931556057,0.2080582870864643,-1.2681204972499605,-0.10054744788656868,0.2226031068532423,-1.4659030140370546,-0.14726245225809861,0.2252063786823908,-1.638767165290239,-0.18488632643868197,0.3013109205266803,-0.8187990866503396,-0.0992239180856586,0.4176421590449123,-1.017516221879271,-0.14400634046061095,0.4948941247608729,-1.1466840852275075,-0.16818514421883787,0.5565516223061459,-1.2638967408301185,-0.18784532617886007
Normal/Neutral,Normal/Neutral_2_1790511016,"Straight-on, far from camera, centered",0.0,0.0,0.0,0.07742967727175577,-0.3683655715534953,0.01051081620272584,0.008023043742722157,-0.7593320284703693,0.001241427026055812,-0.058072370687682374,-1.0393719691799754,-0.023671494837066445,-0.1363588253375391,-1.2571259982434912,-0.05815644962696635,-0.1438200034944119,-1.0478666914161154,-0.04756362332753585,-0.26446237516934445,-1.4394594976899273,-0.14003040941935663,-0.3298453115695387,-1.6949726076772764,-0.20826930329393153,-0.38151169308179894,-1.8985780856801104,-0.25440296033670573,-0.21844846967523973,-0.9685895315558967,-0.11880482084862824,-0.43084267983554086,-1.3705966923282569,-0.1986431417080367,-0.5551655867526103,-1.6430600154026778,-0.26362368866692054,-0.6703656183347532,-1.8564516948052732,-0.31099944744021,-0.26497283411250777,-0.8103544741426674,-0.1924765147126215,-0.4986318078618123,-1.1368551973893772,-0.27087884568451975,-0.6476150223979378,-1.3669720730834276,-0.32576442727766236,-0.7763818982945782,-1.5664686271550743,-0.36729696433230336,-0.2797287952407169,-0.5999930810457762,-0.2649129977036306,-0.46322435537313517,-0.7628890073958747,-0.3463332847146898,-0.5721374447418658,-0.9029946554884879,-0.38552397299701036,-0.6683585045926862,-1.039447726337618,-0.41158578803245477,0.0,0.0,0.0,-0.23605356031038188,-0.19989907307280166,-0.08700982949977447,-0.43465498120707546,-0.48635489921407377,-0.12226142431778236,-0.5813039448607387,-0.7238858853940103,-0.15457762950411882,-0.7104306805047443,-0.8965756392535416,-0.18452416148300255,-0.22991200583863114,-0.9433025317961915,-0.01870187027861382,-0.30806362535080384,-1.2777572207000152,-0.07561157207041107,-0.3427492473708983,-1.4903467470772627,-0.13456288070048358,-0.35728951490989513,-1.6757433621577051,-0.18098802140438788,-0.05452207963903991,-0.99808499793566,-0.0292177981307279,-0.06673456320297314,-1.3652092752973561,-0.0642751787282642,-0.0676869357456363,-1.5842371254180758,-0.1103562324937384,-0.06850447801821458,-1.7645947266744721,-0.14905714588129254,0.11123996653374818,-0.958730966987335,-0.05852859022667328,0.14367199689670934,-1.2731908262089389,-0.11055896835289053,0.14725248962451942,-1.4704278931821542,-0.1556163553951904,0.1405245304860502,-1.6375450192386791,-0.19042087907624677,0.262043699991509,-0.8422047978010518,-0.09798520966629513,0.37075470722657483,-1.0507708177059245,-0.14795350171203198,0.44172607981597234,-1.1818943254449972,-0.1722108896169771,0.49871862096455727,-1.2944904419439907,-0.18948959605664914
Normal/Neutral,Normal/Neutral_2_1790511016,"Straight-on, far from camera, centered",0.0,0.0,0.0,0.14536234444569457,-0.31895177795575763,-0.08289770213842278,0.20620586657986648,-0.6891270088532858,-0.14228125089936922,0.25015886975746293,-0.9998707385104003,-0.20533212302621545,0.2767790040701738,-1.2568993606574663,-0.2697651043210285,-0.11120185195017968,-0.9870209318518628,-0.100313732890202,-0.08942965603937214,-1.3641821257081266,-0.2222251151019817,-0.06742087373692605,-1.6290668322437396,-0.31960988442886573,-0.05460605520672949,-1.853464859459531,-0.38479781789770146,-0.2644436062033152,-0.9539504861643023,-0.14159113349739494,-0.44868859089453567,-1.3598673397380847,-0.24333737868135907,-0.546607033309953,-1.6343841947008835,-0.31994695755815006,-0.6425902990078479,-1.8561935169447847,-0.371466195555136,-0.36159730809928115,-0.8241020444351033,-0.19652964100544706,-0.5903938428779301,-1.1263644851722456,-0.29671793824698106,-0.722238690549248,-1.366028166003447,-0.3568375914104332,-0.8362966567379234,-1.5823147787988703,-0.39415646537522225,-0.4014129651005647,-0.6257410160596742,-0.26010241938004525,-0.6351157518283518,-0.7903901497279594,-0.3541663883889059,-0.7827923110485953,-0.9269063290581265,-0.38921665710359044,-0.9118381084526404,-1.0630401381285681,-0.40647970590879573,0.0,0.0,0.0,-0.2257059411999678,-0.16375965041869578,-0.07567763852384524,-0.4010914085977651,-0.4019002427932149,-0.10613600142692815,-0.4508639857778168,-0.6249534391341114,-0.13445121799267923,-0.4565301620585415,-0.8140052408780833,-0.15823734254376182,-0.24273338279264964,-0.9386220868408425,-0.033751860420589135,-0.3291702188913749,-1.2826035849984925,-0.0940975961098704,-0.36804991731769243,-1.507442505092614,-0.15473251859795417,-0.39324521092876813,-1.692256420430936,-0.1999332219278207,-0.07343621783298789,-0.9961187053189966,-0.04852470323445608,-0.10305010254038587,-1.3764681067026174,-0.08410842151418908,-0.11395237793803498,-1.6009972989569263,-0.1299761227983923,-0.12351527016842002,-1.7765331126573631,-0.16629584563621252,0.09263428417002695,-0.9651459213377419,-0.07865516053524912,0.1024913636368267,-1.2965164005427443,-0.1215429285298323,0.10360739580641964,-1.495911738780806,-0.1618027703252037,0.10086574423953752,-1.654293256195709,-0.19479005019807463,0.25326846625885235,-0.8538405057086766,-0.11930369247323536,0.3557171835886804,-1.0601698443372212,-0.16316099195647038,0.4201159984317586,-1.1991866856902849,-0.1841308790795958,0.4778909021335483,-1.316959160789135,-0.19747599954405698
Normal/Neutral,Normal/Neutral_2_1790511016,"Straight-on, far from camera, centered",0.0,0.0,0.0,0.15833475330215604,-0.26705948928292456,-0.0933665212590628,0.238131551027366,-0.5814825772388197,-0.1447007335283285,0.2762971634985591,-0.8386925033157691,-0.1957566299880413,0.32240577322849456,-1.0436568196948004,-0.2446523353075989,-0.0827260043401784,-1.0017447357796008,-0.0754124091444927,-0.11648932983741536,-1.3790687018527406,-0.14932457980294325,-0.16013188822088964,-1.6074192767272049,-0.2123847036675364,-0.21186193905918801,-1.786728952692582,-0.2599343880705275,-0.24986379030815517,-0.9635833618341594,-0.0952637973693142,-0.3873550152453937,-1.3508439735514464,-0.15810342156468665,-0.47096764210872943,-1.5784774669328225,-0.21334961850443737,-0.5496797625620193,-1.7437718795193196,-0.25365248350340774,-0.372349863443223,-0.8403701888724084,-0.12902874843750708,-0.5488370665784709,-1.1586919498788495,-0.19913179694318328,-0.6569460603636699,-1.3623558094931456,-0.256090286039035,-0.7492950594423673,-1.5226348901537772,-0.29539415941736175,-0.4574201578446311,-0.639294527210328,-0.17214466999632888,-0.6635862889345395,-0.7866434070845223,-0.24944649325332863,-0.8022905028778186,-0.892883981654254,-0.2881847883516589,-0.9217448741388307,-0.9892171949395778,-0.30921153662520806,0.0,0.0,0.0,-0.1878469277506144,-0.20619670966872486,-0.04395425440076537,-0.31262962109007403,-0.5028764791158832,-0.04394592599736466,-0.3768027341762363,-0.730059077734668,-0.04605386711841165,-0.477949030511933,-0.8663993110822736,-0.0458038378163179,-0.21553505222468056,-0.9548057435238748,0.02514275647373567,-0.2843856171763288,-1.2859990017050964,-0.009714841440519342,-0.31837994907618417,-1.500387732598211,-0.051431523663461015,-0.34201202577342105,-1.6816875958342115,-0.08645187210925084,-0.05020988239412026,-0.9987302999737483,0.0040933634477452185,-0.07078390212203464,-1.3474229597385454,-0.009496094982945262,-0.073147829842846,-1.537874672298796,-0.041921246408728303,-0.08076309014601413,-1.6857807262420554,-0.07100802511739497,0.10957953467445473,-0.9568636495324276,-0.031714285974282864,0.14611204665833688,-1.2745998729362373,-0.06489002667004393,0.16347679868851864,-1.4547552149683909,-0.105270193520266,0.1660553016334548,-1.6079424836141456,-0.13969728737460754,0.26176449220617665,-0.8410959958105612,-0.07484199901306923,0.3915853830060435,-1.0317388819345872,-0.11681267996036039,0.47258969026642617,-1.1577485423274316,-0.14466506608880061,0.5340129282487874,-1.2695911975704244,-0.1656141311762054
Normal/Neutral,Normal/Neutral_2_1790511016,"Straight-on, far from camera, centered",0.0,0.0,0.0,0.14449979058441562,-0.2614331036788277,-0.09528982288035026,0.22207444278792207,-0.5473080497727452,-0.150814623668786,0.24894819815040833,-0.7975826081694987,-0.20663441841406702,0.2764590003245316,-1.014984490603577,-0.25898985687020976,-0.05199241267198457,-0.999996089578772,-0.06496968971614539,-0.07455341414379885,-1.3594215366433522,-0.13960539775265587,-0.10004324022583236,-1.5773957007256965,-0.20515376747515898,-0.13052566504211002,-1.7576530576201352,-0.2526466109533563,-0.22028904524329856,-0.9721569166640487,-0.07989784682984682,-0.3314283380497068,-1.3366938879675425,-0.13559462090479205,-0.3929991775149727,-1.5567515208434748,-0.1871599646093216,-0.446436875937972,-1.7231108796683423,-0.22646321057060323,-0.3490111330458038,-0.8585088259502187,-0.110710204704262,-0.4995450673894349,-1.1628475247595362,-0.170417909491677,-0.5952558590550321,-1.3613519930041809,-0.22169456768820575,-0.6677610275642692,-1.515137820287595,-0.25932071311598304,-0.43921006843925303,-0.666722891232107,-0.15240687378997192,-0.6316584257932466,-0.8085025449549431,-0.21909700173888305,-0.7635642326793549,-0.9184487952782023,-0.2548114859592369,-0.8743149345055374,-1.0183272820182665,-0.2752232829435008,0.0,0.0,0.0,-0.21336288966690686,-0.22218209645270476,-0.052975447169579234,-0.3698482967775926,-0.5442288892476999,-0.058155744528723304,-0.48124819445014655,-0.7849383359684448,-0.06487002728862232,-0.6065868220471745,-0.9124389096888836,-0.0692050911424982,-0.2090397207208957,-0.9616870152930342,0.0306037273867658,-0.272363260102757,-1.2869532199967955,0.0038176542946925054,-0.30032172964251197,-1.4884778452937233,-0.030742770943014468,-0.3169193133474004,-1.6559028155169984,-0.06086290689219498,-0.03491300683537105,-0.9992747885266567,0.015197992259469176,-0.04011209306323255,-1.3359177916831217,0.007230195289768977,-0.03245233747710938,-1.5132772985424119,-0.01627730850466765,-0.02648438248739245,-1.6467136403664882,-0.037276002468715985,0.12805172893825062,-0.9504136488562717,-0.01642489577479156,0.18300595463861702,-1.2491397769102106,-0.049004898670396785,0.21633059289352286,-1.4248577525794437,-0.08076628609564916,0.24073186904587898,-1.568411987795067,-0.10602751605493028,0.2726048425735564,-0.8293678115712022,-0.05567435373239041,0.4021574206941682,-1.0121430332511816,-0.0985540330307324,0.4900023041629746,-1.1284787356564743,-0.11994817476071003,0.5647532730542939,-1.231190343989981,-0.1330692809280522
Normal/Neutral,Normal/Neutral_2_1790511016,"Straight-on, far from camera, centered",0.0,0.0,0.0,0.17565513425694992,-0.28086995953903865,-0.09297935421178832,0.27544550732988315,-0.6299446680262281,-0.12932128234237117,0.3049049447672217,-0.932022971316235,-0.16263086979057945,0.3388351144092604,-1.1682329263522107,-0.19303248873292955,-0.03171361420264759,-1.003304136317798,-0.05105677992001893,-0.04117014171327465,-1.380616946620516,-0.1092708851879063,-0.05896502887245274,-1.606620274719831,-0.16141635788220138,-0.08219755509729366,-1.7892303122382265,-0.1989914085996246,-0.20376912448182172,-0.9774121314144084,-0.05606843382737819,-0.28726558494508575,-1.3658717139530148,-0.09616418004280122,-0.3338237210877604,-1.600610946639704,-0.1376857126971237,-0.3742379456441894,-1.7706337417731477,-0.16990223336765545,-0.34155509748825424,-0.874468548241344,-0.07643603669423382,-0.47133121871265615,-1.2050653679720207,-0.12282857355339799,-0.5485460812937892,-1.4090629353503956,-0.16989860940617044,-0.6056428428781323,-1.5641167091044343,-0.20573275265917776,-0.44642279816522396,-0.6978616332235427,-0.10712348802354345,-0.6242087732942675,-0.8559844539052984,-0.16292647111719422,-0.7434431662872346,-0.9685738347647419,-0.19503108531150168,-0.8449714894780875,-1.070678113305988,-0.21394358280021963,0.0,0.0,0.0,-0.20711939897934284,-0.22522663251435493,-0.04859589041956038,-0.3237646657769521,-0.575843397230485,-0.06073593453084898,-0.407315779513721,-0.8428876566604232,-0.07875429286286728,-0.5140146888812333,-1.0225046535981257,-0.0970809401887981,-0.04223618823262866,-0.9798748608561119,0.05073619827176572,-0.04366870899232935,-1.2824305184317015,0.022810651606494464,-0.02186501571700446,-1.4469543511481073,-0.02011751146960172,0.00955703123059649,-1.579025777286366,-0.05639969477058946,0.11763284332930939,-0.9927839478813091,0.023292638310507822,0.2178051909678319,-1.3352155927365112,0.007500762161086699,0.29342075292027575,-1.5133551466607245,-0.02780149389760242,0.35981227876147615,-1.6340541120740124,-0.056569596037739284,0.24670731339339091,-0.9331492994512206,-0.022236001840926677,0.3833436961785406,-1.2460869890134911,-0.0544150492071328,0.46727985780492537,-1.4305334847592834,-0.08429979022715581,0.5367004270444375,-1.5775098294839154,-0.10784907850113415,0.34169791470998967,-0.8144468786507558,-0.07640072663260197,0.46445831243601765,-1.0477131684899617,-0.10606707330273346,0.5479046075806133,-1.1890143351526434,-0.11280955598371269,0.6189117167356726,-1.309009518589911,-0.11849216538080094
Normal/Neutral,Normal/Neutral_2_1790511016,"Straight-on, far from camera, centered",0.0,0.0,0.0,0.18476388310056682,-0.2800031177459843,-0.10654891275546768,0.28307820883902796,-0.6451285016803124,-0.14096834662405183,0.29670470382724917,-0.9614748711343205,-0.16907126378982798,0.3053856755378921,-1.2096531752106192,-0.19326271460238179,-0.02188347628019812,-1.0026870493107112,-0.0559803908129713,-0.02648392706375271,-1.3790814486608605,-0.11725583138449899,-0.03958430255435922,-1.606165455703383,-0.17204136067706322,-0.05941513908871639,-1.7956373346024581,-0.21155982575936338,-0.19099453062158347,-0.980074742785288,-0.0545397820585364,-0.26733640398833813,-1.372881362493014,-0.09873391657131578,-0.31053313585793724,-1.6136061780689135,-0.14394892479815358,-0.3510543953411368,-1.7979808874822742,-0.17839698575704913,-0.32762660359441076,-0.8793321434537918,-0.0701096128073577,-0.45212272453806795,-1.2082790748756724,-0.12236907943022779,-0.52502586539431,-1.4152761489813224,-0.17184498464031567,-0.5813798400825665,-1.5822115444590423,-0.20776173138795698,-0.4348037217522493,-0.7038163579340908,-0.09717612775506149,-0.6117272637806415,-0.8697204044554571,-0.1593138385307911,-0.7305521260220693,-0.987159560784785,-0.19471743743111505,-0.833492821666394,-1.0994860735255276,-0.21507851586080493,0.0,0.0,0.0,-0.18095443068658318,-0.2513808393383884,-0.013531331447649888,-0.25752611912517837,-0.6177646067356519,-0.021845612377569726,-0.3198088979009881,-0.8778304971874535,-0.04635668765054125,-0.404555452056199,-1.057903630942251,-0.07576399401377398,0.029372845840405577,-1.008792708671807,0.07604554971835881,0.11536362764699007,-1.3189199834014975,0.039522435903230776,0.1900931451994811,-1.5017582327616785,-0.006569846101467794,0.2672129482699127,-1.6353494608315702,-0.040909150655106474,0.14565569965422034,-0.9890189341382026,0.025019294042262677,0.29814089274691247,-1.3282528063525356,0.0034955937800852906,0.4059610648841106,-1.5345350415192012,-0.02649314493658294,0.5065479087862464,-1.69836925670392,-0.050381410607841966,0.2360418104623695,-0.9160140812142443,-0.04430472358824736,0.37780790424887695,-1.2519414165857758,-0.07607575977567906,0.4749357506575648,-1.4646203056851754,-0.09750287245354265,0.5651024668708813,-1.637556049858244,-0.11534413851734421,0.2939106674743406,-0.8002443876391909,-0.12168651320471463,0.38838346743030666,-1.0976861925246024,-0.15215199758157885,0.4560179868990537,-1.2968875601068521,-0.15779988611611112,0.518937381855124,-1.4657269468957215,-0.1643249695542525
Normal/Neutral,Normal/Neutral_2_1790511016,"Straight-on, far from camera, centered",0.0,0.0,0.0,0.1806865528044505,-0.26081563431866917,-0.09344806194959869,0.27433232038718663,-0.6074855659187899,-0.12958912353488222,0.2789365070380993,-0.8998628267896333,-0.16323604612542988,0.29262712655309286,-1.1354831727475763,-0.19499268152757449,0.04012775527851678,-0.9963438965751411,-0.05987284599395745,0.046341106847150364,-1.3644057718397105,-0.13634142331700194,0.042683641815659236,-1.5936960624971908,-0.20026844064491137,0.03091377122035345,-1.7894774201028096,-0.24570495330147754,-0.13037938932722237,-0.9888845830490626,-0.0714737451554235,-0.20594692593869668,-1.3777926624116101,-0.13477999658445636,-0.24682091181015933,-1.6251529549310568,-0.18958940628338225,-0.28826195812217636,-1.8289262738644358,-0.2285720412605528,-0.26973785904725966,-0.8986015287648645,-0.09896334776172488,-0.3936858254095139,-1.2369638004806103,-0.16739339447940424,-0.4648930562455646,-1.4632396187829273,-0.22025650293915336,-0.5197441842556783,-1.657118929989985,-0.255465705564773,-0.3783332998672228,-0.7325134158508861,-0.13656999150331872,-0.5441973565781062,-0.94091635686391,-0.20968508989763135,-0.6541610738436814,-1.087415449150031,-0.24711327652045162,-0.7504300570396153,-1.2289052581776398,-0.26751931678371865,0.0,0.0,0.0,0.054704581414375106,-0.449827763306767,0.04973620188658213,0.0877854812982226,-0.8395809714754883,0.042267897138713845,0.06073613989025776,-1.1190057797099988,0.01265334588321944,0.014494191575157439,-1.3350464467721568,-0.0195461181900512,0.18097418178505112,-1.0170427698901274,-0.03321828480172328,0.3387621451876166,-1.3313744851700555,-0.13229666939214862,0.46980413204975163,-1.511818401789389,-0.20362354173283112,0.5942194666136625,-1.6639870504812693,-0.24628208345574948,0.10876835649212276,-0.9877410482327975,-0.11196904153370721,0.0722872766820198,-1.4641743259906432,-0.1968600765544925,0.0708194894051273,-1.7689600215827184,-0.2565478414864319,0.06594321083574554,-2.033845756864409,-0.297347273434452,0.0021958629589750533,-0.8684139320772307,-0.18811368821739125,-0.2092261778870496,-1.263544594199233,-0.269886077856582,-0.34277404166868114,-1.509644148382622,-0.31837318592163166,-0.43240381513418824,-1.7233559706260637,-0.34727094920697843,-0.12133597337428088,-0.7017028858860368,-0.25921540045219565,-0.33727441063176294,-0.9713177885547706,-0.32761750301519715,-0.4734245631812033,-1.1289445114524,-0.35105810115047664,-0.5783422636971975,-1.275508805892816,-0.36172524622421354
Normal/Neutral,Normal/Neutral_2_1790511016,"Straight-on, far from camera, centered",0.0,0.0,0.0,0.19539256583209283,-0.24723285069131354,-0.08818116527544673,0.2952368303595674,-0.5837032732162855,-0.11789767847879302,0.30594905488932256,-0.862547367862999,-0.14593580816109133,0.33515499048545017,-1.0827759594650117,-0.17199147678538088,0.07187572686682925,-0.9901621120632473,-0.044936580832743975,0.09901004279619591,-1.347031020975097,-0.11273551347666344,0.10707951233581584,-1.5746958911010953,-0.17395826134927458,0.10363820834767713,-1.7690138158432738,-0.21902184165912852,-0.09867821205854253,-0.9935495353605017,-0.05587424496009162,-0.15925645861532092,-1.3776694397668054,-0.11224310899040037,-0.1909550264490508,-1.622936202627297,-0.16505238698141778,-0.22420350022539232,-1.8261117413598937,-0.2033003153631924,-0.23936032436665025,-0.9142899242966847,-0.0825183104696088,-0.3408436766699244,-1.266885165443975,-0.14638672219292986,-0.39274490244849014,-1.4997140353025253,-0.19926216660133073,-0.43384323550022635,-1.699053268844155,-0.23474564394976577,-0.35233512746715895,-0.757912552529447,-0.11899322156086084,-0.49937367493573537,-0.9841913883313164,-0.19072182162736576,-0.600195966900504,-1.1386290552267169,-0.22861374263389622,-0.6912524765402244,-1.2844004774820816,-0.2493117777927681,0.0,0.0,0.0,0.11877291456322028,-0.3707904738928943,0.04898481694324483,0.19280371056244391,-0.6936347836736135,0.02022751978566201,0.26706520447992543,-0.9117696235699472,-0.025905895108345237,0.37244021296302615,-1.0703926990420198,-0.07711506454115605,0.2038323988129728,-0.9907081443482249,-0.08251077921193863,0.34324364872537694,-1.3362670707424487,-0.17715554672331787,0.45854530648258046,-1.5272293472019638,-0.23740087140092422,0.5649825212080196,-1.6725964207091042,-0.2736244122811561,0.06974379799303611,-0.9858136971472,-0.15266681747673577,0.01238632060401762,-1.4617186070543715,-0.23724960555591543,-0.012083425855225819,-1.767762631384981,-0.28853635124815163,-0.04211481781146283,-2.016315572697653,-0.32424733093747,-0.08243052379996504,-0.8854094819387922,-0.21370228771092922,-0.30027740622278976,-1.2638694168408202,-0.28776710750385276,-0.4363451960177085,-1.4922055859067365,-0.32922310330392385,-0.540805711314046,-1.677558085648902,-0.3563083511055384,-0.2334837200981231,-0.7237176262447138,-0.2670696713727771,-0.4445565481801602,-0.9532446280901266,-0.3292131710531715,-0.5731100586591618,-1.0891182333063678,-0.34718390612588124,-0.6731142868294391,-1.2244914398006324,-0.3533195475449431
Normal/Neutral,Normal/Neutral_2_1790511016,"Straight-on, far from camera, centered",0.0,0.0,0.0,0.1950945558802803,-0.22528653668576415,-0.03224596846581148,0.223791268601372,-0.5805824102719479,-0.025145962269000406,0.1851653345238552,-0.8483323708313127,-0.023633765681875404,0.15200666989089145,-1.0306870393011378,-0.023295621780088566,0.11216192027492006,-0.949900332369194,0.014156146582296504,0.06839013682747633,-1.3121352821650072,-0.026209111342822947,0.03543089340869668,-1.5366303903458525,-0.06806428218400634,-0.00499921612420332,-1.7078213810412541,-0.10230071950219428,0.0013677949161097548,-0.9998486991485044,-0.017340932734742756,-0.10430902567794116,-1.4020453141348792,-0.07056635857241102,-0.16953696768363946,-1.662599297038107,-0.12739732943259155,-0.23666136633402965,-1.8873161146864863,-0.16366315254243843,-0.09867987313010924,-0.972004023340564,-0.05826980456096409,-0.1767149583283012,-1.3495404455941264,-0.12701329696204144,-0.21920379863116055,-1.5908604479002921,-0.19313729029348237,-0.25906966343451615,-1.8109913596664144,-0.23466176039752903,-0.18265575540104434,-0.8850986043310657,-0.10157437782922099,-0.23077296620775842,-1.1047184503580927,-0.1676593361687066,-0.2503455718469447,-1.2097618153306176,-0.19824803322049564,-0.2629200569562236,-1.2911952726316998,-0.21351184537296822,0.0,0.0,0.0,0.2286486032233753,-0.27600143312193764,-0.001575046551332753,0.41035959054336874,-0.6207756468747814,-0.04788169666607602,0.5477954229481037,-0.9075313858211501,-0.10089649787053195,0.6918246429168988,-1.0711090211359788,-0.16172467607522092,0.273210808828748,-0.9584842000627042,-0.14352304528873983,0.35217959485927597,-1.3807041633098431,-0.24751592237506512,0.43791733462518784,-1.6142194608023104,-0.3073294789866818,0.5133317835172682,-1.775559505263619,-0.338523198476614,0.08351156071352779,-0.9773496630022886,-0.194456821573591,-0.004805246109128715,-1.5463991266508352,-0.2852033956268314,-0.05448432777772962,-1.8977373206340424,-0.33417829235513874,-0.10877289927443336,-2.1655007500820456,-0.3617379018275282,-0.10182486804429931,-0.8953506048547143,-0.23651864942885062,-0.3035802451443156,-1.3053774975034247,-0.3132273501901576,-0.4298904492722698,-1.5493170364182345,-0.3443283487958595,-0.5250885721799574,-1.742190959826415,-0.35912213046809116,-0.26948266118069,-0.7400096564675354,-0.2742125418187559,-0.4481440641047913,-0.9885797531510069,-0.32685358939087267,-0.5496880262749727,-1.1198347784942921,-0.3233947163580823,-0.6279238235402244,-1.2392188971635278,-0.3106286691002104
Normal/Neutral,Normal/Neutral_2_1790511016,"Straight-on, far from camera, centered",0.0,0.0,0.0,0.09370045203424768,-0.3746284777860785,0.07014263302270518,0.09223506269696703,-0.7925420314273708,0.07757459112134214,0.09941991368960212,-1.0829477959610612,0.06013287399576697,0.09528990015060762,-1.3136496131757167,0.03344610047425997,0.013286607254443117,-1.04195912729306,-0.006509243387001306,-0.010294239115090687,-1.4629275183879928,-0.08600802406843633,-0.03351038786811124,-1.7630045885928862,-0.15165802178360419,-0.0591298455222318,-2.0042742781162044,-0.19963981673978135,-0.002305205682182701,-0.9942528077153392,-0.1070328939014894,-0.034002223736943345,-1.4654289305080102,-0.17797550253712327,-0.0564251881684037,-1.8106299620168815,-0.24149106785841995,-0.08811692712618224,-2.097773684540384,-0.29017891454065586,0.003533915504765961,-0.8838906457560939,-0.20340905074205398,-0.001505422489394886,-1.3314999997711832,-0.26801531324373784,-0.004553221147059343,-1.6336196405834,-0.3175071498991692,-0.021330191356166112,-1.8909281065878285,-0.35867101859826384,0.041572008884523066,-0.7218470041916083,-0.29439086406406,0.05924906512907751,-0.9864019106534628,-0.3565874799987357,0.06490297799690424,-1.1897632845978339,-0.38301791143143427,0.06518013058846438,-1.3660552089170013,-0.4040498887987054,0.0,0.0,0.0,0.2651970027039526,-0.28630427104233747,-0.018802365041157697,0.4806837638117462,-0.6276798849683235,-0.06667531371465366,0.6283970831722545,-0.9217123690759629,-0.11625168147992372,0.7865366043527531,-1.0814535136769607,-0.17281264844251132,0.3050068685947241,-0.9376329172362927,-0.1383013134379435,0.3823328180906273,-1.3463196394040375,-0.22566798189750023,0.44460475940077565,-1.580879222573479,-0.27723482339532546,0.5017463190451479,-1.751148067742779,-0.30508396164877283,0.09301846082081859,-0.9794977974320936,-0.1786942382176964,0.01762143467389206,-1.5762424735867178,-0.25308915984487684,-0.017402340459474218,-1.9332068644340579,-0.2968045198360994,-0.048662166415351954,-2.202151719597705,-0.3219903219912205,-0.1047431312095219,-0.9233497629804489,-0.21076875091921393,-0.27165804637402974,-1.3640108265217035,-0.2721123503599932,-0.3688366144824883,-1.6136753908165806,-0.29689525949352474,-0.4349351033171017,-1.799700687050922,-0.3097112091007251,-0.2822219645573683,-0.7955936908981567,-0.24054031514857008,-0.4141166816369085,-1.073522303115035,-0.27655674915825473,-0.4702030120036764,-1.191889517412948,-0.2603684533361471,-0.5013385355277008,-1.2833582220150477,-0.24046614728567914
Normal/Neutral,Normal/Neutral_2_1790511016,"Straight-on, far from camera, centered",0.0,0.0,0.0,-0.1254743868100682,-0.3709637779051774,0.030689176342966668,-0.1772837184128929,-0.7793671252163206,0.01516105681524441,-0.26977239442088863,-1.0513058778821236,-0.01599419262188723,-0.41203272954898734,-1.1918617922771793,-0.051666074839606745,-0.07590862490947368,-1.0281353407833005,-0.031097160322614954,-0.10060919134636832,-1.487206266365813,-0.10741631777408407,-0.14992601285872093,-1.74816102361245,-0.1567621559844311,-0.22119795663318614,-1.9617168209474147,-0.186963303804055,0.03934234371038873,-0.9935020084811528,-0.10679859144805809,0.16344911148915287,-1.516907827767924,-0.17859006238637598,0.2176764041891793,-1.8405347699224874,-0.2356525326197135,0.2574784666914016,-2.1071193073930554,-0.2709419404370407,0.16733098406729952,-0.873771000360951,-0.17996198018775328,0.4440266724941602,-1.2845421656964415,-0.2706180073115209,0.6017275241093635,-1.5141233341204765,-0.32935842617445044,0.7168706629353885,-1.7143455115162378,-0.36008897446209526,0.29505604048371886,-0.6952119616703268,-0.24548271041721853,0.5713807589202583,-0.9226263281054399,-0.31827469928958513,0.7328658594319446,-1.0533462128288906,-0.3342335087775213,0.8644164329375503,-1.1872619418947983,-0.33702005474100366,0.0,0.0,0.0,0.2991052415305909,-0.26775181702003914,-0.02296356124395221,0.5354118011818926,-0.5763673817927351,-0.08030680471250864,0.703056432079745,-0.868361199233826,-0.14195062836906747,0.890778724400924,-1.0194506147687592,-0.21235395526592454,0.3709532082210938,-0.8834114802064783,-0.1382921461024417,0.525844316670917,-1.2355492602693077,-0.24241810325741725,0.6298740777356056,-1.4358320386223296,-0.30807897754484576,0.7198721528975176,-1.5712320914572369,-0.34527236859720506,0.16420089871589008,-0.9687766813799218,-0.18576815247883532,0.16218900946563888,-1.5478962377082823,-0.27506178528216496,0.15460342796550688,-1.9010947809901542,-0.3303915801574541,0.13178577391631427,-2.1772001083601533,-0.36449079541438245,-0.034559140917216576,-0.9410084866185368,-0.2273628587422068,-0.14194736079555226,-1.42188656315785,-0.3061151131311457,-0.21365476698883218,-1.7063978767967722,-0.346643506964178,-0.27071670644146195,-1.9285232878832503,-0.3707529705497234,-0.22089925501570315,-0.8251678955071943,-0.26602892847906423,-0.3212500793330763,-1.119793005456299,-0.31381326016280375,-0.3734504997217549,-1.2816755930379917,-0.309732964629043,-0.41209620282823345,-1.4142278901991618,-0.3010635152781374
Normal/Neutral,Normal/Neutral_2_1790511016,"Straight-on, far from camera, centered",0.0,0.0,0.0,-0.13105188767262504,-0.38393538559481993,0.03656889512883635,-0.18929890462485183,-0.7964170101227446,0.026726101696356815,-0.2974034611917964,-1.0661284352862936,-3.7748518678407385e-05,-0.43785894837208084,-1.2192357466175183,-0.031022073259897472,-0.07672224264176121,-1.0177938124689727,-0.030130121797097308,-0.10767940534945845,-1.4919058948817583,-0.11367469933865788,-0.158448788146226,-1.7729889233028184,-0.16913604945475283,-0.2268699641012093,-1.9921368238024295,-0.2024961724776937,0.04568750392190288,-0.9933846719274301,-0.10535438085347093,0.16292782773105682,-1.5206822615380893,-0.18113812033065113,0.21577096035011906,-1.8537520527456404,-0.24256908543284228,0.2517987339085682,-2.1232277161739064,-0.2817176411983928,0.1790120653809675,-0.8883502185456758,-0.17764623820922962,0.4447402440206482,-1.2918529613978844,-0.26833797311491764,0.6078396924266536,-1.5088920078462342,-0.32744106194715517,0.7274280991066941,-1.6945842779839102,-0.3591481170768773,0.3063754086988276,-0.7238596025472847,-0.2420881899999136,0.5668318855958976,-0.9299890347267475,-0.3134119114546024,0.7171772308628621,-1.027106401012644,-0.32758448547522534,0.8402838613793475,-1.1249128503115915,-0.32918010269742665,0.0,0.0,0.0,0.29688337704165846,-0.23472735580187873,-0.03267984910881576,0.5323550482859625,-0.5398190359668733,-0.08443743042911028,0.6907919651716754,-0.8187678199244451,-0.14182157795534445,0.8707628937122871,-0.960478472612248,-0.20696074991095442,0.4077683856049993,-0.8810810375553733,-0.1296644997108005,0.5792241939696722,-1.2181725999473836,-0.23458283693380433,0.6984661793515918,-1.4082164080822415,-0.301610555442559,0.7922148873473405,-1.5424308762379344,-0.34216660291225365,0.21171797078909377,-0.9615040370195591,-0.17517273657746774,0.21790355408415968,-1.4980247896709524,-0.26655099579272695,0.226712233785737,-1.8306002701991893,-0.326530622343688,0.2164215519627913,-2.0970737212833384,-0.36554426900332193,0.008801103971883427,-0.9333592542405246,-0.21950093517353425,-0.10891342491050449,-1.4208309449887897,-0.3114487649724591,-0.17463003910641522,-1.7287076527825027,-0.3683589781042395,-0.22090733090778936,-1.9808932776639643,-0.4040635993004292,-0.18701162232487614,-0.8285111552770069,-0.26150032190973366,-0.30397331306893316,-1.1428404908374956,-0.3379898900646112,-0.3672192924184221,-1.3347138376934293,-0.362324021622228,-0.4136159019624751,-1.5047709769633666,-0.3719791115609335
Normal/Neutral,Normal/Neutral_2_1790511016,"Straight-on, far from camera, centered",0.0,0.0,0.0,-0.14914855049667375,-0.37327670179409805,0.015458779259900761,-0.2414187407148816,-0.7741317451721917,-0.01186707429670679,-0.35278986945860663,-1.0561960191558246,-0.04935197445800233,-0.5002725566910015,-1.2170173154056851,-0.09070513952474178,-0.11673105842517141,-1.0060895888452257,-0.09206107981015103,-0.1260038087919397,-1.489518066888336,-0.1846269371269061,-0.16435197213340655,-1.7787616218947326,-0.23586372441687467,-0.21682779023734886,-2.0105826316222544,-0.2652071507548329,0.024314131804868203,-0.9864404143143338,-0.16230875516108403,0.2034918818898603,-1.521225282755831,-0.2343599857471655,0.2989677673710226,-1.8369669113553369,-0.28085843349612055,0.3737187114470356,-2.0790945779392374,-0.31061787553848563,0.16936846661608373,-0.8742005700612713,-0.22927365362679625,0.4604421756437064,-1.194984349508238,-0.31989197624024257,0.6480082066779288,-1.3064391990212567,-0.37185821167785904,0.7950223276692768,-1.3895640204732882,-0.3979273851202121,0.30400406676686603,-0.6987407423115787,-0.2899224445792333,0.5387012900201219,-0.8213745650836167,-0.3512443634575017,0.653658008270263,-0.8153457694711468,-0.3555221965694316,0.7506003575490531,-0.8217427564238438,-0.3519359600275002,0.0,0.0,0.0,0.2551147713547311,-0.2877683385898336,0.03489594461988341,0.44757838100140573,-0.6224313445270683,0.0051868678204568894,0.568874446110341,-0.8921762652375709,-0.034767384904620134,0.6979647806970494,-1.061796041988225,-0.0839829296653993,0.4542263785618244,-0.8824718588644047,-0.13508287239296357,0.6384772535688439,-1.2496318634387589,-0.2375558188205404,0.778070019928135,-1.4653663112486803,-0.29518769670463973,0.9050860578167168,-1.6298155286635192,-0.3298203740470496,0.2857471803249618,-0.9363675147931316,-0.20387355438228844,0.3786844022864987,-1.4032958767040518,-0.29371449887956497,0.45400433582286664,-1.685993290520423,-0.3320653838926362,0.5131768279539185,-1.9038537501108352,-0.3599938709675861,0.0710470341623221,-0.9113155902152535,-0.2653629504054817,0.02521703328120564,-1.434551713364433,-0.3611005559382915,-0.00609383961361816,-1.7744801686968665,-0.4129972934598147,-0.021572306100279548,-2.0437117341861035,-0.4464141326100844,-0.1593583657289059,-0.8204099644251207,-0.3157081168435079,-0.2801790316403291,-1.2383228661614152,-0.41094280506158437,-0.3542359784863006,-1.4990665158387846,-0.45063682921208764,-0.41113490479452014,-1.7270991897951242,-0.47126803349528623
Normal/Neutral,Normal/Neutral_2_1790511016,"Straight-on, far from camera, centered",0.0,0.0,0.0,-0.14802220897383006,-0.366716225186718,0.002044915055533041,-0.2397516889596439,-0.7723761920806614,-0.04400292139576299,-0.3452940215497062,-1.0730346088854426,-0.09916000424062307,-0.48702159622948726,-1.2473155322293101,-0.15677074601125354,-0.11415136795511344,-1.003159403414177,-0.1427733149486142,-0.12951856547212764,-1.4960764078485118,-0.2554874487437363,-0.16654250617102637,-1.7970211756952579,-0.3139967383417279,-0.2052447692935901,-2.038358666548045,-0.3486705419147104,0.022304849498189526,-0.9772592060999115,-0.2108718515635365,0.2565224229246735,-1.4944369440476661,-0.3039390338573663,0.4000185275453783,-1.8145949878652163,-0.351914832142788,0.5223468599880062,-2.0453536812581437,-0.38109132600615875,0.1607012224765341,-0.8545011157930099,-0.27460537074277175,0.48249040324718334,-1.1606608033426156,-0.3868384122355135,0.6659183688410862,-1.1913850211182868,-0.4331132494799582,0.805558680352296,-1.1853554581441825,-0.44905739924277305,0.29600417151688313,-0.6710143996622256,-0.3325905315353575,0.5437598115719658,-0.7587127601332058,-0.4219904602132962,0.6491726154192976,-0.7094020929810153,-0.43614401967119104,0.7364023594031849,-0.6684525061720776,-0.4327518989829391,0.0,0.0,0.0,0.23907245446309952,-0.34175470245491923,0.06560892928563454,0.42743696503398215,-0.7103540998825508,0.038996091355239994,0.5440199740724426,-0.9706334642905535,-0.0037955292505236736,0.6951606975173793,-1.088685295429664,-0.058853747742777074,0.48332520794519085,-0.8809691266858056,-0.13044749826431665,0.6592139777181746,-1.286926636918568,-0.22134458423870165,0.7780853901752088,-1.5386987083115409,-0.27144033641459814,0.8853366580082814,-1.7417095847859878,-0.3044362106210252,0.3319791024835298,-0.9186280122073716,-0.21427190833649498,0.47722507003613,-1.3456181983518916,-0.29208743435775425,0.5926964854106129,-1.60581871942646,-0.3259921057374152,0.6895968889505704,-1.8286489605148117,-0.3540084089948097,0.11659468953230262,-0.9036983943281351,-0.2846773473150684,0.10648132861397777,-1.398522075086432,-0.3601434971315388,0.10837843548883967,-1.703230144572011,-0.4044541197166798,0.12701466341398382,-1.944770103359264,-0.44058684529673015,-0.12938775041291317,-0.8378272226798389,-0.34181731939840765,-0.24764301681977424,-1.2238801980310974,-0.41568935556699954,-0.3116686704410114,-1.4544550932240357,-0.44502272575895413,-0.35329016349852543,-1.6537759070188514,-0.46418232497849404
Normal/Neutral,Normal/Neutral_2_1790511016,"Straight-on, far from camera, centered",0.0,0.0,0.0,-0.12388821329584827,-0.4009772730180273,0.01421572369324532,-0.1984104298517766,-0.798037162777151,-0.04490223869571377,-0.3039102641965234,-1.095073135476732,-0.11759204144048369,-0.4583710990129462,-1.2770175880186652,-0.1922578453830325,-0.12746930933082187,-1.0349972374210297,-0.15503121259385255,-0.13584019994088045,-1.5367222917964405,-0.2701260139712664,-0.17235615379459662,-1.844135749519948,-0.3307292962803966,-0.20616874546112218,-2.0999051669779774,-0.36888462010911516,-0.046252799619392965,-0.9724032980511802,-0.2286755440937137,0.277636312744143,-1.4365299891916783,-0.34031674826134184,0.48663664501740755,-1.6868201022989386,-0.37841001621024883,0.6571991056622072,-1.8943552867821882,-0.4018223508852564,0.06393231413444035,-0.8381496963941368,-0.29744789931605914,0.45427710447816555,-1.1381440289312843,-0.40516163463223137,0.6590034438752077,-1.167602789747561,-0.41184222831718875,0.7992782803733822,-1.1856771393341579,-0.40291392348847194,0.19081227405699336,-0.6720954200160375,-0.36292293109027884,0.4876121199000595,-0.9129535232584498,-0.42686452941336545,0.6529434997133364,-1.0216618764260461,-0.4144630912645519,0.7881082220073011,-1.1239735143413319,-0.3984436017761206,0.0,0.0,0.0,0.058371691147774296,-0.37677924632436105,0.01259736126101618,0.2684730524599998,-0.7555605035303121,0.00674720552281069,0.45105824128153854,-1.0285655257875703,-0.014276073366046301,0.5834584265234399,-1.2565063409923287,-0.03636365345037468,0.370406943493378,-0.9278591887842796,0.013951957075134117,0.5611997781225918,-1.3370348833774806,-0.06861741727593065,0.690853435973598,-1.6800583898972463,-0.14042766728269784,0.7894829112398055,-1.9638923349215494,-0.1913219762817021,0.36470730035042664,-0.9296156888598521,-0.05294578450383327,0.5753465898107962,-1.3891490430060278,-0.12861925869581217,0.7316810846051857,-1.7390777904478878,-0.19426032458372666,0.8690304084122938,-2.041261672199187,-0.24273769945885731,0.32802638911315923,-0.9116305253019592,-0.12507828303742666,0.5270228775044217,-1.351364331153088,-0.18777718011090083,0.660276362498945,-1.664642107699878,-0.23111515490251805,0.7666244579836056,-1.9283900751554472,-0.26438724902313004,0.2641297068185842,-0.8772091118891782,-0.20086850117308253,0.39088014948786304,-1.1730695933684165,-0.23969173745813313,0.47580792615319867,-1.3790292073433545,-0.25592744939601253,0.5371596793610067,-1.5583738531277436,-0.2726295133514706
Normal/Neutral,Normal/Neutral_2_1790511016,"Straight-on, far from camera, centered",0.0,0.0,0.0,-0.08595277285024296,-0.4039070662292567,0.007030264332816413,-0.16088204038711043,-0.8005848951002708,-0.04563638478802938,-0.26018200198730684,-1.0859290825946954,-0.11286129744932301,-0.3986638469144605,-1.2698382097635514,-0.18283237576658448,-0.13166175644359687,-1.0510507870289454,-0.11497685725842745,-0.10997545522705748,-1.5607703362568468,-0.21297805041384607,-0.1280034011606298,-1.881768321034673,-0.2687805486312751,-0.15417199884226226,-2.14578033271789,-0.3090390049347495,-0.07731502873374264,-0.9795146334355935,-0.18593942351592757,0.2387552986774647,-1.3928039066188538,-0.29031121455388764,0.473237107901745,-1.6018154929648447,-0.3270315618420918,0.6628108306977174,-1.79218635063736,-0.3536000202486687,0.01591965351378298,-0.8576898505687831,-0.25658532559229064,0.3391077604863358,-1.2114465516270614,-0.35393636296224845,0.5683411772491285,-1.387150127571183,-0.3696899761029639,0.7502130251936866,-1.5394433335923303,-0.3785112787483732,0.1362766735784157,-0.71662566487048,-0.3271338490607633,0.37274591170433097,-1.020122894391197,-0.3865215730783851,0.5340780158535959,-1.1809861233357932,-0.3812081341758285,0.678579992671386,-1.3304148169480765,-0.377507541325841,0.0,0.0,0.0,-0.079812298665498,-0.3059372540065072,-0.01703841116215057,0.005558968630901766,-0.6166487019136773,-0.02502506036710671,0.08724817209704999,-0.8051983597307676,-0.04629346897943521,0.1478157748664991,-0.9402123860914631,-0.06942208288604976,0.22814358018323752,-0.9675900408735764,0.03001425498405525,0.3705111052013178,-1.3107279200440802,-0.0290828258959613,0.4550683680089032,-1.556241948573496,-0.08724683807645096,0.5277999790970543,-1.746529891275568,-0.12897907228869054,0.3169152427272523,-0.9482275401929657,-0.02071861353287161,0.5192144018281999,-1.3152328458657447,-0.07143395388254666,0.6500547729644198,-1.5703656793421454,-0.12797468685339686,0.7678108412619398,-1.7779111372322631,-0.16812811274697362,0.3814412634080303,-0.8660582600859715,-0.08287207602344293,0.6030648359284144,-1.20314292198057,-0.1335504432196926,0.7464660314997551,-1.433180236219395,-0.1841555699413298,0.8676269237961894,-1.6293548751485183,-0.22239231531164935,0.41683318654138624,-0.7281770601340987,-0.15123227430175618,0.5853702029871263,-0.9339412742516313,-0.1870046686912668,0.6953245829957707,-1.088243398271109,-0.20272807826907713,0.7881370382252816,-1.2249527506291829,-0.21747892022170978
Normal/Neutral,Normal/Neutral_2_1790511016,"Straight-on, far from camera, centered",0.0,0.0,0.0,-0.05701888059394665,-0.4349177298655104,0.035095865069020384,-0.11665342568435338,-0.8440240340934164,-0.0019004302964225925,-0.2156713546169602,-1.118788842052405,-0.0631448514878811,-0.35794219453816667,-1.2663491678612413,-0.13102247486869978,-0.11147420526909305,-1.0667360950115026,-0.05255029366483937,-0.042396841498474,-1.5467798531304204,-0.14096720208947985,-0.026715881664128503,-1.8614616925974645,-0.19511589453726974,-0.01776716396136915,-2.1103676188927656,-0.23596608249938864,-0.0659694593173367,-0.9873040124516244,-0.1444950429402367,0.26925711740240826,-1.3507855348970934,-0.24649210242201508,0.4966938444467044,-1.5277448688643813,-0.28533738959591437,0.6766615182635318,-1.6875558282300107,-0.31331661348382006,0.007297061893006016,-0.8554162718842954,-0.23858855135252974,0.3137652868064205,-1.2200962916159404,-0.341386503970578,0.5358078455526095,-1.418297780317287,-0.36211269073477287,0.7119827593240541,-1.5982956957193635,-0.3746903986674128,0.10583531275804785,-0.7066230199076151,-0.3304933977285444,0.2676366336882193,-1.0243895010700577,-0.39651926923374947,0.3944223861964623,-1.2063154338455477,-0.3958580544193484,0.514015293967019,-1.37386870429008,-0.39719531405630154,0.0,0.0,0.0,-0.10413697285495954,-0.30100417220173964,-0.0222927727908129,-0.059537020418043894,-0.6371737878617618,-0.034436616261226065,0.012640855954290374,-0.8459512302452021,-0.05789726894928384,0.05082143455035892,-0.9693346348160209,-0.0857222052841577,0.2012884512311825,-0.9915177129676579,0.011748307943041263,0.29980763698920926,-1.3477954660932472,-0.04637985756077757,0.3579535704120852,-1.583234017573754,-0.10354898434443556,0.41314615767535184,-1.772322485559799,-0.14610114619316686,0.31481734876900475,-0.9483814913245775,-0.03824374232505288,0.5016939383335611,-1.3240100494399731,-0.08605581488434097,0.613870158241028,-1.5730062717131224,-0.1410442088837892,0.7122858057112992,-1.7682769774616065,-0.1817181475745226,0.39402163394346285,-0.8402532844738779,-0.09876832309119608,0.609529065031017,-1.1665408385565814,-0.14761920327609157,0.7408974425518906,-1.383355858020146,-0.1965084014991849,0.8495967799576291,-1.5601942435895586,-0.23507743132756634,0.4329161257333301,-0.6763129306057613,-0.16529483026570505,0.6256484734594189,-0.860247028831199,-0.2008008959035142,0.7505841173603801,-0.9999903178535938,-0.21639182330594375,0.8571500650466383,-1.122309950016343,-0.23165591884766698
Normal/Neutral,Normal/Neutral_2_1790511016,"Straight-on, far from camera, centered",0.0,0.0,0.0,0.09706628273841895,-0.38964360041141666,0.09440844715903529,0.08484460680844895,-0.8382224196062449,0.10779211063891733,0.02922562397460239,-1.144693654846472,0.09143866759245711,-0.03668903801612067,-1.3430105907264522,0.06208570261726264,0.11924184519332562,-1.0228290455311948,-0.005169474246822538,0.2401323925864492,-1.4841605903651227,-0.0855095053394582,0.3402545650961099,-1.790316867932116,-0.1381530076492164,0.4284587204190529,-2.021139413002573,-0.17552039340438158,0.12282313520870627,-0.9854248794049961,-0.1176957285000288,0.26821447068917575,-1.49506594095225,-0.19428056002941696,0.3918120533903628,-1.8372347331027228,-0.2455286371303879,0.49352549187241557,-2.1138188861756815,-0.2834271608675732,0.10560639064942265,-0.8905618880129662,-0.22604909058438305,0.17998771750626977,-1.3880970876625602,-0.29676004536720646,0.24139504801187986,-1.7153023302075565,-0.3559146517077585,0.29456216303974475,-1.9909270158095878,-0.4063717007249868,0.08712181198846686,-0.7621975692258414,-0.32533712841544987,0.06827802151184977,-1.0368265366232543,-0.4061057933545632,0.04586282758358583,-1.2410791770535066,-0.4553177532515664,0.017291599970410954,-1.4224712573987248,-0.49560505910233676,0.0,0.0,0.0,-0.16090014619001922,-0.28741270640335087,-0.021975665357644798,-0.19425722420802644,-0.6551006879885427,-0.022291219147583686,-0.19514835082418017,-0.9094845860931703,-0.033382338934911826,-0.2618929727274135,-1.0787468511881055,-0.04944795467853396,0.08656647676255018,-0.9938674218228036,0.034109889763305944,0.12070957415480582,-1.3310712566687333,-0.004861623991563757,0.16114006489436827,-1.5384326120143024,-0.05163682310683204,0.20736211699224946,-1.7039140629873684,-0.0897058461646812,0.25049340686077015,-0.968086443335464,-0.007854384086358048,0.3775764404377763,-1.329812254705911,-0.035299168590257744,0.45106239710987855,-1.552063041008052,-0.0811009821321878,0.5035528013880547,-1.728849994482723,-0.11894518256090947,0.38207396408597094,-0.8671591184125903,-0.0622578194558204,0.5697315198076964,-1.158662629136763,-0.10397997966035985,0.6753003196013743,-1.351449875251476,-0.15458554641895234,0.7530157002901445,-1.5136204481045248,-0.19480833372860387,0.46930231181385235,-0.7089353986577542,-0.12156455689943332,0.675961428920025,-0.8745874584872461,-0.16122927140542684,0.805055971380161,-0.9962338580590341,-0.18506891961080454,0.9085736566633242,-1.1058203440922083,-0.2054822169189676
Normal/Neutral,Normal/Neutral_2_1790511016,"Straight-on, far from camera, centered",0.0,0.0,0.0,0.16127437304919398,-0.3074756946422732,0.005206392615077608,0.15868143147947836,-0.6640721565745332,-0.0017077628892926044,0.08171040833659586,-0.9217721061157473,-0.026071199599432302,0.030179493937892068,-1.0889138816999457,-0.0533949364353447,0.1459397585587229,-0.9661984376696434,2.9436639067740252e-05,0.28855368534344533,-1.2693213124537577,-0.08776779671271465,0.3946759300698437,-1.4875205348163685,-0.1577388649000949,0.4752048098060738,-1.6575121060138405,-0.2030947137797451,0.0539761648933737,-0.9961236461044133,-0.06945685923688841,0.0319445093072065,-1.4747454708699506,-0.13844578177521466,0.03917880344401092,-1.789843737344873,-0.190498323927377,0.032770723147317306,-2.0354330187323386,-0.21920572312812864,-0.030597737938818627,-0.9079054124842089,-0.14739275726995862,-0.12802590138085926,-1.3227632209365312,-0.22582647054619923,-0.16390627081551587,-1.6046725202632097,-0.2853737728887113,-0.19186740199721405,-1.8485494413602903,-0.3205636865475292,-0.09333776279838323,-0.7351796299930645,-0.2259787903451549,-0.20543700111837074,-0.9291617969489042,-0.3094682340009427,-0.28548128289242186,-1.0695693474994654,-0.34561800586941005,-0.36090390424272367,-1.1934295043838903,-0.3627090739277437,0.0,0.0,0.0,-0.1940297292035205,-0.2644037646797729,-0.05168592424404555,-0.294213841538483,-0.6315683516735962,-0.0619636107940358,-0.35804659190983623,-0.9128843198849247,-0.07749031089602165,-0.4587749946499777,-1.094274751396992,-0.09382141421638675,-0.044863249726593786,-0.9979202723837867,0.021201287486118686,-0.06191114892703054,-1.3424674068344287,-0.021099312134891433,-0.06063636350437473,-1.5598337756262006,-0.06864423721100352,-0.046871545626034995,-1.7400858712493203,-0.10843159137566649,0.1341668310117684,-0.9909507920570848,-0.00397355982664208,0.1840854982690126,-1.3348164327040124,-0.030977699160798004,0.21429060029713234,-1.5415329530830946,-0.07252712990488284,0.23628385276346037,-1.7072573196228316,-0.10782036012966716,0.29143584965055475,-0.9022050707439772,-0.04521218071600095,0.3955717214092676,-1.196527468817565,-0.09235529436686712,0.45182285321429944,-1.3768602279771864,-0.13382879089832675,0.49397218956326994,-1.5310636552964991,-0.1660204327581426,0.4158484236642489,-0.7496394147615774,-0.09399623429188153,0.5731528739499098,-0.9232816235805302,-0.14252118217085422,0.6777561419014355,-1.0361125722552171,-0.16640344320687,0.7656922123902189,-1.1365137976603894,-0.18357422237412693
Normal/Neutral,Normal/Neutral_2_1790511016,"Straight-on, far from camera, centered",0.0,0.0,0.0,0.20791241810128114,-0.2586873370335478,-0.05006992688505883,0.2882937259769338,-0.6086351422536527,-0.07707345912666454,0.29885999664122376,-0.8909293468604554,-0.11025110735757888,0.32660344316904333,-1.1158813371241163,-0.14790751128510443,0.16415020717561146,-0.9815767376338898,-0.07681344105599187,0.23243890179422028,-1.3423922714728036,-0.17129283689950828,0.25242742712124105,-1.571939801958864,-0.24031376844398555,0.25438521024159993,-1.7658788817553863,-0.28795598034607583,0.01694092089355548,-0.9921421615061727,-0.12396344848840689,-0.0373824799443617,-1.4543504532923073,-0.20978255031762183,-0.05983686359598675,-1.7663107456789948,-0.2746717719615752,-0.09365477258656349,-2.0307875996649187,-0.3168031673306181,-0.10252576565268802,-0.8921360254705383,-0.1804214928960358,-0.21807307539418186,-1.2859391887370912,-0.2742221254058181,-0.2720399767971202,-1.5605030291113002,-0.3434829901730502,-0.31770069540265344,-1.8123669161518325,-0.3881262352575816,-0.19073862940577985,-0.7063117534778219,-0.24038619562284075,-0.3568855721340757,-0.9211826848972473,-0.34268658229039556,-0.46207788581704495,-1.0807352348704415,-0.39262164232514446,-0.5553626102965163,-1.2372647373783756,-0.41979374240844,0.0,0.0,0.0,-0.22297559992455981,-0.2617426208389549,-0.0585961097075952,-0.35047327775295106,-0.6279251859467354,-0.06923942892584604,-0.4256216684934719,-0.9240922866081671,-0.08370592543165369,-0.5287661744674843,-1.12508434444495,-0.0975550407838369,-0.1287122465947886,-0.9925170626889768,0.026359010701614543,-0.15161281861799866,-1.3397799727478321,-0.014745606276517522,-0.1533949999234662,-1.5516543225971104,-0.061894028441114544,-0.14689873544741483,-1.7306510130848858,-0.10177019806374865,0.0614890696390266,-0.9981001118299919,0.003906543214217378,0.08718040331266483,-1.3583433441196797,-0.022847020327816246,0.10655094412851264,-1.5722222664775691,-0.07134836055688022,0.12197718813388651,-1.7517045555958797,-0.11228310563092786,0.23127998498877816,-0.922281877259762,-0.035268934233114495,0.3129910142522578,-1.225057391648916,-0.08415995824390385,0.3571175487244051,-1.4198423317197384,-0.13563235810520607,0.38595745356570793,-1.5878411478029903,-0.17597430831725042,0.373483710267594,-0.7777260693761702,-0.08157742013233252,0.5088173402314549,-0.9470531293176494,-0.1314607349523248,0.5999054201907826,-1.054657666075807,-0.15908475975834377,0.6727314822096241,-1.149781593255136,-0.17954110273593854
Normal/Neutral,Normal/Neutral_2_1790511016,"Straight-on, far from camera, centered",0.0,0.0,0.0,0.2496927269050718,-0.204668547074401,-0.10531846155057366,0.4419408664539573,-0.5119873467424246,-0.16037929328395434,0.563358654593636,-0.7711185301033667,-0.21206008591050038,0.6759310546602675,-0.9518399157145152,-0.2651053864927962,0.1757119022627948,-0.9778514736797256,-0.11684039225031002,0.19288536397933678,-1.3732628036701087,-0.20436272975695213,0.18597757568432405,-1.6226460331404287,-0.2712830302341951,0.16835809737660162,-1.8314927955839804,-0.3200749058490145,-0.003041500968740059,-0.9902832240431638,-0.13903195837840376,-0.047080069204186496,-1.4463394420893931,-0.21982247349084516,-0.07033207674331035,-1.7369814343013537,-0.28500601584590834,-0.10299296833943429,-1.9713086668345141,-0.3294608004041531,-0.15856477213428796,-0.9067488941603705,-0.17405218558131416,-0.25651949492920706,-1.312412529227588,-0.26119058827933567,-0.31471716570319935,-1.5857356283367816,-0.33097727200546745,-0.36209863031505,-1.8173535430117995,-0.3759492190802569,-0.29020772356005725,-0.7436145787485935,-0.21792242154459535,-0.46511428433033003,-0.9975612749760866,-0.3105140581464499,-0.5839292962680702,-1.1628928601340605,-0.35847674192650775,-0.6813776423700051,-1.3167689891926695,-0.38446366466560444,0.0,0.0,0.0,-0.2424257878952841,-0.24706920839108606,-0.06419354823554621,-0.3903416067555314,-0.620115434102013,-0.07488214118799688,-0.4859612758859505,-0.9275452771011785,-0.0895787162593767,-0.6075569703844513,-1.120481352938796,-0.10094826263167485,-0.20427371617676482,-0.9682907363354254,0.03823327815674385,-0.25172105892904906,-1.3080428937150073,-0.006891769842763029,-0.2651140968205551,-1.5186613661691684,-0.058204105063297394,-0.2674974996497256,-1.6958432259427159,-0.10000324173347991,-0.026323189831623264,-0.9994895560060142,0.018102958652906016,-0.05038176379179996,-1.37242389206644,-0.013709404036471055,-0.054028906577659255,-1.5961326872617783,-0.06524265141565005,-0.050417016695382545,-1.7878391264950857,-0.10546640599524819,0.14273900660589145,-0.9419989675700389,-0.01996844390861261,0.1929330103677407,-1.262155108762518,-0.0742397935294097,0.22005398873478724,-1.4412360271247098,-0.1209927355076606,0.23595458098547198,-1.5948536199557057,-0.1539992364206851,0.2977858747669206,-0.8078386784142229,-0.06657362215602243,0.43070158315277746,-0.9768932111770456,-0.12082136855685545,0.5168221275026279,-1.0878793144321264,-0.14731325502763343,0.5862220664097639,-1.1884305582267616,-0.16358722390420424
Normal/Neutral,Normal/Neutral_2_1790511016,"Straight-on, far from camera, centered",0.0,0.0,0.0,0.2442647521951579,-0.1912908001441641,-0.11605587704214038,0.435321171751351,-0.48786457257099636,-0.17345905595016403,0.5421951746135399,-0.7582452310204433,-0.22432480138999691,0.6593389863984048,-0.9470575056864332,-0.27348369235575964,0.18749304678512463,-0.9635665652525929,-0.1096497040891563,0.21816066344950608,-1.3510477046219016,-0.19053272161127527,0.21473831294817478,-1.5911794801296784,-0.2527630942895911,0.2017075400908958,-1.7927101515079709,-0.2986304151829408,0.001670995721299194,-0.9926234554897249,-0.12122657870672517,-0.028234391635983267,-1.4402411388950305,-0.1952613622834952,-0.04967765497512587,-1.7158557719198906,-0.25481382595509877,-0.07752325057694547,-1.9396053291208801,-0.29538756771384655,-0.15949067223538493,-0.9268085985535564,-0.14738976730546777,-0.2454929852595169,-1.3282068239279337,-0.23102225131107818,-0.2959454748842881,-1.584891777700782,-0.29506462967052555,-0.3347604759201055,-1.8026222838358943,-0.3360510979184273,-0.2973446679069318,-0.7804235433968193,-0.1834258196357249,-0.4658926726788166,-1.0268382943300374,-0.27178440847316016,-0.57942978082761,-1.1832430211432963,-0.3162495819667068,-0.6729035167291304,-1.334269205858814,-0.33989996200232264,0.0,0.0,0.0,-0.2443768426753452,-0.2320944683846716,-0.047662277413850034,-0.4023919756337046,-0.6201044140791321,-0.042600639098627255,-0.5178844973075316,-0.9190669551495014,-0.043434370318672706,-0.6579578129661338,-1.0712484378615597,-0.04349000990399705,-0.2196539322602083,-0.9622695859126466,0.05442378141535095,-0.2728734791633678,-1.2981220375975113,0.025535065227418625,-0.2848013264449669,-1.4995346383606407,-0.013603337374085247,-0.28415416184003994,-1.6682700109759392,-0.047197721796633604,-0.04290922910046278,-0.9985222647910037,0.03334793508822712,-0.06796527265343694,-1.3727942888838274,0.021080716779437278,-0.0698082018471604,-1.595414328577715,-0.018972664804782328,-0.06515503485305761,-1.777445610133552,-0.052620339904080285,0.12656461410593595,-0.9481007306189451,-0.003981035636149752,0.1690375610465247,-1.2616775779448488,-0.04231826566616556,0.1897315470675887,-1.4531802319241502,-0.09008029212785933,0.20443448507539166,-1.6121053684769229,-0.1268176042701702,0.28288351870191303,-0.822020534883167,-0.04799665216028587,0.41045670102331955,-0.9915501549681486,-0.09444428967320477,0.4983007003903151,-1.1003754294842512,-0.1219426907557768,0.5733717945618401,-1.1949118902143578,-0.14019522060733133
Normal/Neutral,Normal/Neutral_2_1790511016,"Straight-on, far from camera, centered",0.0,0.0,0.0,0.2478429036450037,-0.19267302368968006,-0.1082463543523669,0.44129829222067923,-0.47423616346209196,-0.15584418424453034,0.5451980515563963,-0.7370914188438603,-0.19868162415691615,0.6077237865303451,-0.948606977260646,-0.23857118176154957,0.1882999831646945,-0.9617191341630271,-0.08257964964569091,0.23663094157700626,-1.3388399032305713,-0.1558390091058804,0.24584829880459486,-1.5706954009782224,-0.2159777597433236,0.24289411685376625,-1.7594279676951143,-0.259239210373087,0.009560560815065337,-0.9956425065738911,-0.0927609550412272,-0.0068776141684320025,-1.43335747475441,-0.1568521513196162,-0.017468172672181783,-1.6932132778136082,-0.214744915965874,-0.0341799045173996,-1.8966022241133995,-0.2550583270990943,-0.14998151543235547,-0.9402919320578553,-0.118397207442553,-0.22280413188311496,-1.3347570573962368,-0.1914065037195193,-0.26634919945720814,-1.5809001940065333,-0.25370631003535066,-0.29798661155824957,-1.7835094839041084,-0.295231598379621,-0.2915663442222837,-0.8046727322552061,-0.153948765531097,-0.4485539333394661,-1.0443008045972573,-0.23388581920075072,-0.5532673985877691,-1.2049928256721651,-0.2767166209095879,-0.6390141257813677,-1.3551070568097117,-0.30003344992582537,0.0,0.0,0.0,-0.23479603036611005,-0.22091752349494162,-0.02837741676432726,-0.3650681619219761,-0.5775506197111038,-0.010993376014229042,-0.4494029422767164,-0.8447782189202989,-0.0029509240767367105,-0.5632789754224375,-0.9804325529284093,0.005855733384011609,-0.1357201089221917,-0.9673970234043755,0.09476145312001943,-0.14883350989622973,-1.268351276833913,0.0826873914739562,-0.13691086167711297,-1.4346975466126806,0.05221404979410699,-0.11788452273720859,-1.5701099499023305,0.0265169172342945,0.03845261959876329,-0.9967303669841796,0.07106315203799489,0.08225720030996332,-1.3370013862974803,0.0788926408206748,0.11401967950980689,-1.530285885543296,0.06114571728253757,0.1407363911627649,-1.6803857515439657,0.04388421154714872,0.19343268181087248,-0.9560361080721835,0.02852209821213969,0.295977284930714,-1.2746460117148493,0.0070760940053626285,0.3555043382078463,-1.4573573825304589,-0.01611848130264382,0.40275265148962824,-1.6019208152458662,-0.03282258362417018,0.32145636975204905,-0.8568679505418523,-0.021220034375729984,0.4535467618638425,-1.0874105364640339,-0.053161609346141676,0.5450162303126732,-1.219426837293299,-0.06348665247271565,0.6260615089298499,-1.3282654192605816,-0.06760566471078092
Normal/Neutral,Normal/Neutral_2_1790511016,"Straight-on, far from camera, centered",0.0,0.0,0.0,0.23066723526731717,-0.21045329423962003,-0.09477661273695562,0.3894589298684019,-0.5300520095697667,-0.1303312117946459,0.4710716738345616,-0.8184977423149387,-0.1655811084462491,0.5316247527863119,-1.0480901875471247,-0.19914631248698977,0.12053804376354767,-0.9837400733689333,-0.04666020366794375,0.13483115838740975,-1.3470539960983405,-0.11453184094366482,0.1345087972265553,-1.564053118145429,-0.17595511725702315,0.1273398642575767,-1.7454301941728259,-0.2207391770832684,-0.04580334922474847,-0.9971237502707613,-0.060384433803490595,-0.1080793537691597,-1.412155401405535,-0.118408826478603,-0.13766679885765537,-1.6610231478146948,-0.17484900367232803,-0.17141270292117355,-1.8540958660063163,-0.2150125258727951,-0.18352855233978219,-0.931054882232579,-0.09079845675901618,-0.2863693476208447,-1.3022048359097214,-0.15745488134466545,-0.35002998816323194,-1.541088488294582,-0.21269640833810888,-0.40296244927238284,-1.7438730001416867,-0.2491726403249847,-0.29643346306272084,-0.7888329305478379,-0.13170552512456662,-0.45469838160212694,-1.0301464275886918,-0.20466122456144006,-0.559925787218786,-1.1948555353577908,-0.24292883648160535,-0.6492922652245567,-1.3506879545022317,-0.26369738092413136,0.0,0.0,0.0,-0.1773058105744821,-0.2619650093450614,0.05503533857191785,-0.2146508675851604,-0.5917918977028167,0.08832333254985256,-0.2362855264074962,-0.8187532666573041,0.08905750545606565,-0.2860340957563237,-0.9747626401142586,0.08233743293187216,0.051009982570623696,-0.9807599258890628,0.18111256557654465,0.1677679584988899,-1.2858535833970233,0.1701980094359583,0.2608511837762724,-1.4606903755264053,0.13510572997643955,0.35065058377424413,-1.5935930570594155,0.10645776305419859,0.1483079115013325,-0.9839192240862488,0.09953754999811334,0.2952736977831305,-1.3241856328371875,0.09765566329370379,0.40343315555234005,-1.5304916485418973,0.06722322256253789,0.5014544177199228,-1.68783853510423,0.04138309332322426,0.22869091176316583,-0.9460852829749841,0.0020154129414327415,0.3740378459760408,-1.2937625904896868,-0.015957864183835296,0.4822211330017255,-1.520142833060458,-0.03898203199357426,0.5780616338589879,-1.705247728673541,-0.05978106340896845,0.28377031639118677,-0.8685802419467917,-0.0995056410297547,0.376007218720856,-1.181688216487322,-0.12411897492755214,0.44512513015549693,-1.3898859676818796,-0.1295154487584777,0.5073832904680726,-1.568849833295615,-0.13743546967583253
Normal/Neutral,Normal/Neutral_3_1790511028,"Tilted slightly LEFT, medium distance, centered",0.0,0.0,0.0,0.14374815495473395,-0.33850268270895967,-0.12477102261161344,0.1658772922423987,-0.7238044056466187,-0.17633914709831483,0.08528771274126862,-1.023054724887097,-0.219844553173876,0.02076231130749458,-1.2702962470357977,-0.26054130355822586,-0.23837167454786373,-1.0020903943982489,-0.09637158483922965,-0.3609491873814361,-1.3405364532860335,-0.1796685707029417,-0.45865441277764496,-1.5389821235509205,-0.24616880781284578,-0.553926183794485,-1.699198677593205,-0.29606772826464656,-0.4175659762431912,-0.9026081856333261,-0.10458068039454453,-0.6229489778894577,-1.260811209016517,-0.18296478489309315,-0.7595707509630827,-1.4850619985082543,-0.24944168750894846,-0.8842165401938168,-1.6727180909769832,-0.2959622435655221,-0.5346633991319466,-0.7284599796921322,-0.1304196711692629,-0.7679466927172832,-1.022515885298496,-0.2217459719560591,-0.92222728938992,-1.22327290341225,-0.2988963164541989,-1.0512815627497336,-1.4054646144801008,-0.3495702754583329,-0.5986757156828798,-0.49046384893890027,-0.1670723733606967,-0.8455488176789675,-0.5855257465024174,-0.2686632372436473,-1.015946060782291,-0.6593621133697306,-0.3297302246382266,-1.1665430495656326,-0.7501027000901547,-0.36536030746889514,0.0,0.0,0.0,-0.2954250933014122,0.05058764315330445,-0.09016436313197491,-0.6116799858068918,-0.052951915265817905,-0.12999810701757003,-0.8559067016780376,-0.16139982361358796,-0.1715773655575305,-1.0433675466854098,-0.23257694873246665,-0.20975963079451504,-0.6681865215212125,-0.68292842809187,-0.00818210992309063,-0.8600370461583262,-0.9820853541939113,-0.07816376416142627,-0.9660848076979085,-1.180420986468347,-0.15237485389516378,-1.046425108097461,-1.3689498600662167,-0.21026189004099477,-0.568284138573169,-0.8222251169175763,-0.03160688146637241,-0.8096698378820568,-1.1223597365330555,-0.09043748896828166,-0.9517210982202033,-1.3212144713316465,-0.15197426213149304,-1.0699900286777595,-1.5013413183124866,-0.19861077219841217,-0.42246949299120995,-0.9067195341861172,-0.07755245583530544,-0.5906249972480493,-1.2685940728318792,-0.15352605883203263,-0.6874546909003236,-1.5023693660674435,-0.20515440583586866,-0.7782855303205002,-1.7044949654385106,-0.23972741465145775,-0.241948456583201,-0.9391325378405041,-0.13550987040802318,-0.3241909803039914,-1.2723941972218644,-0.20748006132378388,-0.3741808559378066,-1.495429773580705,-0.2384832812860349,-0.4295994807001719,-1.7072830344077554,-0.2580452557782138
Normal/Neutral,Normal/Neutral_3_1790511028,"Tilted slightly LEFT, medium distance, centered",0.0,0.0,0.0,0.14903730630205772,-0.33836654822646717,-0.13708298526526486,0.16542537546749717,-0.734347306783228,-0.1890070786833692,0.07661613224853352,-1.0427730573081095,-0.23030068999173559,0.008935131538413629,-1.2908505718619834,-0.2686676177209092,-0.24565316520124475,-1.0008020291195578,-0.1084336763460167,-0.3664984666429065,-1.3456678968871163,-0.19211090172138057,-0.46887143883929455,-1.5541497390430723,-0.2599779624162295,-0.5709358440357941,-1.7216585426242565,-0.31231736871292853,-0.4334561190084704,-0.8943647174132542,-0.11057823086134437,-0.6792569119804827,-1.222519898031667,-0.1885693373840591,-0.8361358227612832,-1.4196041737351799,-0.25507257446211495,-0.9758386537743227,-1.5801440591055806,-0.30206130603463865,-0.5471819163667246,-0.7193996483404557,-0.13021445763623044,-0.7962333859567956,-0.9939344258973536,-0.2200993521977878,-0.9605421704142109,-1.1834052869481348,-0.29274275365326885,-1.102740114122724,-1.3551719083887754,-0.34084772958331316,-0.6026500238002502,-0.485554301342854,-0.16215257495527907,-0.8533469837682467,-0.5717260269941665,-0.2624026815315908,-1.0227161098746727,-0.6375578442813475,-0.3188750414351699,-1.1740498276240732,-0.715727904411285,-0.3507181528422547,0.0,0.0,0.0,-0.3013609208918883,0.06244442631525783,-0.07830900402263952,-0.6270141823310045,-0.046484598813085864,-0.10207871335284872,-0.8707190240764068,-0.1697143953061663,-0.127699007997794,-1.0526819786403567,-0.24330548038290442,-0.14942235740527798,-0.6743280875916301,-0.6634061527044965,0.01323460152564541,-0.8799362488634667,-0.9463955644367763,-0.04261752278705805,-0.9997517494904868,-1.13720519317841,-0.10861997322787798,-1.0946273324885818,-1.308022375465591,-0.1635079484576395,-0.5771773415816583,-0.8165858351731307,-0.00734099171299647,-0.8173149688482791,-1.0814949479735056,-0.0572549194068046,-0.9659336874766224,-1.2509562518945596,-0.1181456946945144,-1.0929057791789911,-1.3993861492793689,-0.1655954814398134,-0.43558623050315076,-0.9249124939400598,-0.04883435003469053,-0.6309696771133908,-1.269719144054263,-0.12208153444868952,-0.7598313109781656,-1.4934860581549656,-0.18339928024969476,-0.8766376392522476,-1.6857561704586748,-0.22626143935674212,-0.24924226849532954,-0.9860094634939489,-0.10014632212083632,-0.3010701539065403,-1.3289531659870888,-0.17653763925942642,-0.3434888905906673,-1.5578339887668347,-0.21930677287706843,-0.3902186024264626,-1.7664896628553783,-0.24701019578327768
Normal/Neutral,Normal/Neutral_3_1790511028,"Tilted slightly LEFT, medium distance, centered",0.0,0.0,0.0,0.14828029315973673,-0.3434509987889938,-0.13697932296206802,0.1617350896540205,-0.7409426963416429,-0.18727962500553028,0.07508770871460241,-1.0435211077177193,-0.22700813777811008,0.009529077325574979,-1.2846097663768317,-0.26345879907367165,-0.25795951184468985,-1.0020744177440357,-0.09930454036013098,-0.3844737023051727,-1.3338994735406766,-0.17390309026020298,-0.4950197499522521,-1.5290383252650952,-0.23590205922531185,-0.6019679539683562,-1.6784950160828305,-0.28589422279492216,-0.44117996877802323,-0.891903843423529,-0.09933664598404501,-0.7021144339593621,-1.1861511772054254,-0.1697169219406906,-0.8662302826303229,-1.3503316947952606,-0.23031684772544053,-1.007337177108075,-1.4778029669482453,-0.2744373206036046,-0.5498524026948214,-0.7163123051647907,-0.11752620963953954,-0.8036917767102368,-0.97985101013509,-0.2035995223435199,-0.9754319215782227,-1.1552572831541932,-0.2735447247615587,-1.1251270590112,-1.3082878356400658,-0.3210895381769588,-0.5991876938949007,-0.48280853722559747,-0.1478432894290547,-0.8507704292811947,-0.5625286092047497,-0.24769056697339215,-1.0211912000562462,-0.6203024391607342,-0.30353670936494803,-1.1738758905322566,-0.6853426207882534,-0.33535233002033754,0.0,0.0,0.0,-0.30314145312796337,0.07099719446476652,-0.0800985419179181,-0.6380209468649065,-0.04036259094935872,-0.10248709658430988,-0.8895024589872368,-0.16300225421243011,-0.1262876310054932,-1.0749811399087632,-0.23126348021173018,-0.147670042732822,-0.6765588121617607,-0.6568922747952884,0.0003238470948387844,-0.9017607804465609,-0.9409818538504786,-0.057034101231348035,-1.0307338948634392,-1.1311524944475955,-0.12204821269983565,-1.1348234500077776,-1.3032116241304479,-0.1768113325283156,-0.5730987044865531,-0.8192287931079834,-0.020544085734627286,-0.8202256049363218,-1.091899164660918,-0.07436669890289549,-0.9781210465504463,-1.2651047399476887,-0.1408361976412556,-1.1148979655685953,-1.4172697455634866,-0.19270440511821396,-0.42641280388674585,-0.9336305346184762,-0.061095360422939296,-0.6290250001174746,-1.2855266142771178,-0.14186555985584245,-0.7593165941796564,-1.5119847894682825,-0.2127752532823068,-0.8782534935051021,-1.707404932356885,-0.26208528040346263,-0.23878817750106607,-0.9965990258132863,-0.11038622131666541,-0.28404433051826333,-1.3478916423111313,-0.19735087825405329,-0.31379636356094004,-1.5840343484205845,-0.2487805305270411,-0.3462144762397704,-1.798923682333914,-0.28196344428113096
Normal/Neutral,Normal/Neutral_3_1790511028,"Tilted slightly LEFT, medium distance, centered",0.0,0.0,0.0,0.14523660917061124,-0.34592124656128437,-0.14345346846231788,0.15691933586076112,-0.7419561856228412,-0.20208738762336592,0.06788502470351723,-1.0487732169378992,-0.2488028475555427,-0.0013860799182717745,-1.2972708288414305,-0.2929516717682973,-0.2606883882647571,-0.9952968079607469,-0.12823823793836023,-0.3926381234205796,-1.3439218302038725,-0.21972157986419155,-0.5020464528429149,-1.5571239269556805,-0.2917434742741797,-0.610452155344881,-1.730118742313674,-0.3471563812843537,-0.451597436410142,-0.8826695917782152,-0.13020809182945017,-0.7169038921221348,-1.1998412477354423,-0.21607468820095746,-0.8820070738229105,-1.3934438511047647,-0.2861749506985111,-1.0281139549840361,-1.5533260047986035,-0.3353698937181661,-0.5635750031230023,-0.7029051167577148,-0.14910391829941128,-0.8289076603725305,-0.9632331874247338,-0.24534310641351645,-1.0039095413797092,-1.1492949511260753,-0.32004610567145003,-1.1565604888234273,-1.3204664367940186,-0.3692419081387015,-0.6118157502557642,-0.46910489497295965,-0.1803673350523351,-0.870180517416077,-0.54546918320654,-0.2852038678277632,-1.0428926441997748,-0.603435532254115,-0.3425511590944381,-1.1972745191027667,-0.6739994318874895,-0.37460511665206936,0.0,0.0,0.0,-0.2931771002883336,0.06720367843191555,-0.0699165497029193,-0.6244327160839068,-0.03152147043562378,-0.0862638353214536,-0.8649344927068464,-0.15276559113146096,-0.10676888286243784,-1.0447119676982104,-0.21215987846791057,-0.1291706529402775,-0.6622685730938833,-0.6209955659771033,0.0003657407576845663,-0.9081636871306775,-0.814072306312142,-0.058181907844564555,-1.05624241495424,-0.957617313351395,-0.12198367759926314,-1.1725570138449153,-1.0987401234559413,-0.17606320082595603,-0.5679573515752957,-0.8224095783700087,-0.03266392806813892,-0.8181387010574184,-1.1602757732998852,-0.08177815669611581,-0.9769137101274311,-1.3778004669351367,-0.14849673753540127,-1.1089756607202466,-1.5658950290099114,-0.2017169595227747,-0.4235571159444226,-0.9429757472064035,-0.08376647266835036,-0.6238837725394653,-1.2977389597748206,-0.16033922913838616,-0.7576316073031398,-1.5233319387431246,-0.23867023126719122,-0.8769427972929295,-1.717696129405415,-0.296335823637774,-0.23886635488822008,-0.9903468106278244,-0.14279603177750533,-0.26764091358267306,-1.3247754166471046,-0.22290476519599123,-0.2833632534686395,-1.5614332720475752,-0.2725242181124254,-0.3002378921137616,-1.7724742008445615,-0.30850434645860075
Normal/Neutral,Normal/Neutral_3_1790511028,"Tilted slightly LEFT, medium distance, centered",0.0,0.0,0.0,0.14272799915336432,-0.33712675484219073,-0.13840310667569922,0.16207229298118556,-0.7234190846984122,-0.19605889265780638,0.07960519568654914,-1.0362637108203177,-0.24221556704463776,0.003653790597136485,-1.2972714317356944,-0.2850470246330307,-0.2408503532178411,-0.9905639452789202,-0.11356956974055094,-0.3925235525940005,-1.3214943538025927,-0.19966934213445578,-0.5039597253076593,-1.5097744719054709,-0.2687164651005955,-0.6107799993066452,-1.6678610469889699,-0.31997973646964234,-0.4221604605611475,-0.899601433306437,-0.1117935898511355,-0.6112865862346865,-1.2743599370413148,-0.18579575464337972,-0.740205836120713,-1.5115129272655425,-0.2522517423664816,-0.8561074393900857,-1.714132896818718,-0.30181580591092466,-0.5490867589879348,-0.7259479488811984,-0.12836939444314663,-0.7694054474463604,-1.0256383367868787,-0.21166918937523113,-0.9115887453885657,-1.2210284338783515,-0.2884775413896216,-1.0270468075647146,-1.3982217360929567,-0.3428593613326284,-0.6272225195457389,-0.48445474092213026,-0.1570335209058282,-0.8577730428133727,-0.5757317882407312,-0.24945475992872912,-1.0164136626580185,-0.6407107202912243,-0.3082100550939084,-1.1584233185870876,-0.722230511131671,-0.3456932554183518,0.0,0.0,0.0,-0.29277758388144004,0.05926327886463959,-0.07453678790344258,-0.6176463876889017,-0.025376059021085796,-0.10086191835216984,-0.8594556643811827,-0.14690867536561827,-0.13193089792329116,-1.0465073185579423,-0.2083531483025414,-0.1655319968998778,-0.6524086588416902,-0.6282709690018595,-0.002338865324453835,-0.8944783061931405,-0.7954096295861672,-0.0675376575674332,-1.0419561938564816,-0.9253019885609325,-0.1381237223642725,-1.1581175393705059,-1.0574068547185569,-0.19657257885766252,-0.5612823597061823,-0.8268544268048277,-0.035691309249166976,-0.8021964245933786,-1.1582711022963421,-0.08721823576274722,-0.9510825443391793,-1.3708386521249771,-0.15137731812541635,-1.073803772045422,-1.5572213638915644,-0.20275636860834936,-0.4181261102489881,-0.938635368412036,-0.08847733513471519,-0.6112855367748619,-1.2834205973857113,-0.16356171056808905,-0.7367674655723961,-1.4995179497749798,-0.23234316970382188,-0.8479770501482806,-1.6880537596036767,-0.28356361713695616,-0.23204687828695147,-0.9772345679771305,-0.15059947686664993,-0.2694510322895323,-1.3002567561540748,-0.2252099466016984,-0.28920874716926714,-1.5265042747837454,-0.2656502391082875,-0.3091324644297245,-1.7286243982948704,-0.29547501180138325
Normal/Neutral,Normal/Neutral_3_1790511028,"Tilted slightly LEFT, medium distance, centered",0.0,0.0,0.0,0.1482197144126,-0.3217484323645132,-0.12853962719579073,0.1762622324681221,-0.7198513762100611,-0.17405632316384217,0.09705844788241406,-1.0398506083849606,-0.209788270304209,0.002313889633025108,-1.2815094831672242,-0.24001580040286954,-0.2157903103445976,-1.0032152130838325,-0.0711851044680764,-0.3680972004253793,-1.3086852771078508,-0.13420202174153273,-0.4914880713297732,-1.4917186543518512,-0.18850267904920212,-0.6044696442262156,-1.64499694581542,-0.23270473888783574,-0.37833542482316324,-0.9234963760443871,-0.06337783332333713,-0.503166501077393,-1.2766124552856,-0.11347744523582169,-0.5777151236296846,-1.4836170184579254,-0.15730318663313875,-0.6471815411912735,-1.6743582326002844,-0.19136200318637864,-0.5040243418195978,-0.7664409111451939,-0.07621687113393988,-0.6900922608585118,-1.0661431936015748,-0.14631005871896813,-0.8005687226561746,-1.2500121573654726,-0.20163853140506866,-0.8868111605912616,-1.4224789001656182,-0.2409868583563,-0.5912525593798682,-0.537247697777038,-0.10181417217047316,-0.8137865859423972,-0.6442500282033397,-0.18690556082633594,-0.9626780481765058,-0.7106240246757827,-0.23376566085624306,-1.093743695179863,-0.7875441414118464,-0.2624599162494293,0.0,0.0,0.0,-0.2910241712213183,0.054511878069744384,-0.08619747607983323,-0.6136641618138033,-0.029144918636641478,-0.11863848668089821,-0.8570706302674528,-0.14820476084854747,-0.15202153871760415,-1.040405483386612,-0.21949188981370088,-0.1847683975253192,-0.6602490230197511,-0.6350989940125398,-0.011693676465958302,-0.9101107512341574,-0.8293330214422755,-0.07704633582883944,-1.052273473191462,-0.9707135301939863,-0.1456012273962127,-1.1580693888385083,-1.1124790377986387,-0.20090350621553785,-0.5598270847970268,-0.8278755859595859,-0.034866162675796446,-0.7871015115986393,-1.1427376730295669,-0.08202452053194124,-0.9227609542446013,-1.341279138391668,-0.1397400516149062,-1.0310753689526306,-1.5076500322060988,-0.1866296553141681,-0.41280849109277246,-0.9358336450553738,-0.07901923775647475,-0.5885575188917704,-1.2765972249768198,-0.14672321051401016,-0.6960261155508863,-1.486040391994265,-0.20464246269747952,-0.7907969108731006,-1.66553389167863,-0.24849900257371155,-0.23031313766060754,-0.9694890316540502,-0.13389335541299782,-0.27363393309910955,-1.2826198875581771,-0.20325297593192898,-0.2965262007805357,-1.4950082536782139,-0.23947880379186565,-0.3183329738842476,-1.68723346324178,-0.2654120200854666
Normal/Neutral,Normal/Neutral_3_1790511028,"Tilted slightly LEFT, medium distance, centered",0.0,0.0,0.0,0.14535168231135379,-0.35166068458043553,-0.10065695027969519,0.15404049245433538,-0.7650209333419499,-0.12667013336192337,0.07216673774607084,-1.0503778258741858,-0.1487403072714751,-0.00021606807708404442,-1.2642083482255948,-0.16862706008471612,-0.27742534688912096,-1.004287407683213,-0.03995211790491988,-0.40229496965153716,-1.3160255033957242,-0.10197920108129802,-0.49082681177657933,-1.4981608166641345,-0.15953807852198393,-0.5703870707268429,-1.6400944064848988,-0.2042561355633816,-0.44459421407374294,-0.8943658521569229,-0.04945409293245631,-0.6942591045651401,-1.186400330477314,-0.11014405080203296,-0.8364063834750931,-1.3588599734475635,-0.17137587564245096,-0.9526837550149863,-1.48624796480791,-0.2133400442842781,-0.5380697796326196,-0.7262995934207157,-0.07584477707919698,-0.7980989408008292,-0.9828989070993235,-0.15283363582636297,-0.9698975050170988,-1.1535654462519758,-0.22243913654556557,-1.1184887624332474,-1.30833549499422,-0.2676711366042976,-0.5692485151082187,-0.5054268937244829,-0.11125670577303176,-0.7858278413556572,-0.6288439344660879,-0.19609986885779854,-0.9282480508180754,-0.7160010947621865,-0.24460887809556117,-1.0542784797329605,-0.8065989246104697,-0.27176168967330755,0.0,0.0,0.0,-0.2848204310173439,0.03016680255551231,-0.08755327725539234,-0.5853078167780443,-0.0700891591469818,-0.12082821069641615,-0.8060927894630182,-0.1865579010761171,-0.15192068160064695,-0.9809964347844644,-0.26001715325212477,-0.1810252825453513,-0.6169611838541479,-0.6949387719992243,-0.01576962518120589,-0.8464834651393195,-0.9268055193159048,-0.0694122049869508,-0.9782529543312904,-1.069938102659893,-0.1266076147265561,-1.0844703473264286,-1.2112835278850573,-0.1733494707193354,-0.5073478623638329,-0.8610448259661204,-0.03464035553834001,-0.6730184041870414,-1.206566709922067,-0.06955383229556558,-0.7664070529345505,-1.4088801444826295,-0.11178299101228528,-0.8350789522241079,-1.573057355353636,-0.14695781157907592,-0.37392367307790725,-0.9357035819277086,-0.0742272643604141,-0.49239117789624576,-1.3137736422794635,-0.1247308013888869,-0.5697708595389712,-1.5389483887328979,-0.16088279463894997,-0.6369426614447156,-1.7333383318770181,-0.19035120661964625,-0.22596313825780298,-0.9328013978967502,-0.12573711586284747,-0.28184566162910424,-1.2328971507975433,-0.17803177731806763,-0.3199464128135486,-1.4301384272138484,-0.19683909961117313,-0.3569846291916889,-1.612800709072488,-0.21063300868900747
Normal/Neutral,Normal/Neutral_3_1790511028,"Tilted slightly LEFT, medium distance, centered",0.0,0.0,0.0,0.11302333003076329,-0.36739384446981854,-0.06213857005793173,0.09657258939900581,-0.790876525489877,-0.0690649358170825,0.03428226869335388,-1.0786463432980196,-0.07952365160383935,-0.028155778178372524,-1.2998361287973834,-0.08840218378881132,-0.33837177668873253,-0.9937942423966724,0.030183070546910436,-0.5068101310632531,-1.2538868846563265,-0.0024323504384786573,-0.6298117606484038,-1.4034053610518449,-0.04870490731260679,-0.7382285403665324,-1.5241575582765403,-0.08952234240954678,-0.4722840388253835,-0.8814439708674626,0.002076750390290505,-0.7638124889010905,-1.1394940727696585,-0.027989901451554243,-0.9455088427217725,-1.3120491634661118,-0.0794971836065297,-1.0956004175026424,-1.4525879993381032,-0.1193949720912742,-0.5343615321017228,-0.7275803855565395,-0.042456817106314694,-0.8033124683913426,-0.9919273152876598,-0.09758460037982486,-0.956040926972707,-1.1684487781727195,-0.15266081080473956,-1.087164622191912,-1.3265576064959614,-0.1909861293865814,-0.531352082533536,-0.5452520030463737,-0.09521213157803789,-0.7088582609082709,-0.7401495458041972,-0.16018873319862942,-0.8028764500899442,-0.8512701477418227,-0.18832478550581455,-0.8860669142623021,-0.9488395119093668,-0.2039940047860865,0.0,0.0,0.0,-0.25341212301609994,-0.03152582060811326,-0.07435154033910779,-0.507847669498681,-0.20261595716079403,-0.11616456980515909,-0.6889539746991021,-0.3522113098906295,-0.16105214813210378,-0.8553887321903724,-0.4546135420926737,-0.2067600036714637,-0.5065706616865908,-0.7941142464125108,-0.017910969043608248,-0.6734878076398666,-1.079054255055825,-0.09089917080793339,-0.7656463060892347,-1.2616581121083288,-0.1638796626298492,-0.8305085560532631,-1.4288379284912582,-0.2175271810471483,-0.4111630621836283,-0.9103393034731737,-0.04719416116172165,-0.5392842812816289,-1.3044527419508802,-0.09993109972663504,-0.6035790639966884,-1.550724028915544,-0.15734916878646757,-0.6375197179415714,-1.7502639336234116,-0.20122433278001362,-0.3008113324501761,-0.9454933626418345,-0.09513398291667605,-0.4126874592840245,-1.3278155420525368,-0.14492308412869195,-0.48453979890511245,-1.5657288707076045,-0.18592354793803353,-0.5347651934808877,-1.769402117648137,-0.220028538684252,-0.1768771460814676,-0.9095802024516272,-0.15511205615608215,-0.2677763958830144,-1.186522805120389,-0.19691534776643504,-0.33768348751091176,-1.3632772890672542,-0.212938579540918,-0.3964886234477359,-1.512467072045643,-0.2269945708687842
Normal/Neutral,Normal/Neutral_3_1790511028,"Tilted slightly LEFT, medium distance, centered",0.0,0.0,0.0,-0.14919316359494408,-0.49400701336819447,0.03355414651506105,-0.23569960397793815,-0.9285867083071176,-0.008535445529871472,-0.23102462359527018,-1.2701305224927881,-0.06842874553407222,-0.2033901260128717,-1.5170136213234793,-0.12694198259666264,-0.4504380582711346,-1.0208056956311276,-0.16372918356187688,-0.7230985090196058,-1.3109581846670864,-0.3087798022448841,-0.9292877259629384,-1.4435872113875952,-0.40716183085549534,-1.1230527771699546,-1.5558234448243382,-0.47144706343914067,-0.38414592555277727,-0.8847260215429296,-0.2639919973901102,-0.38209093501378893,-1.3408645412084557,-0.4046425539003524,-0.40254303699858196,-1.617440485256818,-0.49212285993969485,-0.41518586160623283,-1.8617878573605717,-0.549984764371476,-0.25082768696504837,-0.7342757372926275,-0.356104145124864,0.002066964182403248,-1.2612731596556066,-0.5201166787277507,0.16283606718576518,-1.5579612437383457,-0.6126860350006591,0.28547325633133025,-1.8220653512831506,-0.6612669110441473,-0.06552772189436316,-0.5884743599771833,-0.4391551542779634,0.2137764224012512,-0.954378160029293,-0.5594826052281469,0.3875896349214783,-1.1434883174797437,-0.595716808507887,0.5339328475772505,-1.3239470139984657,-0.6092257080053495,0.0,0.0,0.0,-0.3301538313820641,-0.23973256136022145,0.03134078455132443,-0.46203805992308916,-0.576076509614283,0.017159949520679573,-0.5402783849032685,-0.8463333872890836,-0.021619896371319343,-0.6232651374402397,-1.0414340899854706,-0.06421119933424009,-0.243290389140792,-0.9847773608005356,0.02506751381272426,-0.27502680032070936,-1.3599922557779818,-0.06563837522045972,-0.23607697722671775,-1.6163471731333006,-0.14714796580689293,-0.19639167393233226,-1.8551093034019583,-0.20622850450063812,-0.19954798742210023,-0.9785826288217473,-0.05056322066589082,-0.5124488713993739,-1.2808607956320086,-0.14074361357988915,-0.7083970755246233,-1.4631109432468985,-0.21968624768040326,-0.8745736452973624,-1.6284349769288216,-0.2813992327987614,-0.18388851052563612,-0.8720672227547764,-0.1321823282609145,-0.5022150818682799,-1.17846626037409,-0.2268744731736105,-0.6835858418619345,-1.3693311341468166,-0.2793312191791071,-0.8328220328261715,-1.55438516891472,-0.31505712795772406,-0.2112477026920284,-0.714053937784698,-0.21300151460475747,-0.4301078142579568,-0.9140550447826256,-0.29966826414126796,-0.5666851868500977,-1.041533105003892,-0.3350462568011304,-0.6821022948062626,-1.1899482265145234,-0.35860994318722417
Normal/Neutral,Normal/Neutral_3_1790511028,"Tilted slightly LEFT, medium distance, centered",0.0,0.0,0.0,-0.22474968480257235,-0.4540822411698906,0.0583001849615281,-0.30663980271486957,-0.8767335911425629,0.03134732728083837,-0.3073412700888211,-1.2395589617355784,-0.010666341096582562,-0.29870053372569644,-1.5149118855259487,-0.04986431888807988,-0.4346053408430807,-0.9982366848706964,-0.15977758822309207,-0.7101145513699202,-1.356685540725191,-0.3160083148561025,-0.9192073069530514,-1.5484675957748246,-0.40825258097118133,-1.1169791180190163,-1.7126090168099848,-0.45805536693428534,-0.31204773699648264,-0.9156735374509591,-0.25331439486815766,-0.2503461952498484,-1.580299047690086,-0.40059796408814785,-0.21837887352792082,-1.9887693815623322,-0.4818395102734984,-0.19356756417265808,-2.315779568341588,-0.5222917069747856,-0.13059859289675485,-0.8024937454392488,-0.3325137619558156,0.16158201304912048,-1.382876086606264,-0.47957019283174557,0.3435847233110709,-1.6893001747354155,-0.5321120071514193,0.47467794063817625,-1.9330088018003866,-0.5371900500285639,0.06329369768324877,-0.6763059385560417,-0.40045808381312736,0.3316913755833517,-1.0619175750441407,-0.4853045549315211,0.46864133505970745,-1.2349024433883284,-0.47628656110207807,0.5810581658493686,-1.3966103608379017,-0.446277077113061,0.0,0.0,0.0,-0.2399343339816036,-0.3569063801778696,0.056949084267820624,-0.3685448257231989,-0.7261261151370443,0.037689552413526985,-0.47291695810587264,-0.9947091160081559,0.0007843504057163361,-0.5890491065324218,-1.172188053629576,-0.044455184197967484,-0.21911635095082235,-1.0478494141285566,-0.07938629756098038,-0.24241109167817235,-1.4847429108557417,-0.19257177851421475,-0.20178966037233328,-1.8018233746170675,-0.2745557327141277,-0.16677783921368966,-2.0621347573609166,-0.329389635721267,-0.21069904119434957,-0.9640062936313105,-0.16216590233154857,-0.6113944395568408,-1.3264499205643838,-0.2613444386924457,-0.8408018296941073,-1.5324959956536681,-0.331507380539317,-1.0228029968923944,-1.6955449492780261,-0.39278150482806296,-0.23639383442275708,-0.8069328677063191,-0.23975684083641963,-0.6415868588088383,-1.1314783389855072,-0.3398853728528076,-0.8645524597910049,-1.3421021222521854,-0.399476415098067,-1.0420637197275147,-1.5158017611211863,-0.4445409888236088,-0.29278228399835776,-0.6133998703602371,-0.30874101317915964,-0.5984076228073998,-0.8239681750263883,-0.40359539967306035,-0.7811903146391971,-0.9475262547391242,-0.44969874989064285,-0.9397476725226314,-1.0663498389251507,-0.48139026726198797
Normal/Neutral,Normal/Neutral_3_1790511028,"Tilted slightly LEFT, medium distance, centered",0.0,0.0,0.0,-0.2977449529368628,-0.3206005015901648,-0.016554006329811816,-0.4809230660310733,-0.7487037350822784,-0.05501195229675474,-0.5661738211390711,-1.1374795356132452,-0.08659554634868988,-0.5925945264241153,-1.444737457819001,-0.11182988903023824,-0.3722919011830619,-0.9570940611158856,-0.17459006765206903,-0.44064031478269056,-1.5379275797553535,-0.27880325322896293,-0.5004815896098951,-1.8938248361738148,-0.32863603033662825,-0.5341013881326456,-2.1681566445166225,-0.3570629408056028,-0.1512089113503431,-0.9680419694548259,-0.20007651162059492,0.02141975136610736,-1.5564621276751667,-0.2807496897187163,0.1397590685827652,-1.9249030859164828,-0.29357071828255277,0.22106337344078375,-2.1966626948668098,-0.300317285878808,0.07382825268667936,-0.9093399165892482,-0.2197649631453739,0.2646339545799271,-1.325844467939977,-0.2848485654641532,0.37666660178947275,-1.480066089284192,-0.265626064549056,0.44657133088424694,-1.5636981242502008,-0.24048863910391166,0.2688752637211798,-0.7984200092122171,-0.2373041324275463,0.42665480815261086,-1.0946211521037932,-0.27511736383498314,0.4880222382723607,-1.2200576799225449,-0.2492434961257404,0.532342533390771,-1.3132860538231705,-0.21836432211060033,0.0,0.0,0.0,0.005554202727690671,-0.4669665231832026,0.0513350783204334,-0.03763580043132401,-0.9053967289356375,0.013990832692587217,-0.08048497157354298,-1.2723227822073977,-0.03558605028231381,-0.06719461391247873,-1.5633196170135515,-0.10067232967908711,-0.1515939261942521,-1.083744922951368,-0.15272083695178307,-0.25912590474480357,-1.5408090214502748,-0.26905624316161464,-0.28969675930650507,-1.8426419097474684,-0.3288693053131021,-0.30315544198199906,-2.0873956288269766,-0.36326906387636976,-0.23932680560962388,-0.9429379118899063,-0.2314968130177964,-0.6936166778613913,-1.3236666163449085,-0.3385030372725008,-0.957234037649613,-1.5005390913676722,-0.38492473695273194,-1.1499013583586992,-1.6264051664045232,-0.4218109160465022,-0.34152884053556043,-0.7361553363993516,-0.29784522780882106,-0.8151206781065984,-1.008003893942888,-0.38999699824256284,-1.084006819945869,-1.1697093442182431,-0.41671846359616715,-1.2795712127977186,-1.3020676941517109,-0.43794453542743284,-0.4467419067755203,-0.5059792431425019,-0.35316688392456147,-0.8264909805564807,-0.7005378678957089,-0.4246718205279742,-1.0204296255981544,-0.8093615579700367,-0.43834316382437727,-1.1790843156740929,-0.9295900518947201,-0.44563472116528957
Normal/Neutral,Normal/Neutral_3_1790511028,"Tilted slightly LEFT, medium distance, centered",0.0,0.0,0.0,-0.28954963284353824,-0.34187565908551,-0.02879001257236059,-0.46765788581442574,-0.7710206000561668,-0.08556426446425547,-0.5510032718529704,-1.1564898326470319,-0.13627814170734315,-0.6036055255000418,-1.4686957350364604,-0.1830130838766786,-0.37197234601434054,-0.9959757986868094,-0.2016578531544601,-0.3638654383482107,-1.625777704600577,-0.3067706156716326,-0.370565419616065,-1.9827832920146191,-0.356536863328713,-0.38102209359327527,-2.263280488339881,-0.3841922072282016,-0.1630588705980902,-0.9590033716367912,-0.23178511149023778,0.025468166750193016,-1.5346754619083829,-0.3120637010973402,0.13997004849173614,-1.8381819121803882,-0.32762966538502863,0.20894720938253686,-2.0703444460428537,-0.3417602249623228,0.06344344595014176,-0.8781386543654606,-0.2560846590913115,0.24562507535012568,-1.369733967097571,-0.3239148651283708,0.36331078349673174,-1.5830274802523847,-0.3137543411522918,0.4396716495952663,-1.7135803742715003,-0.3039512933280115,0.26579065371852856,-0.7753556591730147,-0.279611319968426,0.41953173837512486,-1.1903929576630394,-0.32878520651098614,0.5123568578382418,-1.4118936025867181,-0.31667229867994623,0.5928021005722706,-1.5935231438500495,-0.30034120892503474,0.0,0.0,0.0,0.05710908208371933,-0.4843246053807641,0.016197938560514647,0.03603034758949376,-0.9729652176972656,-0.030550393787505566,-0.000417660795396203,-1.3735389148273878,-0.08260306682564496,0.05806450125881051,-1.6606962600102446,-0.1525316110161964,-0.1252574912241881,-1.0883489718123183,-0.19157495366490465,-0.26897408838508463,-1.5346916438587335,-0.3098339290618715,-0.3380382416058316,-1.8348632243651457,-0.3737998325991493,-0.3902554917290953,-2.0898167240082426,-0.41380442505343645,-0.2512361041040988,-0.9336321865395554,-0.2553651508173413,-0.6933147757579774,-1.2974790773212368,-0.36458187387302926,-0.9542085485494597,-1.4716865209958458,-0.41329444594198467,-1.144408808483213,-1.605213052588963,-0.45145957500550815,-0.382684518568903,-0.7215135813213449,-0.3076415784891183,-0.834665343278202,-1.0088652808537923,-0.39832815574238534,-1.087042910583069,-1.1864831742325288,-0.4244734735648451,-1.2697767465929617,-1.3291971710245025,-0.4453415011366179,-0.5079682811396564,-0.48686166684907584,-0.3524020553872595,-0.8647841017405602,-0.7211500716688691,-0.4230519725538131,-1.0382666707099375,-0.8629338483324571,-0.4362345589553589,-1.1742616365803382,-1.010252836872387,-0.44230541812104684
Normal/Neutral,Normal/Neutral_3_1790511028,"Tilted slightly LEFT, medium distance, centered",0.0,0.0,0.0,-0.24614922678625958,-0.35574671155302784,0.0627309835073969,-0.399777421853211,-0.8035971351214053,0.04519758656342542,-0.4689465380691213,-1.1842920448607976,0.014922639919626952,-0.5366290398779939,-1.4581373274391858,-0.022869706192760613,-0.32103792075789594,-1.0082861831543892,-0.06968054174041022,-0.10876400586970779,-1.5220615148396341,-0.11363737827139124,0.0251452529297798,-1.7094097454520718,-0.12086266083774265,0.11413252909137543,-1.848845124847525,-0.12658222408708306,-0.16241036097269504,-0.9752352981686984,-0.15012990326556844,0.08334394396913446,-1.5048762058738445,-0.19807223145830524,0.22700195816665422,-1.67026525006164,-0.20258373191891335,0.3150248498065884,-1.7709711327489068,-0.20235406682043347,0.0209295811928516,-0.8777844163314387,-0.2209551555118638,0.16503532047876726,-1.4407069185805264,-0.26272787434515155,0.2566742478961321,-1.81666137357373,-0.27130985212816755,0.3048045788476043,-2.1310381941181094,-0.2867850613087499,0.2232164878041904,-0.7514191744050104,-0.2802251866546821,0.24668190126934333,-1.1919240284567716,-0.31780899803266716,0.2618044021878969,-1.468880872743317,-0.3112118999928805,0.26718894045938274,-1.7255566293035622,-0.3085214586617364,0.0,0.0,0.0,0.08874572826475705,-0.48810347544461397,0.014483727912519683,0.02027118115224249,-0.971350647932639,-0.027145722828750423,-0.06218127829498789,-1.3807063679240268,-0.07373913111865638,-0.007890085169849652,-1.6799740676353658,-0.13690187261032383,-0.15043788657026003,-1.0584421487530968,-0.19826062795981825,-0.51770677331223,-1.5034175113389177,-0.3001144307126284,-0.7578714423954315,-1.7603158251717004,-0.34296998159799436,-0.9516051722696703,-1.9544767611127045,-0.3715308741485494,-0.2846188655958798,-0.9189770978502799,-0.27289777385239244,-0.6496560368507294,-1.4564248439947354,-0.36985258470246585,-0.891660112292546,-1.7942294577682871,-0.4148541213990047,-1.0789108916041992,-2.05191238985808,-0.4462911619084418,-0.42097020903974325,-0.6960278764061869,-0.3345706544137759,-0.747722061900159,-1.1685954600789226,-0.42559710162835135,-0.9475346132777775,-1.4537282112333751,-0.47403433336035067,-1.0858548194641244,-1.6903491525216434,-0.5093722676064097,-0.5567041018179394,-0.4209167379246672,-0.386925208178937,-0.833518998881934,-0.6538791292340496,-0.4836515707255211,-1.0071121296954846,-0.8032509706258465,-0.519664577799415,-1.1501726909467818,-0.9477119122382928,-0.5395900259786527
Normal/Neutral,Normal/Neutral_3_1790511028,"Tilted slightly LEFT, medium distance, centered",0.0,0.0,0.0,0.021663662813702224,-0.3390974133875035,-0.010752174728456635,-0.1019247349251468,-0.6640323188283956,-0.028015248645156053,-0.2569782580419672,-0.8704488902528835,-0.057664778734845504,-0.3699172242694761,-1.0084303276271778,-0.09235425104184697,-0.1374921700724848,-0.9583872011902496,-0.042567624457981124,0.006442364309447257,-1.2995340271350762,-0.1614005200255299,0.11003777338201448,-1.5411029242133572,-0.2561081811148779,0.20122073344573557,-1.723877420106744,-0.3166433851234367,-0.2149092194549384,-0.9699322978601436,-0.11421630777174861,-0.30933421515397436,-1.4559388340151178,-0.19818754348914372,-0.36351558686207125,-1.7804777955634261,-0.26090350159172615,-0.41179275562407325,-2.0318653606886574,-0.3006163418867283,-0.27262697122674784,-0.8367222239614962,-0.19675810000950278,-0.46913688707260026,-1.215982025326774,-0.30077557427312285,-0.5790763278542288,-1.4907810253988123,-0.38140141895172436,-0.6657724682793003,-1.7413686444748353,-0.4315940316313765,-0.303006191077534,-0.6067310921911112,-0.27871961556474706,-0.4991948653163671,-0.7203809279815427,-0.3939843982509407,-0.6444158906628165,-0.8121288376917778,-0.4479838873169617,-0.7723837371167487,-0.910167420335671,-0.4781511966025751,0.0,0.0,0.0,-0.23138087172314795,-0.2924552453749815,0.019361267144824664,-0.38849889945580424,-0.5945339938061684,-0.01608378965195362,-0.4994224618320441,-0.8150038269012688,-0.06393955362763325,-0.596921299345626,-1.0418370569572046,-0.12218231863860954,-0.39406274507995903,-0.9559348088629278,-0.07923400752913742,-0.5642908355363214,-1.3319710242579514,-0.18198925028193103,-0.7058031686956833,-1.5662676791621244,-0.2524656383737201,-0.8271518488230976,-1.7566240876397488,-0.30019340461808847,-0.3189245213356949,-0.9337459696711035,-0.16249804249211336,-0.3669558914081892,-1.491147767722668,-0.2432405407869919,-0.39791245580618445,-1.8566237153986396,-0.3088588646291,-0.40034670274669865,-2.158095578573307,-0.35872323838090847,-0.23866916903667312,-0.8055732478450109,-0.24481902599745817,-0.260892053640253,-1.300941726480297,-0.3334171161752263,-0.2547767755135744,-1.631533249336882,-0.4060512289569364,-0.232063843316545,-1.917697057371329,-0.4614317331724848,-0.165557678971002,-0.6033981810123131,-0.3211418108389936,-0.15294540143432628,-0.8644166153477189,-0.4084926009315396,-0.1298708656972883,-1.0518562089651742,-0.4444728946817777,-0.10312355220723884,-1.2287654535587564,-0.4702143854862719
Normal/Neutral,Normal/Neutral_3_1790511028,"Tilted slightly LEFT, medium distance, centered",0.0,0.0,0.0,0.08985895221383712,-0.37329644646828836,-0.021293494734785243,0.011663764608942239,-0.700489972518861,-0.042252860045710855,-0.11275133545906908,-0.8965017880132156,-0.07574585401398791,-0.20337385709831032,-0.9915569187667557,-0.11439682413881236,-0.133810910447437,-0.9616351459984664,-0.04260669302295303,-0.012230098735774814,-1.2540910959110334,-0.13598433580021363,0.06161735436262921,-1.4632470985922763,-0.21546729169830886,0.11732892610983706,-1.6313096956673023,-0.2723178746414024,-0.27097069302406607,-0.9565148814021648,-0.10795445881602136,-0.3958189254322789,-1.3732445743846857,-0.18041839539818186,-0.4567563767978414,-1.6666815660273604,-0.2265797237421782,-0.5188268991435592,-1.904282543437358,-0.25667932542629274,-0.36940006767568023,-0.8126903781393474,-0.18527673675342496,-0.6017061985558778,-1.148780937811243,-0.2846793125537911,-0.7192644774018793,-1.3939805586381842,-0.35783052706186996,-0.8150393810750152,-1.618892832521701,-0.4023669421143611,-0.4185828389271396,-0.5795459720698151,-0.26335335916256675,-0.6927105049078212,-0.6602338352857536,-0.3787498022092172,-0.8707369580766888,-0.7307673527779898,-0.4330453121056929,-1.0240733576297296,-0.815937561829766,-0.4630411865481774,0.0,0.0,0.0,-0.2463507377038967,-0.20775969566435132,-0.02168060411075363,-0.37938515848533116,-0.5369395842157687,-0.06766896140680893,-0.453116635105027,-0.7814571867068618,-0.12137634108364515,-0.541707484387703,-1.0112290767468974,-0.18428940102969718,-0.38263467480055535,-0.9401312140974775,-0.11507556871735651,-0.5044696788883989,-1.3656429895273448,-0.22830316449416063,-0.5934840824650771,-1.6449624745998273,-0.30561767000605233,-0.6581776293273177,-1.881905158266418,-0.3584339675860778,-0.30071772001282404,-0.9350879064889615,-0.18756188314361777,-0.35633836474471003,-1.4630682487862983,-0.2862477719779435,-0.3896563501148872,-1.8224035515975154,-0.36225709760436775,-0.3918158941414173,-2.127103750574244,-0.4174092886155865,-0.20230837703867707,-0.831524510058784,-0.26270149867889203,-0.21606709141013286,-1.3361350498935827,-0.3608124532387795,-0.2116542579686065,-1.6623901308975977,-0.4310352172586904,-0.19363328565005178,-1.9444437755124415,-0.48348381919587213,-0.10314227077318196,-0.6436033786489469,-0.3381847208136979,-0.06705612494254701,-0.953083135255243,-0.4320276797715576,-0.03679530783664798,-1.1802957276174137,-0.47224156741707213,-0.0026647005239640786,-1.3872593160709052,-0.5004253534387503
Normal/Neutral,Normal/Neutral_3_1790511028,"Tilted slightly LEFT, medium distance, centered",0.0,0.0,0.0,0.17644669690446083,-0.30352495158292403,-0.083600246950157,0.23214696012593566,-0.6832842837325674,-0.1123543075144333,0.20758412616122546,-0.9941690537230379,-0.138871720682646,0.20360056845109342,-1.2459147998641014,-0.16585154979270705,-0.06161228699578723,-0.9981343672337991,-0.053222605053202206,-0.09768982998018737,-1.3333319714669092,-0.11729875649736483,-0.13301945110820507,-1.536854505322674,-0.171411616317401,-0.17972433054389064,-1.701273397679597,-0.21219210972734412,-0.23767639762037412,-0.9687131571673471,-0.07144752721453887,-0.33564521934242425,-1.3515295668432352,-0.123097634624342,-0.40187301782555734,-1.58984288572085,-0.17083503865275745,-0.47562979999060034,-1.7889277438742246,-0.20588964202293375,-0.3772753211828416,-0.8456312853292667,-0.10515239852309907,-0.5331225106413429,-1.16850014604304,-0.17590315530889894,-0.6351552729321387,-1.3827831448148058,-0.24086948481870837,-0.7239409401233906,-1.5709939182362964,-0.28570620791362855,-0.4825501318925125,-0.6411336803031714,-0.14604867937657345,-0.70511753258152,-0.7585374515172874,-0.2331872995368844,-0.8557905948442192,-0.8429282536521971,-0.28372890248900395,-0.989573457314708,-0.9347258394603601,-0.31347880167704023,0.0,0.0,0.0,-0.23221611339943743,-0.1381683783787072,-0.0011983815827268953,-0.40228086597529916,-0.42921034956447734,-0.020110090010873397,-0.47567329980475526,-0.6345715259163041,-0.059401614656198615,-0.5261367629251283,-0.7956352381499724,-0.09874138219249155,-0.3940043816529753,-0.8865029267999328,0.024611425035025027,-0.5252062948117827,-1.0278654426639744,-0.07710288484627528,-0.5756811217342239,-0.9174761057170653,-0.16582446975901877,-0.5973432557887421,-0.8270306959519599,-0.21798461955193957,-0.32755023081428986,-0.9433223916931011,-0.05342014249244298,-0.5233653588767315,-1.335374017598674,-0.13668140275546742,-0.644293940413788,-1.5828621718736295,-0.21927833159839574,-0.7355916353340096,-1.8077340872724197,-0.2749209469446269,-0.20856304122256764,-0.9106455515699013,-0.14605825823680935,-0.2932288212557778,-1.3611571208352102,-0.2653507505758468,-0.339424949423494,-1.6463665069714473,-0.3719127021671701,-0.38873612301414984,-1.8985017744641797,-0.43870418747025053,-0.07297742777792479,-0.7905288000525984,-0.23469226374748836,-0.004258243911002314,-1.112651224447025,-0.3412214875888552,0.0445833773781948,-1.341967750110736,-0.39826442164969494,0.07329243237125577,-1.5536969738655504,-0.43486657469280326
Normal/Neutral,Normal/Neutral_3_1790511028,"Tilted slightly LEFT, medium distance, centered",0.0,0.0,0.0,0.18459735703076938,-0.29838450483517376,-0.09903055817615326,0.24597456174394894,-0.6772106954385663,-0.1308109705611392,0.2263813022168861,-0.9957961227996475,-0.15737895951399708,0.22038211594198523,-1.2471027742720477,-0.18285519472022738,-0.053774753466223256,-1.0060219348175496,-0.07026066884807312,-0.09460253894253964,-1.362116054173706,-0.135578070127672,-0.13468362293894792,-1.5808567235918412,-0.1885022935073381,-0.18333358368669914,-1.7609160591104918,-0.2280491509565256,-0.23619125950321376,-0.9685618702705149,-0.07811269034137806,-0.3402480549547491,-1.3520440489729388,-0.12740387490656935,-0.40601730878509673,-1.5902227302877265,-0.17074231128410292,-0.47110965052855713,-1.787401268838144,-0.2037809026053637,-0.3799590300410727,-0.8422612591704002,-0.10208000570419873,-0.5354909509206723,-1.1579200345660914,-0.16481482798235414,-0.6345449725279849,-1.367552963067933,-0.22367069951464283,-0.7162431375230679,-1.5477652048954216,-0.26653095473009286,-0.48754203588216916,-0.6368178554697216,-0.13587430358833805,-0.6967761292592505,-0.7631897868269621,-0.21401535950291747,-0.8428642845515151,-0.8529737058720244,-0.2615899557550473,-0.9724055098347838,-0.9480472106539175,-0.2908773672014381,0.0,0.0,0.0,-0.21797129665930623,-0.10564617434851592,-0.05994897506253067,-0.3995892043353171,-0.33054640294611054,-0.10381290406695731,-0.5034846243561507,-0.5122487939415715,-0.15379586918790183,-0.5946460252729905,-0.6855791046034188,-0.20341779673863522,-0.45045032888326736,-0.880492520521923,-0.04562952289575451,-0.5683409523307583,-1.259580439337337,-0.12397731912004954,-0.6316367217583944,-1.4989502776938861,-0.1918059164940432,-0.6729512312084778,-1.7047512106266582,-0.24166871627816403,-0.35566957591162474,-0.9303736385642515,-0.0889046986135178,-0.5099924394405645,-1.3478490447466454,-0.16937792388691078,-0.6031632436169417,-1.6240202503034715,-0.24579778436031607,-0.6719495623132534,-1.865026465570601,-0.2987245802247965,-0.22579791802272647,-0.908178354177425,-0.14471154302314795,-0.28676758005483516,-1.3629828233708154,-0.24713836134087314,-0.3152856827188692,-1.651152393280731,-0.3308811790804447,-0.33907835171499157,-1.8981187984231207,-0.38583906767205206,-0.07642014479226882,-0.8079482104773518,-0.20446170729358462,-0.004256226309119327,-1.1431853872680098,-0.30935130914623615,0.04614175634912729,-1.3722920186786378,-0.36566399066157734,0.0844434606532807,-1.5813574737245222,-0.3998792205571348
Normal/Neutral,Normal/Neutral_3_1790511028,"Tilted slightly LEFT, medium distance, centered",0.0,0.0,0.0,0.17575009156831772,-0.3215511471586892,-0.12760285632255428,0.2133595370132625,-0.7195156145947744,-0.17039756111369378,0.16469971198995687,-1.0484807997191754,-0.2022549542209374,0.1411063703235963,-1.3116259123619178,-0.2314107321055077,-0.15317566684828152,-1.0049984100208447,-0.09637228200677107,-0.23169958782235672,-1.3727798248907408,-0.17213673088137285,-0.2902137278274374,-1.600067346082201,-0.23265717022623197,-0.346822849255091,-1.7933198071862484,-0.2781877728526178,-0.33746091389609395,-0.9365144002590492,-0.09518881079121987,-0.4857046993161476,-1.3261556534813115,-0.15882171163993558,-0.5829969141882055,-1.5683246674341202,-0.2143135764641325,-0.6705736251603344,-1.77769284077462,-0.25526404930424557,-0.472574152098973,-0.7823799558205833,-0.11193929075215713,-0.651685415929867,-1.1042588715547306,-0.19032377608536308,-0.7649970473925941,-1.311657163024323,-0.26077638453316343,-0.8580483475173927,-1.4995623087490422,-0.3099864347004286,-0.56480812021895,-0.552945586797852,-0.14001184482223444,-0.7776236776784865,-0.6626648456031744,-0.2319356115087375,-0.9288570340978372,-0.730388664832976,-0.2882447402040445,-1.0665764776158577,-0.8111465539442716,-0.3227498774792921,0.0,0.0,0.0,-0.25595657371139474,-0.04027138574724533,-0.0544783559027172,-0.4874872616323659,-0.21484887135482156,-0.07892226176054547,-0.6153188118133858,-0.3995577824218749,-0.10866152994193477,-0.7419983142255188,-0.5229390071071268,-0.14116380642842669,-0.5363674737484736,-0.7602418871409751,-0.02894667685523672,-0.761296247853967,-0.9831200574360168,-0.09745789759120328,-0.8925299455428194,-1.1495004861635028,-0.1609520172731891,-0.987732782509939,-1.304196388897284,-0.20951000636842843,-0.41597168090223685,-0.9070370916157142,-0.06520180304772176,-0.5682888832158944,-1.304855879569992,-0.12100926912405847,-0.6429980475286121,-1.5679539129034739,-0.18234020143651455,-0.6962465609880697,-1.7813189302447026,-0.22858604457072937,-0.2696735675220513,-0.9552574008774435,-0.11544654258382947,-0.3482061290097938,-1.341061093138322,-0.19211134147399328,-0.38831058118050993,-1.605822073421204,-0.2685479076448268,-0.4235772570852422,-1.8302469554345815,-0.32388007673243446,-0.10513517867977304,-0.9223764324812326,-0.1709391662673341,-0.05155609552062058,-1.2351427692847081,-0.24603825444029043,-0.008375531543391964,-1.4492460039976993,-0.2916710932658168,0.0248920632596941,-1.6337329552352193,-0.324492063467624
Normal/Neutral,Normal/Neutral_3_1790511028,"Tilted slightly LEFT, medium distance, centered",0.0,0.0,0.0,0.16896871821043288,-0.33779967309513687,-0.12175709140103344,0.196443232656921,-0.7452218049856887,-0.15999601274151604,0.13505385915902474,-1.07276265395933,-0.1886175590868151,0.1068280075244584,-1.3335359073572788,-0.2139318314491059,-0.1785938855573191,-1.0091399879198022,-0.08200609033860753,-0.2639613475645365,-1.3804197840833083,-0.1526040243451287,-0.32643347173925324,-1.6070946151594185,-0.21050501415805256,-0.3869730018188008,-1.798281395432789,-0.25376013127732877,-0.3644458810020347,-0.9278861606283473,-0.07878116992680102,-0.518237279045407,-1.3033875485201263,-0.13454511296482324,-0.6182087440547617,-1.5338419655089783,-0.18504861657053748,-0.7059314500436689,-1.7282191117715904,-0.22355761218810866,-0.4974442858967705,-0.7681901137618308,-0.0936330742169255,-0.6805513743382096,-1.070598788318,-0.16158561841152166,-0.7945692916339961,-1.269340015025734,-0.22449455728700565,-0.8879293437925967,-1.445797387686475,-0.270248020496937,-0.5843816682306979,-0.5362773683750253,-0.12017390363002492,-0.7963755723896118,-0.6361267001985096,-0.2012363866584601,-0.9461691532361144,-0.7015439243887593,-0.2511712303356915,-1.0836482285145672,-0.7785787043933136,-0.2823765319443169,0.0,0.0,0.0,-0.2589086335334177,-0.02882394819668039,-0.05110265314669378,-0.5008765380224675,-0.19671423194006507,-0.07392591005630385,-0.6412645081944289,-0.3787607822129902,-0.10295984603702343,-0.7753139679571213,-0.49253874740834497,-0.13549450405858884,-0.5357102297542459,-0.7561137362382064,-0.02255036057250278,-0.7584836487618819,-0.9719485734632423,-0.08775392276859291,-0.8923155723906033,-1.1279215710748436,-0.15028254887910045,-0.9909665673642645,-1.2713312412813216,-0.1995135797605834,-0.41684971748915206,-0.9069344110389838,-0.060879283032782915,-0.5781330594428582,-1.2937600375847933,-0.11516241746902967,-0.6616890989466176,-1.5473096889801146,-0.17675522134471502,-0.7233035409978932,-1.7531310916911482,-0.22401004675631006,-0.27059155526426254,-0.95888450250445,-0.11285703467943485,-0.3546130400056126,-1.346132067061056,-0.18941327188364582,-0.39790026799260747,-1.6052368935605834,-0.2645524458755275,-0.4371372194323856,-1.8227910871350608,-0.31951843983231726,-0.10304029953344386,-0.9261646052820115,-0.16987385823508913,-0.049862975915953026,-1.239092386226834,-0.24653901742336148,-0.011121432237878447,-1.4560001280824357,-0.2927823511176838,0.017267033245324342,-1.643671013532348,-0.3261039101899046
Normal/Neutral,Normal/Neutral_3_1790511028,"Tilted slightly LEFT, medium distance, centered",0.0,0.0,0.0,0.16354147745303577,-0.3333609358873936,-0.1280315831224809,0.19213351518249455,-0.7240214772447972,-0.17303121717197284,0.12683828538012504,-1.047888543135474,-0.20900785940974617,0.0860015242668013,-1.3098533899596523,-0.24135448583171643,-0.17848502927425905,-1.013675624140781,-0.08399407466861947,-0.2658725492261856,-1.3792468373479365,-0.15079067641571325,-0.33387635644949937,-1.6053784294382505,-0.20540005214299972,-0.40155188715075774,-1.79301447426779,-0.2473135520485854,-0.36634903631811505,-0.9271793617349953,-0.07827397243959969,-0.519668750037354,-1.2720360803980675,-0.12806736735896085,-0.6180262454352946,-1.4802397472339293,-0.17143869336962056,-0.7060065400340411,-1.6558624931497732,-0.20543982252931034,-0.502001496203829,-0.7656141034780131,-0.09181873872924103,-0.6944496211089594,-1.0438730552420452,-0.15624739664192105,-0.8155506296487942,-1.2253295200460828,-0.21255159216521444,-0.9129105853571086,-1.3856432639242273,-0.2541418039305329,-0.5893986740273452,-0.5334913509701934,-0.11848616651395398,-0.8187953100549656,-0.6112645508665199,-0.20136984966219587,-0.9760445930552831,-0.6587725323364615,-0.25097024090125547,-1.1156134565386349,-0.71891009426192,-0.2805980398027169,0.0,0.0,0.0,-0.2763114860001624,-0.0030738175533741334,-0.0592073204541666,-0.5642889470336234,-0.17315305235126824,-0.07695945193408828,-0.7532178917985831,-0.35758908403908046,-0.09916259992277579,-0.9146856756570163,-0.4734844849751131,-0.1233592279415346,-0.5586995907560136,-0.7385987859587977,-0.0019519730856124577,-0.7611200002257268,-0.9624846059097457,-0.05822977448090712,-0.8789299691463931,-1.1180022047473246,-0.11767616240733343,-0.9662476515176224,-1.2598727597064414,-0.16714319439597777,-0.4357087122011145,-0.8993687212808079,-0.035969727463114734,-0.611488138044168,-1.2707304619349065,-0.07869750528892082,-0.7107813117995565,-1.5060020912567362,-0.1326243987599682,-0.7896759623361592,-1.6951381328373578,-0.1765521040535772,-0.2811270514006208,-0.962690265978421,-0.08669537546835125,-0.38580556336150007,-1.3405653964721813,-0.15459799434727664,-0.447300386890241,-1.5828555348243014,-0.21759006217339175,-0.5056048111101112,-1.7843738724359028,-0.26558182439670036,-0.10230952142929246,-0.9406998270983125,-0.14433374559292939,-0.0700578355697912,-1.2476591788216203,-0.21514986286927396,-0.04690116863557802,-1.4621864393999957,-0.25425833392636915,-0.03333663508406963,-1.650030024441248,-0.2833969995647149
Normal/Neutral,Normal/Neutral_3_1790511028,"Tilted slightly LEFT, medium distance, centered",0.0,0.0,0.0,0.16748391990272296,-0.3338962492223339,-0.12898728760923042,0.19303915341148598,-0.7315517711567561,-0.1748980516946763,0.11572609473841283,-1.0507448434227944,-0.2118894067902317,0.06618741623714323,-1.3085166921565414,-0.2451371101822411,-0.19075743613391782,-1.0144971909998015,-0.0816825440421585,-0.27549593862926586,-1.3770654609988335,-0.1498781547486238,-0.34732773807310574,-1.606692643636681,-0.20365329735217105,-0.4169785570938516,-1.7877848464872355,-0.2452201171668362,-0.3815155144882194,-0.9210834838154704,-0.07778899695423147,-0.5609477611384104,-1.253371246213907,-0.13232187933301373,-0.6688464738401122,-1.4450288918342542,-0.17356386178395192,-0.7652439369271804,-1.6062559337757552,-0.204211065755427,-0.5136739186931941,-0.7592200932194776,-0.09413192883935625,-0.7292570259799754,-1.0343458376704167,-0.16751220763999009,-0.8602842965976909,-1.217111850332469,-0.22261198712605396,-0.9691673496560888,-1.380351794448069,-0.2603189936252688,-0.592485369267242,-0.5314839743743616,-0.12338322666805411,-0.8442831463730242,-0.6194443130432665,-0.21748422434517098,-1.0100080246447534,-0.6772676344944517,-0.2701477408056143,-1.1567183629056588,-0.7509519645080003,-0.299430031501937,0.0,0.0,0.0,-0.2777908424676056,-0.008811004229661986,-0.07612588016805931,-0.567466804728979,-0.16568136088778904,-0.10513831485235779,-0.7748637272166221,-0.3212308782378231,-0.13584461515252996,-0.9568048796114698,-0.4241293716943107,-0.16727646306230498,-0.562809791443688,-0.7412265421466708,-0.015590982561564047,-0.7817985392472885,-0.9735835143233965,-0.07509858887726326,-0.9108164677560434,-1.1341596041140265,-0.1357572454455335,-1.0077565804516988,-1.2817909818895314,-0.1857624073213692,-0.4372404056124818,-0.8983528722702177,-0.04222492846272657,-0.6131866675604627,-1.2603155789008538,-0.08627026757190147,-0.7137160880564887,-1.4889664122818984,-0.13960485927459826,-0.7945469102841833,-1.670014294358435,-0.18315531149112152,-0.2800451127486476,-0.962312974244543,-0.08744618370959635,-0.3911169079187277,-1.334532874334986,-0.15541721697311928,-0.46069625623694244,-1.5689755637422276,-0.21585048327651082,-0.527940201638483,-1.766422176964343,-0.26208705958117734,-0.10063610991188242,-0.9441636036536094,-0.1410883188092366,-0.07752872395746224,-1.2482832033734135,-0.21121121775526444,-0.057826069057349314,-1.457706007772794,-0.24918448582868388,-0.04755589437584137,-1.6432429585788626,-0.27727151406477635
Normal/Neutral,Normal/Neutral_3_1790511028,"Tilted slightly LEFT, medium distance, centered",0.0,0.0,0.0,0.14448355535497054,-0.34900101349079043,-0.10408250796985338,0.15006626635199027,-0.7609770228659386,-0.133254375486062,0.06352590700008529,-1.0578403449542466,-0.15761458549878737,0.0004423241600444258,-1.2929320104099897,-0.17978201654218595,-0.23874836291243826,-1.0137203227937497,-0.042714460803304495,-0.3437207688302601,-1.3419397145389775,-0.1056980675063517,-0.43790563173421154,-1.5323153079005245,-0.16314574488391667,-0.5276010856941056,-1.6815297376836422,-0.20956116204646377,-0.4137326163877837,-0.9090254571583164,-0.0499803999086941,-0.6281098244837413,-1.2114986823026632,-0.11065928133444017,-0.7601732256013333,-1.381396842418875,-0.1704810633948911,-0.8710652521274218,-1.5049716984724666,-0.21304997119876498,-0.5219344418749134,-0.7393248926709771,-0.07433845721674712,-0.7561837879824408,-1.0057099047675024,-0.147778469969947,-0.9134706790064678,-1.1872074721396988,-0.2098732135837574,-1.0521907414920397,-1.358847374276282,-0.2529979610640559,-0.5741309587650739,-0.5105512114881309,-0.10859915429302833,-0.7797680046109079,-0.6397947054452429,-0.19138431295444142,-0.9122801653425121,-0.7517505759603562,-0.23708435236429368,-1.0285851337771443,-0.8765160816381988,-0.2640464572043132,0.0,0.0,0.0,-0.2829522782790806,-0.02326610096462357,-0.09814961720001908,-0.5620247549070839,-0.18623683372262814,-0.14658778807297826,-0.7625853603922008,-0.33461770124837004,-0.18999586153650855,-0.9443800217873338,-0.4330043716567759,-0.23418647816497293,-0.5343303820201027,-0.7818330528088051,-0.05851438052892581,-0.7431140700300998,-1.0543270634169044,-0.13145375921281266,-0.8614811827830696,-1.2391551903674605,-0.19885104016286204,-0.9465846260421327,-1.408763168001379,-0.2518127131444463,-0.3927793792700365,-0.9162297156118445,-0.07904092262925116,-0.512766087798735,-1.3245735770914948,-0.13080354294035662,-0.5745116874192674,-1.5760553381393991,-0.1847486944075672,-0.6171851368823597,-1.7721014891903062,-0.22660839926062223,-0.23678029542010953,-0.9417619797683041,-0.11840758361536736,-0.3102534682778883,-1.3523132255837809,-0.18560026797729995,-0.35540555855420336,-1.5988839734966256,-0.23734452610144036,-0.3978637503148815,-1.8076023296024766,-0.27746680442307486,-0.07220505875481126,-0.8773542539867347,-0.1680937378259968,-0.06385448965709907,-1.14516303375465,-0.23860909063666744,-0.060160953434863586,-1.320359371408254,-0.26808370826732286,-0.06279130724130075,-1.4771472039611226,-0.28825101177237733
Normal/Neutral,Normal/Neutral_3_1790511028,"Tilted slightly LEFT, medium distance, centered",0.0,0.0,0.0,0.14297534160976,-0.349856800006931,-0.11423450826174712,0.1458175545440418,-0.7577430144311311,-0.14735898835125835,0.05425530137200477,-1.054299669477707,-0.17243817325857155,-0.009833203411189043,-1.291719397457923,-0.1958895544595472,-0.24082814943152636,-1.0129100466274967,-0.05629867985360924,-0.346261137867179,-1.343793367699642,-0.12463397741511395,-0.4440574530215769,-1.533704685187995,-0.1858093329689794,-0.5345680452902198,-1.6828552155465375,-0.23395975241060624,-0.42209773689680347,-0.9045712108915638,-0.05987006708503698,-0.6415586565091339,-1.2101139540195183,-0.12377893067961342,-0.782643187626469,-1.375058991820086,-0.1874704989373467,-0.8988280949098993,-1.501344366851899,-0.2313429607843652,-0.528746279063386,-0.7281221784413309,-0.07997751385542509,-0.7569620055937681,-1.0037001853223766,-0.15651937279231168,-0.9157587733557744,-1.1867906312575995,-0.220913906228821,-1.055958557885133,-1.3679879776944266,-0.26564229607863893,-0.578431167992876,-0.4896916254242464,-0.109905242598295,-0.7518303288871225,-0.6145567180310681,-0.19190596303283125,-0.8457272308093942,-0.7297054380914695,-0.2321854981022333,-0.9222855992018478,-0.8628940888913745,-0.25480669117255533,0.0,0.0,0.0,-0.2801354177964659,-0.03219289494060209,-0.08905798666807524,-0.5637230267713771,-0.20219641914526826,-0.1357344675264739,-0.7664385066671692,-0.3459412720433833,-0.1788910179899897,-0.9480616787296555,-0.44205375605327196,-0.22398341466377636,-0.5353400218418937,-0.7949137184068528,-0.05886317505060948,-0.7285446872200486,-1.085836140667305,-0.13415855576658062,-0.8365562216203901,-1.282071310044498,-0.20365334068672064,-0.916134673254674,-1.4572765701625296,-0.2591665973249376,-0.38879120753876695,-0.9172455268516985,-0.08661431989629345,-0.5007386214279577,-1.330431397335641,-0.13737046772221692,-0.5545579877919908,-1.5915412116653584,-0.19194873935614043,-0.592001106709943,-1.7965680221849414,-0.23559650470966428,-0.22733151867407758,-0.9228570266500487,-0.13193042738168123,-0.30672913367628774,-1.3404370285718095,-0.1995459768998603,-0.3498250864799211,-1.5889586260934567,-0.25252999228861767,-0.3910236456977961,-1.7994051700927622,-0.2954030043267481,-0.057529100702003344,-0.8340662403018362,-0.1859955378118004,-0.06540523155432325,-1.070551272104025,-0.2601472137705935,-0.07541285000622892,-1.205958960098819,-0.2878728477342528,-0.09274693543757978,-1.3228326818002165,-0.30731894605096616
Normal/Neutral,Normal/Neutral_3_1790511028,"Tilted slightly LEFT, medium distance, centered",0.0,0.0,0.0,0.14787610578154567,-0.3541475592403085,-0.10398653186938892,0.15047267259496355,-0.7769381259808932,-0.13379279637685978,0.0474578093154661,-1.0809807712623893,-0.1596188932385411,-0.01761819355625939,-1.3216545518390066,-0.18349756499015898,-0.2451900417239339,-1.0097625640459076,-0.05983883428870598,-0.35296874577714354,-1.3502522747480605,-0.12652078354189308,-0.44020883858727433,-1.5540282370532623,-0.1799106332209471,-0.5258385025705501,-1.7150919294334457,-0.22294225996142084,-0.43751323992329816,-0.8963006766363172,-0.07229980603776508,-0.6688271171158197,-1.210877115042673,-0.14094636117293174,-0.8009765748469378,-1.4048123213760777,-0.19717783736783462,-0.9189338208087456,-1.5595844255318634,-0.23482633750457482,-0.5564891390196007,-0.7229548051767652,-0.1019768983138001,-0.8378694693959523,-0.9577572790411103,-0.19109342869852727,-1.0204472274571712,-1.1194683015664062,-0.260989117110538,-1.1798807032204723,-1.276684430041598,-0.30421579990094455,-0.6070871684219059,-0.4962729430581978,-0.14090934035450073,-0.8864628934780453,-0.5778004959783866,-0.2422255542432722,-1.0660557145089056,-0.6285166947183185,-0.29861913006316837,-1.2274056795415236,-0.7033093385971639,-0.3292232001753594,0.0,0.0,0.0,-0.29208346587002115,-0.015329968841993249,-0.07303431169207397,-0.597127447806642,-0.21077367016526996,-0.103497552486872,-0.8062110856258008,-0.37549468610742154,-0.13418433195272636,-0.9942355989708457,-0.4577872520355691,-0.16986183885324876,-0.5675009771609585,-0.8052308086883835,-0.0578552710599304,-0.7410403300632342,-1.1371308050003353,-0.12961337258718206,-0.8323336583756373,-1.3635747775437346,-0.18784939083158592,-0.9059853261958343,-1.5522604272208824,-0.23710189191975567,-0.4065826378844728,-0.9079762150500803,-0.10133978228826993,-0.5294496931921726,-1.366081361047974,-0.1539312088500082,-0.5801165886671273,-1.6685506096635956,-0.20795556062713585,-0.6183760620151612,-1.9025743793570415,-0.24997955817101086,-0.2266234891338885,-0.8760875029261009,-0.1610634481809568,-0.3204499960009741,-1.244888962822848,-0.24684347190052705,-0.3861052801387965,-1.4793151904280741,-0.3215240617064611,-0.4528202108177017,-1.679390170457377,-0.3779796400162854,-0.03472773375875465,-0.7590597233812617,-0.22522089076688406,-0.06522602340176814,-0.9020800092573654,-0.32192109152689075,-0.11360948446760533,-0.9175865858562058,-0.36178979917227827,-0.17374837337685006,-0.9202822435471876,-0.39009610086380053
Normal/Neutral,Normal/Neutral_3_1790511028,"Tilted slightly LEFT, medium distance, centered",0.0,0.0,0.0,0.14302281598761918,-0.3447930017290245,-0.12067205230675455,0.14052803665491373,-0.7588935040709206,-0.1596563916022472,0.026577808338622878,-1.0574712801375667,-0.1896582448608529,-0.05597303928601725,-1.2901264797858587,-0.215923840595252,-0.2481517543718064,-0.9978094805442,-0.08671346519499634,-0.3721772356639947,-1.3151900375934031,-0.16375917197936177,-0.46098301711145245,-1.4977360158207516,-0.2234318473170016,-0.5500514597658265,-1.638520596789685,-0.2661456539291011,-0.44195710648353465,-0.8925072606269134,-0.09002613929823014,-0.6616822901114161,-1.2378509653104457,-0.16021397606126359,-0.8046983957762308,-1.4550514242195012,-0.21586171304874294,-0.9361311148269661,-1.6314359566587495,-0.25146182428864844,-0.566422912767366,-0.7164780557571188,-0.1113352772027528,-0.829099092376679,-0.9569457144941272,-0.19737075665854703,-0.9981961229534076,-1.11839845488834,-0.268816042866083,-1.1412024142005153,-1.2686947130145079,-0.3131154941920239,-0.6280927878720719,-0.47570546534437147,-0.1432130765212867,-0.8764948783680925,-0.5424796593289802,-0.23651225217060395,-1.040989996954616,-0.5766794814043464,-0.2892457804137602,-1.189951402975701,-0.6290411801617647,-0.3180060413597286,0.0,0.0,0.0,-0.3261270656249654,-0.022675949225865532,-0.09811557471398931,-0.6499318012774887,-0.2210987842034276,-0.14203895735825117,-0.8767267103331093,-0.4173119790170737,-0.189813356098192,-1.0835194083545472,-0.5298688595649597,-0.23551611656856108,-0.6366546420411026,-0.767208774948211,-0.05510275878212855,-0.8087209406588158,-1.1697984054293515,-0.1453309802583204,-0.9052864474392441,-1.4134880465542474,-0.21282784908173805,-0.9933602021992275,-1.6337920226387643,-0.26090034398737055,-0.49449253893900086,-0.8657916592804576,-0.07669375237952883,-0.7037414148279056,-1.2112227190851461,-0.17588430644266245,-0.8478721398911981,-1.4179703411831737,-0.2478027697596229,-0.9813999038681894,-1.5994404893327898,-0.2916042634273157,-0.3225761867603877,-0.9159515029098353,-0.11722790997701767,-0.4578918090465257,-1.2010921352778503,-0.23410931942189328,-0.5529817692728652,-1.332930012085352,-0.2765258495933202,-0.6455649562075015,-1.447643177622505,-0.2867163142350957,-0.12013837489048117,-0.9303210633513214,-0.1682009600613918,-0.1885355691650021,-1.2571895819205483,-0.25084976419464816,-0.2126810854857285,-1.4626916366655607,-0.2669122015352377,-0.23898058700371105,-1.6456943662111319,-0.2667833556878361
Normal/Neutral,Normal/Neutral_4_1790511038,"Tilted slightly RIGHT, medium distance, centered",0.0,0.0,0.0,0.3506018831219974,-0.1003748340858392,-0.029646559310142297,0.6420983545085892,-0.3337269553198262,-0.042176016020741856,0.8432428465818739,-0.533493917498219,-0.08247793555486664,0.9744423066343204,-0.7081259970179647,-0.11874305980222928,0.6504257304597941,-0.7654185027855037,0.07559711066713415,0.8470577361264418,-0.9821029352280555,-0.05465385539933254,0.9264810296491022,-0.8188717379483883,-0.15793239521829908,0.9511091345588065,-0.629400051571046,-0.2037301641037424,0.5119360846551321,-0.8582207786375126,0.03712869971861492,0.7186815033174904,-1.0428048088264774,-0.11685187943610005,0.765730480840081,-0.7723775539359311,-0.20856767429800047,0.7542569529923975,-0.519382757007291,-0.23411238578362564,0.3408504542326742,-0.9303583645618511,-0.02329327954325015,0.5328495609102164,-1.0943712484822534,-0.16690380122545173,0.6001236229199366,-0.821160572160598,-0.20382072232692114,0.6066495370743359,-0.5549980124945844,-0.18522696088693683,0.12866756159835327,-0.9742288479653991,-0.08934833325243446,0.2948334423961972,-1.119726555826989,-0.18756615878130248,0.40910349044076894,-0.9804992585615442,-0.20613742060780127,0.481311731682093,-0.8148294577005639,-0.19059853758042566,0.0,0.0,0.0,-0.1463383636804253,-0.40504374142190974,-0.07456640574667492,-0.1649152645681317,-0.8281627673682248,-0.10982676039692639,-0.0693706188235912,-1.1568186594420853,-0.15520889113919506,0.08409789529805314,-1.358134176540312,-0.18746649263440082,0.20652422943392196,-1.0303110126175459,0.06607992670383574,0.31230049934936566,-1.2985659962279028,-0.027861627373818577,0.33121615998735526,-1.4227450634143735,-0.1195776946607161,0.3026447217659292,-1.4439078753839227,-0.16968184474336223,0.3746457898058626,-0.9259923543766274,0.04667645891422814,0.566087787329767,-1.239350521950317,-0.05153855236558682,0.5589059006717052,-1.3352514727708524,-0.1290598325663742,0.4521875817295776,-1.2727437755814839,-0.15403027544924697,0.4975543954587348,-0.767243596976001,0.0023756383887844866,0.6969696188183213,-1.0144585858967916,-0.0773533921658528,0.6718037733055853,-1.1220406747201193,-0.11275557856165257,0.5537520737138778,-1.109318064178276,-0.11145015993479879,0.5857097597976962,-0.5420452925427376,-0.053959691329100626,0.7407231623422788,-0.7111394937913212,-0.11006763606846842,0.7326514127545223,-0.8390435685904675,-0.12673850724566724,0.6371553540657993,-0.8902547753022657,-0.11848210997529873
Normal/Neutral,Normal/Neutral_4_1790511038,"Tilted slightly RIGHT, medium distance, centered",0.0,0.0,0.0,0.3509289884465749,-0.10230037909714497,-0.02906395764252155,0.641317232545757,-0.3366547995503461,-0.040997358864433266,0.8398789203609086,-0.5403647384435041,-0.08059262371862423,0.9680259552386704,-0.7252181754596383,-0.11591920762925448,0.6494266145969025,-0.7678440774195391,0.07422312023605847,0.8458388784468784,-0.9855110120334949,-0.05657255283182999,0.923739687125908,-0.8169537154063872,-0.15974280677749256,0.94609845798138,-0.6264567694769569,-0.20491051665663632,0.5100954822739433,-0.8593807206292312,0.035600224360200224,0.716687439847072,-1.0422620543372914,-0.11746485010698156,0.7644623368877362,-0.7707084880342591,-0.20782018743907815,0.7533620637531687,-0.520720089645824,-0.23263974741355967,0.33915117680123547,-0.9316680285061665,-0.02507670155434415,0.5335677772558303,-1.091154443519075,-0.16969604466146207,0.6029839784932319,-0.8168272349376853,-0.20670931382248522,0.6101591410824164,-0.5526745120601486,-0.1876677257595828,0.1283937957921901,-0.9769227402077152,-0.09113775454598666,0.3021434876608904,-1.1248572724125145,-0.19189569192726572,0.4138758377103326,-0.9761455053274959,-0.20963760017391125,0.479301952161567,-0.8027224306691494,-0.19246694654417862,0.0,0.0,0.0,-0.14396706754608177,-0.4047288241573618,-0.07643495534225382,-0.16004561168431244,-0.8316660809817912,-0.11296742505955278,-0.061508782060527914,-1.1545356153883388,-0.15848447814880215,0.09152537465188289,-1.3526867447329871,-0.1905688924890969,0.21302852227704416,-1.0320493383658427,0.057052620886782375,0.32516666273668404,-1.294585061245041,-0.039131989557157236,0.34467036108381127,-1.4200541293867237,-0.1317387204997166,0.31312490748751,-1.4459170228438845,-0.18228151058627917,0.37960350344365607,-0.9243641692123131,0.03810594244645479,0.5756493455940115,-1.231033283935506,-0.06217584805292603,0.5706993928983395,-1.3302982070936804,-0.13997059542683254,0.46306974482647745,-1.271942390524605,-0.1652014287652522,0.5006827950063301,-0.7619794498434327,-0.005477942240000792,0.7028883174854417,-1.0074733603870114,-0.08696494601711705,0.6828005193035342,-1.1195613964558782,-0.1230548904260986,0.5663421164646971,-1.1082567625592512,-0.1222662399802252,0.5861351563837672,-0.533653741089676,-0.06113456681128862,0.7476888650912641,-0.7009820936815183,-0.12084486643521479,0.7452712153887272,-0.829766176650578,-0.13965645556688872,0.6520738888141041,-0.879630427460855,-0.13241961547230258
Normal/Neutral,Normal/Neutral_4_1790511038,"Tilted slightly RIGHT, medium distance, centered",0.0,0.0,0.0,0.3562322043147025,-0.0992723322570971,-0.02617464283555332,0.6476031111837728,-0.34429568537614563,-0.035634615644015204,0.8485062048395475,-0.5546424868252777,-0.07417662474644586,0.988698856321326,-0.7219635677328058,-0.10925690004503223,0.6514754610018118,-0.7668006977358314,0.07801630219140575,0.8518607593165045,-0.97832996090454,-0.05252037475640126,0.9319044755836463,-0.8036328566385206,-0.15511272931201603,0.9566884635856642,-0.612049079999519,-0.2001834666921506,0.5126933209966807,-0.8577518365569385,0.037514603671016125,0.7262760311017307,-1.0427339099326511,-0.11840109739108097,0.7712153214011878,-0.7616612105490952,-0.20895670070629926,0.7548759184890405,-0.5039929604947176,-0.2324014115581697,0.34344643107818185,-0.9322354349791764,-0.0248627596004676,0.5468708108762056,-1.0901592672990592,-0.17362054071657457,0.6101934593584681,-0.8070408641801141,-0.21008906578907138,0.6077006482132685,-0.5376838776176445,-0.18830366357830888,0.13384447560449922,-0.9833630415233549,-0.09218118272864574,0.31322846447257524,-1.128918234335423,-0.19502343504482403,0.4230762607654043,-0.9752746436772773,-0.21207874059660414,0.4818321691507045,-0.797228979670522,-0.19333357510479854,0.0,0.0,0.0,-0.14833279556899936,-0.4008128164742284,-0.07904605809853826,-0.16512329409427096,-0.8325470862322661,-0.11727679399055269,-0.06638460995755749,-1.1625552826711862,-0.16489613486190105,0.0922471632746294,-1.3590191454490779,-0.1994625128575181,0.21458753878295334,-1.029413263467615,0.05646269452929971,0.3235734355172221,-1.2924774239765315,-0.04354287857182533,0.3410695736213744,-1.420361656382252,-0.1389045945803016,0.31062989871156277,-1.443710879539025,-0.19137859186790038,0.3820361741149644,-0.9234115773590887,0.036870319591783496,0.5859814511152747,-1.2412154784559386,-0.07397804106637629,0.5679331523110459,-1.3298263729096693,-0.156547882829905,0.45218464923940876,-1.2561896588888533,-0.18145611707927936,0.5041999126888066,-0.7624040600620988,-0.007537880864662117,0.7141880799823888,-1.0108268804285252,-0.09560229415985107,0.6812595952065249,-1.1154595167749373,-0.13672011732461486,0.5581477385884723,-1.0993219846038682,-0.1371587013839787,0.5904405120320112,-0.5316585555295372,-0.06396652412127446,0.7547687128813529,-0.7012059464172669,-0.12278882984637048,0.7435779230348181,-0.8288922001509207,-0.14255258432889015,0.6436232139352716,-0.87980087180255,-0.13675037037284068
Normal/Neutral,Normal/Neutral_4_1790511038,"Tilted slightly RIGHT, medium distance, centered",0.0,0.0,0.0,0.34870404920682674,-0.09852843213822415,-0.028467757865652952,0.6379686669836235,-0.32932564516414115,-0.045042906955348364,0.8363207317578054,-0.5174047908648101,-0.09042105571628391,0.9769261445532504,-0.6565228525277514,-0.13166743738410053,0.6502239693334547,-0.764475935096292,0.06910854846180381,0.8544046868697774,-0.9830792237456747,-0.06412608999241695,0.9348489133736896,-0.8085478251468305,-0.16799397522219525,0.9611717966808189,-0.6128678316509516,-0.2139191512557274,0.511871253419174,-0.858621228374101,0.027521012125892343,0.7303204708294646,-1.0458576169230533,-0.13019298032328308,0.7751902745328623,-0.7629632812074496,-0.22022277871683768,0.7610755953756465,-0.504602598246787,-0.24343328207549042,0.34258704523136063,-0.9333600591071459,-0.035711967537833414,0.54702855652361,-1.0950792441943675,-0.18317802464529234,0.6099700397443203,-0.8057439791176944,-0.21815730031187494,0.6108501247246951,-0.5321289908752146,-0.19631402262370204,0.1324739586841423,-0.9817805159351813,-0.10441406713332026,0.305844436759486,-1.125027185761111,-0.2044635926317151,0.41804086672272883,-0.9699889304366665,-0.22112874578646247,0.48492381791845685,-0.7924943536004543,-0.20315671152987966,0.0,0.0,0.0,-0.1431963753889367,-0.4085312473197891,-0.08355997378143269,-0.16033578485251185,-0.8321584667913116,-0.12647488742511756,-0.06466354885416008,-1.1635578566392153,-0.17923036855292027,0.1001361035861071,-1.3645908220682685,-0.21849981525920362,0.22136033575407682,-1.0268728495470933,0.06362995918536553,0.3315258066502271,-1.28728243256171,-0.037505694261947026,0.3441169201616381,-1.4137398688572889,-0.1364193466641359,0.31585824995656014,-1.4404332281564554,-0.192338309506955,0.38751039053630576,-0.9208190851465118,0.04390796802791908,0.5949802286465189,-1.2398391096268961,-0.067604092248047,0.5702937360842365,-1.3333184655935166,-0.15310031180205322,0.4532186839639528,-1.2671090198423731,-0.18094428974665244,0.5080664196062804,-0.7600823784352028,-0.0020813998673741407,0.7170117223950395,-1.0103072820683505,-0.08911528679264046,0.6816570061824011,-1.1179525437124678,-0.1303297815729306,0.5606973463221511,-1.1025292423404327,-0.1316174270023104,0.5936338897017747,-0.5310973035467058,-0.06122466443414826,0.7580877018899714,-0.7071412790650601,-0.11706539277151162,0.7478465864360365,-0.8366963785061421,-0.13581227794163936,0.650572920445395,-0.886428748540169,-0.13049842666647654
Normal/Neutral,Normal/Neutral_4_1790511038,"Tilted slightly RIGHT, medium distance, centered",0.0,0.0,0.0,0.33109979111093507,-0.0896502981533913,-0.04177357903682213,0.6101050898064762,-0.3353304084867327,-0.06561164241862996,0.7970982822743325,-0.5487171883544103,-0.10945533221364356,0.9475250105336943,-0.6981230460929863,-0.14983060157577754,0.5860885972646008,-0.8016164822675906,0.04256579339858731,0.7913213111896983,-0.9999228500621903,-0.08849355405780526,0.8897230541280856,-0.8497645959407235,-0.1953604952644476,0.9174709550171104,-0.674846051710295,-0.24802424122889696,0.45651686360300553,-0.8896511584737204,0.010638114139358817,0.6857063560713363,-1.0772295481282697,-0.14133683762342203,0.7726468329663478,-0.8490733466924422,-0.23710861184811363,0.7900362659389197,-0.6265689558000951,-0.27046697133655906,0.2976002378727003,-0.9451039661727478,-0.04192946616240232,0.5063388800860745,-1.1332460559744786,-0.17576964601793496,0.6248095425441034,-0.9252502559042125,-0.2164456276129809,0.6809490612275152,-0.7037122763658896,-0.20964505409212297,0.09557750965860909,-0.960136129334923,-0.10102538759733683,0.26706202125512607,-1.1162643501846352,-0.20068210232393657,0.4222630031339234,-1.0426412892667916,-0.23121489989613406,0.5470227439289412,-0.9307792944664846,-0.2293779330844059,0.0,0.0,0.0,-0.16053283095291557,-0.4082553396532792,-0.05788315901604025,-0.16465109998872654,-0.8565321334194649,-0.06655988346520494,-0.0512018239358924,-1.1788623638432005,-0.0803963151867723,0.08695888716480674,-1.3838189678927,-0.08663037082970038,0.20987558439668327,-1.0237665402257252,0.08233441767394434,0.316189471134127,-1.2875201178587907,0.0329304280516371,0.3482001704673052,-1.3941121368368536,-0.030888769243953274,0.3521472812011968,-1.4582860302668883,-0.07450838851677502,0.3875529236612766,-0.9197906030591806,0.061546550558302306,0.5426091441610208,-1.209980855006799,0.038715225158856774,0.6041050474575663,-1.377657269023601,-0.014047836824637453,0.6295070334203562,-1.5171362632156795,-0.0547195079121177,0.5154791876820445,-0.7563635580541277,0.016928488890606917,0.6972984668114376,-1.020301039820107,-0.024722902374317315,0.7839596477808846,-1.2019637273115737,-0.06536201718115175,0.8430088067348321,-1.3810016840347763,-0.09481931830133301,0.6007101043306649,-0.5424156806548618,-0.036184405967319276,0.7747571578032174,-0.7336145257710888,-0.08022349964231852,0.8756021726277361,-0.8763600943636292,-0.09644973911211614,0.9615086183190383,-1.030189528630201,-0.10556288735813395
Normal/Neutral,Normal/Neutral_4_1790511038,"Tilted slightly RIGHT, medium distance, centered",0.0,0.0,0.0,0.3322513314637306,-0.06182920310164397,-0.048780293338981554,0.6450917710708785,-0.3157013866366342,-0.04557514401418502,0.826614939297285,-0.5361116851511771,-0.05336012114596489,0.9549011159627665,-0.6650101468945946,-0.060193049539779483,0.5511749337499704,-0.7950725174450434,0.07089737367185843,0.7591094614437238,-0.979564886083624,-0.0005553178552058962,0.9107233790104664,-0.9693530658470194,-0.0760864385255897,1.0193017684372327,-0.9125873592376589,-0.12169882562513701,0.4422343023661005,-0.8956781315436463,0.046792162647722624,0.6759989748962321,-1.1227123534426109,-0.03395636115909163,0.8428914148728989,-1.0916700178320342,-0.11123272398748364,0.9602319169353087,-1.0075869769762944,-0.15275313630381568,0.2984979760598276,-0.9632336673395439,0.0017464778019796053,0.5347396536676344,-1.2004619549339888,-0.08233529722876261,0.705183741641689,-1.1886975987124122,-0.13480921340762037,0.8371579310440258,-1.130662935594369,-0.15765331259445564,0.10678567395491959,-0.9934578145133135,-0.05108989790705986,0.27776708338883016,-1.220206484209197,-0.11042043831912325,0.42380262277068753,-1.3579669278820818,-0.1396968906246043,0.5640085078925824,-1.4550744041975188,-0.15616861991680023,0.0,0.0,0.0,-0.17592078836448383,-0.3917056379324585,-0.06963367503748577,-0.1768089614633419,-0.8301237166090814,-0.08857897768359241,-0.059459438081112224,-1.1578651469579817,-0.108933069947898,0.079515109046463,-1.3659657710815085,-0.1259793990038269,0.19940319599904716,-1.0092647112975792,0.0338335057143498,0.3027318095339231,-1.3031430372668165,-0.011237294096572483,0.36857470234275086,-1.4651887836286497,-0.06787702389300782,0.43237729761582855,-1.6008227255762655,-0.11456980576147488,0.3866261954291352,-0.9222154123040773,0.0062384546815060235,0.5670105398415298,-1.2778977125377002,-0.029299193652581983,0.6779122414153654,-1.5078535074504373,-0.0896101750724427,0.7638742461251767,-1.7091006582355392,-0.1384886230712991,0.5228903790803724,-0.7638751722702225,-0.04199115047888223,0.7591597047698723,-1.0862532966592824,-0.11270550472644679,0.9158176023281529,-1.2977098073560231,-0.18531655699686966,1.0417210013527736,-1.4983262533649808,-0.23573554598218874,0.6171219329035348,-0.5473429236503412,-0.09564541373397895,0.858276210636754,-0.759486633971016,-0.17077684674272564,1.0207220516583437,-0.9001009209020617,-0.21193945012643234,1.1592960410536393,-1.047216746054154,-0.24003190390731202
Normal/Neutral,Normal/Neutral_4_1790511038,"Tilted slightly RIGHT, medium distance, centered",0.0,0.0,0.0,0.3204920342645644,-0.04472389722122995,-0.05729505413591717,0.6225052875048781,-0.2635936849428959,-0.06072580040338902,0.8146658972293782,-0.48861852132336975,-0.06914498328230552,0.9492661525514978,-0.6812154525783392,-0.07248410070601426,0.5441528956882586,-0.7286776435425144,0.049520070251431486,0.7667340023762603,-0.8944901689502371,-0.034239731018823986,0.8986206480937423,-0.8573332530990212,-0.11982838083095135,0.9926622782187996,-0.796234603785491,-0.16720633717315123,0.4499076801939199,-0.8926936338554923,0.02609895354993728,0.6942087128095022,-1.1812150072708254,-0.022524908960704745,0.8839378173671683,-1.314225368998891,-0.08180651367260881,1.04798883564784,-1.4207684572852073,-0.12313900864502983,0.31147433082314624,-1.000232315720223,-0.021949131231883537,0.5202920321647815,-1.3411964339491511,-0.08635817327246062,0.691152111225902,-1.5164498194549971,-0.14527954935078752,0.8432386101252672,-1.6436232052778783,-0.1798920154094717,0.13063762831910736,-1.0525753836324607,-0.07760543495495537,0.26170640625399094,-1.3725739702179007,-0.12839433515545784,0.3557619065139069,-1.586952185115673,-0.1482744405886182,0.4437232456561742,-1.767295204853556,-0.15932954048149536,0.0,0.0,0.0,-0.16565622717958475,-0.37088966024997516,-0.10031830703267283,-0.1759891263930348,-0.7955984725415693,-0.13550890870900742,-0.0707065022486754,-1.1093692459178501,-0.1674839766248757,0.050358954621464884,-1.3435501298776504,-0.1969800786325004,0.19736408031336078,-0.9954006927349047,-0.03309747146129582,0.3061425602307807,-1.3447727656529282,-0.10712533338301812,0.39006850536067866,-1.5644482773798192,-0.17625846652587535,0.47988521039071275,-1.7471295851545614,-0.23110289371686188,0.3858300643883425,-0.9210436666074373,-0.05304456255277564,0.5751638836271835,-1.3052735624091054,-0.1113596304647333,0.6937247869350611,-1.5584242443856955,-0.17995679488403246,0.7974437923044752,-1.7766529184434094,-0.23468342414903096,0.5198925451634517,-0.7683759944740062,-0.09320884631221815,0.7348878980713786,-1.0937406355683894,-0.17497043388852884,0.8696078297281994,-1.3066428431607109,-0.24152378270191724,0.9852995728153462,-1.5010873958298607,-0.2903957004329209,0.6110504499921775,-0.5487869542529134,-0.1434505253468489,0.836891736665995,-0.7018704919271153,-0.2277430829175657,0.9947133779826339,-0.804927143391293,-0.2691324574463095,1.1341660645289557,-0.9061487268690256,-0.29723959696300967
Normal/Neutral,Normal/Neutral_4_1790511038,"Tilted slightly RIGHT, medium distance, centered",0.0,0.0,0.0,0.3054628994564254,-0.023950737882288645,-0.06296792127129548,0.6063404993434526,-0.22121128551305663,-0.07160743453502065,0.7984820797169303,-0.44876406154332343,-0.07995858721817396,0.924935643176574,-0.6418383322650543,-0.08623028505475788,0.5658148022677656,-0.7096900478800069,0.0049059176883807665,0.7978468142056112,-0.86788120833485,-0.06978575625390768,0.9646391794042197,-0.9320914793246385,-0.14258495093188236,1.096776861969712,-0.9713421795392948,-0.188045371519683,0.4564544585469585,-0.8894873810611279,-0.021483160978286626,0.6791256266304911,-1.2555508143347636,-0.07380082408357617,0.838119298244449,-1.4755317613707135,-0.1330161106544434,0.9612342009219331,-1.6523834275482066,-0.1733759716125775,0.3068211842034743,-0.9878238027102919,-0.06624045973375738,0.4798585778100172,-1.3793224185478505,-0.14052903244921544,0.6116760597627743,-1.6190128967448254,-0.2088980596189479,0.7309038967035122,-1.8046189459229431,-0.2508166935564598,0.11819198572562041,-1.0146916262304972,-0.11643713918436446,0.15215156061295937,-1.3626851609088781,-0.19680317367782693,0.17966514436470596,-1.605493017595669,-0.23664522067436206,0.21633905582694657,-1.8218151032367245,-0.2575846158171644,0.0,0.0,0.0,-0.16865877200560178,-0.355166319572376,-0.09428491057488819,-0.1871584963523461,-0.7772821642748013,-0.11887941361918519,-0.09821607901832662,-1.0972745219654012,-0.13981943207616918,-0.001090918122855696,-1.347469131974062,-0.15571079166732135,0.17971589613997055,-1.016270420783231,-0.011086018092278929,0.28065069406509946,-1.3829394084874784,-0.0673357635184037,0.35483355523930366,-1.6053897922262332,-0.12234797792794448,0.42939720858846686,-1.7877866711115238,-0.1672510887556711,0.3603833438973219,-0.9325484583342921,-0.021845326724948284,0.5220750770892301,-1.290976382954797,-0.06094953461627669,0.6210424487770705,-1.5041758324701378,-0.11311579117964168,0.7026498997229428,-1.6784049764945663,-0.15649507667688126,0.4934530562448408,-0.7799301278788241,-0.05337939730060969,0.6870550021703118,-1.0820882898888242,-0.11736031870950897,0.8073943346777297,-1.2698582835851924,-0.17230820341621012,0.9088329961226524,-1.434215990821831,-0.2139748889711718,0.586795595771715,-0.5684866963324671,-0.09543852352426929,0.8000061946074936,-0.7036872153436927,-0.1667163501946644,0.9493633488348493,-0.7951686759974561,-0.20604084761886543,1.0832186594532298,-0.8823160527409591,-0.23271550296237925
Normal/Neutral,Normal/Neutral_4_1790511038,"Tilted slightly RIGHT, medium distance, centered",0.0,0.0,0.0,0.3100499232765639,-0.03837821560962783,-0.07007607236541341,0.6026509596070014,-0.2152702676955211,-0.0875906276426913,0.7905481339860116,-0.43223472321341844,-0.10721574520235763,0.9161974576744142,-0.6201368450682939,-0.1249541939288796,0.5715160637717355,-0.7133696615646862,-0.01004605461130148,0.810328357602899,-0.8896379014762662,-0.09627887925426197,0.9759429611154407,-0.9741463820534185,-0.17804651197898128,1.1094953397294527,-1.0369126421716452,-0.22959793329316192,0.4566193259996763,-0.8888811527765305,-0.037270462329675354,0.6631196549549386,-1.265250054057858,-0.09988037952171483,0.8101311038912282,-1.501794898189216,-0.16626251178701382,0.9239637041369676,-1.7053929947803976,-0.21249214304290787,0.3082970110667437,-0.9780071340894785,-0.08271448685065762,0.45311672819473064,-1.3639913471610825,-0.1577267983851362,0.5687527909471742,-1.598992148607192,-0.2231416655082105,0.6743983941741681,-1.7915149978125582,-0.26421055511176833,0.1251851213876549,-0.9885091195978649,-0.13596164207342235,0.13771170006315717,-1.3299533585311505,-0.21401517239995688,0.15323042609889984,-1.5616036432782592,-0.2502850776353686,0.17563345724730478,-1.7711116073442965,-0.26892937154897845,0.0,0.0,0.0,-0.1642646071805925,-0.35518167704368425,-0.08959131321346528,-0.18882564192004625,-0.7714165220223168,-0.11333081487365756,-0.11469119610911281,-1.0925950134509537,-0.1342644961654134,-0.024041885959265156,-1.3464155398810782,-0.14956451262791226,0.17488024619687367,-1.02122837227954,-0.0019146899927245024,0.27543830543210085,-1.3757472340642733,-0.052526166240939746,0.3446779198869702,-1.5871492791012238,-0.10379992531434826,0.4131975067683372,-1.758763761624519,-0.1463217530724765,0.35451843798981064,-0.9349526257309548,-0.013426271413093447,0.5019333828426326,-1.2742907295931278,-0.04747830187614423,0.596313359696154,-1.4760599160393133,-0.09413405045039425,0.6733931802191779,-1.6392247753957512,-0.1338612155657827,0.48816343821741764,-0.7824665508342661,-0.04635738417124643,0.6752561826989404,-1.0730271304896077,-0.10796392232638351,0.790720380746881,-1.253165824086139,-0.15797513341829902,0.8885475055008548,-1.4153449364526023,-0.19581236521095263,0.5828214245401666,-0.5731029593750357,-0.08934941239600265,0.7930754091317856,-0.7124018076650886,-0.1602089829425218,0.9397101475320955,-0.8092003821419052,-0.19805635932613522,1.0724359365725766,-0.9042067278910336,-0.22314007888466306
Normal/Neutral,Normal/Neutral_4_1790511038,"Tilted slightly RIGHT, medium distance, centered",0.0,0.0,0.0,0.2887717324634955,-0.03280987825863992,-0.08441078866714585,0.5614120796083166,-0.20860894150443077,-0.1095290636516274,0.7457893698149868,-0.4116982828384079,-0.13400461101827518,0.8814352625607137,-0.5720052639061461,-0.1560599375473624,0.5490926555209145,-0.755904997497336,-0.02683105702567246,0.7664731110837686,-0.9963804306525189,-0.08689953695828788,0.8924239171125141,-1.163165360052174,-0.14512761627752133,0.9860347185381558,-1.3095686098187491,-0.1877822473346876,0.4189693956929875,-0.9070106231160873,-0.04238366462706857,0.5864106116184044,-1.2736620943362753,-0.08650916551079306,0.6896827351739041,-1.491499888198967,-0.13184422080961766,0.762715941487888,-1.6731392141013044,-0.16580947471565896,0.2687984628063977,-0.9655523516931752,-0.07519545098924726,0.38222119173030855,-1.3368853739004274,-0.13213248344489328,0.4614775955991116,-1.5670731215071418,-0.1845020404412653,0.527809441193327,-1.7581891763175195,-0.22167485430533526,0.0950125372491492,-0.9398035179895874,-0.11794668136762013,0.07549074258035259,-1.2542638335760554,-0.187791080211334,0.06753766593914515,-1.4679795172455161,-0.2247694444247104,0.06594264301809355,-1.6615719113558103,-0.24573945177009815,0.0,0.0,0.0,-0.1593833282662631,-0.36670859283067747,-0.09106786083184014,-0.1817149657675975,-0.7857251550071006,-0.11549617184419829,-0.12511181436239718,-1.1165890874427569,-0.13730475298623296,-0.05466768908247887,-1.3846743775548582,-0.15393507351959193,0.19556527330542375,-1.0188953327182804,0.014496443990220154,0.2951041235234371,-1.3340095571735797,-0.029328795011100153,0.3660488725518892,-1.5124708928331214,-0.07819682558284011,0.4424283590538314,-1.6582762868213539,-0.11908797488535398,0.3809568538228467,-0.9245884249298594,0.0028495633209044656,0.560487742423112,-1.2168419628885518,-0.02949971108774803,0.6723253908159107,-1.3961492678316327,-0.07883869390512935,0.7695477955534201,-1.5525763704370623,-0.11970077494576134,0.5097724354095662,-0.773235016738596,-0.031572072660242305,0.7295763832923069,-1.0293774606462676,-0.097217763724912,0.8675258027452845,-1.1931785813646347,-0.1541658562947701,0.9876687142747764,-1.350029092869248,-0.19347514857109713,0.5931873826080645,-0.5785314102410299,-0.07515347468462595,0.8184727362798365,-0.7262998432838944,-0.14974904493793606,0.972072163220878,-0.827006249905268,-0.18995878380137038,1.1121560217237485,-0.9313379361293717,-0.214858053688392
Normal/Neutral,Normal/Neutral_4_1790511038,"Tilted slightly RIGHT, medium distance, centered",0.0,0.0,0.0,0.2890624351362336,-0.030525537122290006,-0.08316457468010892,0.5640164133483777,-0.21145116233704206,-0.10521117623814137,0.7498569224329349,-0.4154646489512997,-0.12650830864712548,0.8859720477478107,-0.5678284919028513,-0.145594301893631,0.5322307017933939,-0.7738142838327693,-0.02546474818871316,0.7279243905819814,-1.0473902134609223,-0.0755117824483752,0.8284822386649613,-1.2218394785702051,-0.12328444297481063,0.8976196018379093,-1.3736768576957556,-0.15981377479030984,0.40413916205870043,-0.9137510560701859,-0.04159982236874925,0.5793357777887294,-1.2890014826930032,-0.08225842986590534,0.6795878452581541,-1.5181282710025452,-0.12757234425833328,0.748094306885558,-1.7131454558105443,-0.16143567679718632,0.25415336394532273,-0.9640721216476319,-0.07425840257492067,0.3720197791151568,-1.35000369718575,-0.1323708681201923,0.4427505809447599,-1.5907806861552818,-0.19499235077381852,0.5010929926970957,-1.7894389403863389,-0.2391830443634628,0.07750520642125396,-0.9347530132310193,-0.11547400806199998,0.04072358524134186,-1.2454609291761873,-0.18954674057362067,0.016093384342306675,-1.460423886176229,-0.23574807657066305,-0.0010256476238952197,-1.6528148593232024,-0.2636862353555195,0.0,0.0,0.0,-0.15299043440634302,-0.3550123192264165,-0.08424120748563793,-0.16741533700073735,-0.7789624207693571,-0.10710184287569684,-0.11857374332750976,-1.1125537638527818,-0.128586529952326,-0.07443689229698781,-1.3902666057812803,-0.14657428529666047,0.20511305565269583,-1.0078900787878815,0.017010421952679596,0.2979479501380164,-1.3137438151490557,-0.02738616821424629,0.37351598447875417,-1.4736031906524842,-0.07805097924085252,0.45451451095360995,-1.596243488554845,-0.11963959683243733,0.38973926400314474,-0.9209251674279982,-0.0003769509258779212,0.5825903526106787,-1.2258414072013677,-0.030734708591713317,0.7070795436489347,-1.403144870538407,-0.07949392072577693,0.8138451238476065,-1.5457037084266538,-0.12053631210818834,0.5155625038455107,-0.7710410587160471,-0.039971008142331364,0.7452213839444198,-1.0349246683113742,-0.10079661133092001,0.8896623714707782,-1.1955695708165286,-0.15551177293846702,1.0145119114444454,-1.3449438868172845,-0.19533832870067627,0.5936079371172008,-0.5710309817958923,-0.08841842412403607,0.818452622793957,-0.7276198539357578,-0.15513995261463293,0.9703620103940663,-0.8286968883818454,-0.18906368971757068,1.1065503337500953,-0.9302824526339807,-0.21193434941723763
Normal/Neutral,Normal/Neutral_4_1790511038,"Tilted slightly RIGHT, medium distance, centered",0.0,0.0,0.0,0.2834442100487206,-0.042501264210977434,-0.07104290169434639,0.540228620132648,-0.24374158043141786,-0.0923484447831721,0.7069397958767074,-0.45935749547927684,-0.11552339538080526,0.8392019297888788,-0.6130537456098856,-0.13767341832795876,0.5248723649685176,-0.7804446557154816,-0.027670743516125317,0.6834839416916322,-1.0763390858965536,-0.08658843131046595,0.7602905118210718,-1.2612481115736598,-0.1404766450431692,0.8089465237551302,-1.4241049164549007,-0.1802109301867965,0.3977421652614033,-0.9160285747665622,-0.05189239042780257,0.5677735201565125,-1.2935652045220514,-0.10050594719452025,0.6667306778382125,-1.5347885959897611,-0.15099981775869284,0.7333057000632107,-1.7407958856741854,-0.18777468132099243,0.24393871544117243,-0.964651864697983,-0.09144144431934488,0.3485029789858612,-1.3496577432395602,-0.15512194945674385,0.4136560997097478,-1.5964820173673033,-0.2211885636031866,0.47080015897826943,-1.8026141726078042,-0.26731037688206233,0.06225270664961568,-0.9334696029208162,-0.13789676356145172,0.017556257783173622,-1.2414553149476393,-0.21085247592651543,-0.011386453923909802,-1.4485747512247726,-0.25519066403248575,-0.02930185074216584,-1.6342755289166162,-0.28289852163696955,0.0,0.0,0.0,-0.13745031835198093,-0.35032392866181605,-0.07951254021519294,-0.1388838594322254,-0.7726124469926424,-0.10814324387300404,-0.10666083473499038,-1.1067797677855677,-0.1382273730463177,-0.10659546691661272,-1.3746157154603076,-0.16758564276014212,0.2360754623505823,-0.9979688282903955,0.0033141997778933824,0.3615047216469838,-1.294584819747567,-0.05519063723979316,0.44988366697507026,-1.4553238714178856,-0.11927489463553465,0.5347964630476624,-1.5790006112291743,-0.1703628700278848,0.39892945254967727,-0.9166694659248322,-0.023924508970878246,0.5966071136885517,-1.242742761409272,-0.07105084032147531,0.7260589761373967,-1.4531990036002418,-0.13390915376111995,0.8339857952029925,-1.6275593847152845,-0.1850641518533257,0.5112768737631553,-0.7650831499884957,-0.0715466841842958,0.7485984618666082,-1.0463228101936135,-0.1410053889685147,0.9004280453801984,-1.2280217632224733,-0.20376340754046457,1.0304057464186511,-1.3943824472732715,-0.25093718744593624,0.5793917953941644,-0.5577707688851962,-0.12795801896387354,0.8087447154610837,-0.7088953728891944,-0.19824166277169109,0.9672343694825456,-0.816069634602708,-0.23459321596471777,1.1080726439401893,-0.920697447442079,-0.2614879360234338
Normal/Neutral,Normal/Neutral_4_1790511038,"Tilted slightly RIGHT, medium distance, centered",0.0,0.0,0.0,0.282561087346334,-0.04871036401164753,-0.05453952292364763,0.5341530023113711,-0.25937253499737006,-0.06387293790786601,0.6841405598136366,-0.4765562282161898,-0.07698645407788375,0.7997821453648792,-0.6302052421186328,-0.08978921861556113,0.5398717237876757,-0.7798964583628704,-0.020308841836483807,0.7061447544087276,-1.089357716914667,-0.06916799186119477,0.7816579865479131,-1.2885373188826559,-0.11194653209401707,0.8259300811811667,-1.4652681136406878,-0.14548777686861464,0.42051912374687783,-0.9060165579828241,-0.04793394646921789,0.6147614506966796,-1.259680006058061,-0.09310764641131476,0.7234360955773672,-1.4908648668043818,-0.1376368236332164,0.7958446947271093,-1.6960462354339434,-0.16939415346390085,0.26946747751252215,-0.9568144054177805,-0.0886916252910334,0.38845624865325284,-1.3357009064298984,-0.14887604681929187,0.46932014280007034,-1.57037981393301,-0.21155605054954746,0.54115942828891,-1.7710689230705465,-0.25536754202588474,0.08660840194605042,-0.9332585994227355,-0.13489915469736022,0.041055250847942384,-1.2425818608557362,-0.2059666258262464,0.014266081704460113,-1.447902636793629,-0.25012702589372987,-0.0026984984033219406,-1.6325437890212269,-0.27779867150274046,0.0,0.0,0.0,-0.13281441358258977,-0.33452074827630374,-0.056054851552325126,-0.1367971416130626,-0.7457902614645637,-0.07312180614105838,-0.12677849609650818,-1.0590748064518893,-0.09698473558540008,-0.1809826977245796,-1.2887061886997304,-0.12420494570513023,0.21673827149343436,-0.9956669689975773,0.010264456165811581,0.3276075779200739,-1.3171684492019577,-0.037495405246461305,0.40543076872823075,-1.5099715027425915,-0.09162837576908685,0.48239842911826203,-1.6691498715099065,-0.13999822572865886,0.3752942084624062,-0.9265164671594904,-0.026860625027593947,0.5329837537872412,-1.2800255626798829,-0.07738307501216145,0.6384917919588893,-1.500595758258017,-0.14180766420820504,0.726935590848307,-1.6889816347277236,-0.19344141049187674,0.4954669904466984,-0.7831198775261415,-0.0804308890723753,0.7098851369683218,-1.0914366648316565,-0.1622752138327903,0.8555734452900674,-1.2885670814588925,-0.2416510769493185,0.982344839815722,-1.4705657215549963,-0.29965691655109644,0.5771500938835074,-0.5777253211226473,-0.13871705796185507,0.8203651102164004,-0.704883960129553,-0.22624134702367413,0.9952534069302218,-0.7894231482678873,-0.28145788802041005,1.1525782657047523,-0.8770824324477153,-0.32189733939794685
Normal/Neutral,Normal/Neutral_4_1790511038,"Tilted slightly RIGHT, medium distance, centered",0.0,0.0,0.0,0.2713124278335578,-0.05024787374936438,-0.06206731552085052,0.521654989117711,-0.2670636485013017,-0.07510992207169856,0.6745413764064206,-0.49087819673695254,-0.09024720813376695,0.7909940770446715,-0.6478447449766238,-0.10485747340633612,0.5355733763181113,-0.7853492990658428,-0.03015060734954214,0.700470642747692,-1.1024100140954698,-0.08103229563341491,0.7773783951778764,-1.312417846944919,-0.12435863725337128,0.8236406150450765,-1.4997964872101182,-0.15944515643369658,0.42020770890921083,-0.9057311108955247,-0.055467433050670596,0.6232492803221181,-1.2455551054617127,-0.10404796003305535,0.7376759351884811,-1.4695231267150686,-0.14934482704620863,0.8156501231535345,-1.668359739381038,-0.1816129455161981,0.2701696596661986,-0.9575343125164213,-0.09449881460055974,0.39481317487173284,-1.3356074179819737,-0.16054575738459584,0.48179299796517483,-1.5715109954346167,-0.2256027424093208,0.5609265130284451,-1.7723849624106212,-0.2707303978477725,0.08684210125386978,-0.9360573791940464,-0.13925036648711156,0.04181937794281942,-1.25049087848638,-0.2179346448240501,0.015916565503284002,-1.459619270556743,-0.26610194949260485,0.0005438195219470409,-1.6500279932307111,-0.2961495683433557,0.0,0.0,0.0,-0.14810143731426098,-0.3349256430479212,-0.04716826726268452,-0.15126776018129348,-0.7497049275463479,-0.05246733710279674,-0.13279504037837317,-1.0553132271542012,-0.0646457987867913,-0.19516803933569937,-1.2626046056906417,-0.08218620675047118,0.19473164546718438,-1.002718540365724,0.009397898399733208,0.3003818715660514,-1.361698625381406,-0.030655662468019006,0.3739955527058933,-1.5799758011860083,-0.07543640285967786,0.4487510667701387,-1.765095195867938,-0.1190038083233261,0.3657890308422266,-0.9302634270183997,-0.02843134304754226,0.5072982174170622,-1.2950732535263576,-0.07353747136062802,0.5961972696328536,-1.5230751041020072,-0.13774509057703976,0.6696290127193519,-1.7249263632038037,-0.19115813655312763,0.5003300757938421,-0.7893373862324646,-0.08039137203120508,0.7069014259021921,-1.104937689402009,-0.16194317349611376,0.8476566852135263,-1.3195795369332004,-0.24933926559745198,0.9681751979830365,-1.5203129926648087,-0.3142669333559785,0.5954364767824336,-0.5896912678290933,-0.13544557487718234,0.8497897372493061,-0.7097206075306517,-0.2297168549913502,1.034607904305181,-0.7929538341418494,-0.2956344545637057,1.1983131042887427,-0.8788539121717498,-0.3440353673115591
Normal/Neutral,Normal/Neutral_4_1790511038,"Tilted slightly RIGHT, medium distance, centered",0.0,0.0,0.0,0.2729365930419816,-0.06632196153478266,-0.04953418038337156,0.512153354670453,-0.2908562295407401,-0.05867060710931454,0.6530949993647911,-0.5127172913253644,-0.072151245066608,0.7699830775162753,-0.6657719780002501,-0.08564283701533829,0.5236680785766521,-0.7944142293518838,-0.016089872370550297,0.6916892616050244,-1.1034372754186974,-0.06466461469401767,0.780827465463624,-1.30718319452658,-0.10741140603047898,0.8399397043745235,-1.4914267111994808,-0.1433756041189615,0.4126661401208933,-0.9097323583093018,-0.045756890658342556,0.620873302701197,-1.2180234259907001,-0.09201968119687416,0.747507801221907,-1.4022124206493456,-0.13455945290294813,0.8408525412325997,-1.56668723146689,-0.1656254685036466,0.26488055855502796,-0.9633645244664684,-0.08917747326087755,0.39656993949441866,-1.3386525687695887,-0.15708551299510945,0.4964408425472838,-1.5700051401627593,-0.2234460773366271,0.5919585289544803,-1.7689879103162984,-0.269847871674213,0.08513795622312971,-0.9453539501305002,-0.13654778989530644,0.035156934057916395,-1.2701417924908698,-0.21691154780999103,0.010305881336399838,-1.483210365715388,-0.26659191056543624,-0.00209279089793409,-1.6766040190866829,-0.2986292648403466,0.0,0.0,0.0,-0.16479102972401416,-0.3337846103302914,-0.01302091753850532,-0.1723054830996624,-0.7649346693317225,0.00329803414734534,-0.16037949487940614,-1.0583616063671963,0.00028642106437037814,-0.23870767058586048,-1.2258694276016948,-0.010835906440619937,0.1609741573988684,-0.9564563623080351,0.08637578934352363,0.1552279953612591,-1.2586830489339227,0.03219635725439423,0.1176907086312215,-1.427743002129099,-0.0339187891058141,0.07921837563189368,-1.5516296816267539,-0.08289309876330919,0.3436176196830285,-0.9386025843575737,0.030856443097887425,0.45672503197269326,-1.3185076231675166,-0.005972471981586892,0.5314148238025282,-1.5729191379796288,-0.06866558916938613,0.5970541749798233,-1.7984002763735585,-0.11771627074901098,0.49849581356225103,-0.8130597293815071,-0.04380778631595254,0.6928607647387075,-1.1607695779409255,-0.12315163360925142,0.8232860411698161,-1.3964774765866026,-0.21123077788816075,0.9362925491858164,-1.6192853244235832,-0.27254601656239213,0.614786419338449,-0.606601961585669,-0.12050324678762199,0.8604259892933352,-0.7277350755708817,-0.20648040088679467,1.0424066226153799,-0.8169169634161185,-0.2622038050041935,1.1993585114342655,-0.911914973595372,-0.3029849118718577
Normal/Neutral,Normal/Neutral_4_1790511038,"Tilted slightly RIGHT, medium distance, centered",0.0,0.0,0.0,0.28509884620190246,-0.06965066817391619,-0.05016085193727416,0.5276154830489577,-0.2991045971091262,-0.05208362195392039,0.6607074700273956,-0.5293093182293774,-0.05652815117856298,0.7752606016847926,-0.6895484026791212,-0.061391434459864586,0.5235635230205377,-0.7786877983155721,-0.00036657903271731943,0.7072160245109054,-1.0396505796515574,-0.04368219428544304,0.8179810495125195,-1.2059936790654626,-0.08532371786438056,0.9027833165342805,-1.3536932095845586,-0.12011559818916581,0.41534100981203737,-0.9093157052093115,-0.025234774181862235,0.6126458021622059,-1.2018548026319384,-0.06260508883705682,0.7482964425518484,-1.3568404112246102,-0.10214271481942601,0.8560920306562306,-1.4881940701009682,-0.13326646416904514,0.2692010079330932,-0.9740440076408375,-0.0654484646119157,0.39940716331825643,-1.337470262571896,-0.12892316604167156,0.5062133530112047,-1.5636712415741778,-0.19793129951726085,0.6074440622605528,-1.7562047371717797,-0.24813272769661593,0.08914974282753471,-0.964686421912283,-0.10935467466986953,0.033688798618312386,-1.2867381916317966,-0.18933297773644744,0.006523697034520614,-1.5049782487580166,-0.24276173361680947,-0.008193319787804217,-1.7045935688771998,-0.2787383479197077,0.0,0.0,0.0,-0.17306078715534012,-0.32752183820033814,0.003462982262481151,-0.17780164456312228,-0.7524736391690832,0.018794913510460975,-0.17588411289804176,-1.0500400646201427,0.009711892306659196,-0.24937359422248725,-1.220819167959703,-0.0026463029658221706,0.153877215166106,-0.9538447335767768,0.11099593811018182,0.16969398496606575,-1.253269527434176,0.023933209568076593,0.0998588667861698,-1.245061427886234,-0.06489351352668771,0.03349787019512456,-1.1511308113518772,-0.1117232464920107,0.3362073714874213,-0.9403279927891057,0.05242012337576598,0.45144409924707823,-1.3240471300847108,0.02323808606594932,0.5137315449533483,-1.567809387325074,-0.038189303147354754,0.5753140764837683,-1.786875799655227,-0.08662373559768301,0.49665721193271145,-0.8143052067421099,-0.02935378712967369,0.7009268473887927,-1.1669223565066376,-0.09962415226283292,0.8254191854170433,-1.402315535099694,-0.18718814000974038,0.9342075766038631,-1.6230330151156374,-0.24804466038832534,0.6147489108990477,-0.6040986070658738,-0.11152751901066522,0.8671944082769306,-0.7287106475013442,-0.18747115766244268,1.0421846514750819,-0.8195932096357667,-0.23441002304871575,1.1956435961607876,-0.9169663022949963,-0.26709938603645483
Normal/Neutral,Normal/Neutral_4_1790511038,"Tilted slightly RIGHT, medium distance, centered",0.0,0.0,0.0,0.28929811525846555,-0.05991154316124018,-0.05892813065953139,0.5287992327966103,-0.2912130528932282,-0.0677677809854639,0.6618336859781339,-0.5362090260573941,-0.07630912233085758,0.7861419182483209,-0.7021159095905001,-0.08406164112911775,0.5240458400136904,-0.7729255059942581,-0.0157745878513698,0.729086068668222,-1.0251069625656244,-0.07209604668177738,0.866185848886856,-1.1769733526581192,-0.12033668456807037,0.9738865327753752,-1.298113707530322,-0.15562768546196637,0.4079262838604507,-0.9122700665470667,-0.0368710268098608,0.6113719574639697,-1.2097192276846245,-0.08415473129504084,0.7682271921069698,-1.3464294613627805,-0.12547611576524387,0.8952088530632121,-1.443084514204456,-0.15498249243477474,0.25653647337252355,-0.9780893468267721,-0.07446800644588165,0.39049129069555444,-1.3423479470166484,-0.1455401933240301,0.5194784961721213,-1.557026141507532,-0.21441072879808767,0.6442069678024895,-1.7218701284898243,-0.26201728929309176,0.07476539632398299,-0.9674671085119969,-0.11626805962952769,0.019820413885244456,-1.3024455996043058,-0.20173517237889538,0.0016319750640753558,-1.5292684803571541,-0.2578320815680656,0.000843211642664724,-1.7323527775423884,-0.2938131584823492,0.0,0.0,0.0,-0.17515894427057693,-0.3436188439743574,-0.004564049980315939,-0.18551078685036138,-0.7724567725229555,0.008951682689061224,-0.1838497475399857,-1.0792741300346131,-0.0007744925550498713,-0.2533775691357296,-1.2748906967945857,-0.009104163256802992,0.15193974508398156,-0.9644944996150394,0.11730466379152102,0.18509959705748205,-1.268114437854918,0.02196974414154829,0.12207592350905903,-1.1981386798671576,-0.07443057977415869,0.06116308625032651,-1.0528575115762389,-0.12432661072785386,0.34131869292708555,-0.9377387891215871,0.06440118970426945,0.4495630104620952,-1.304134942799242,0.03479537199065601,0.5008352146357407,-1.5249568856865279,-0.029321810866789297,0.5496491178417761,-1.7271069047437664,-0.08092343347514658,0.5062211497169055,-0.8059975797457413,-0.014630154773623987,0.6950875057593839,-1.1545897735679107,-0.08016247507398251,0.8010549295883479,-1.3960460947379114,-0.16106355806865102,0.8927037387179857,-1.629597710771949,-0.2188616849753404,0.6294152861921205,-0.5941976246669253,-0.09575949494507933,0.870528794152447,-0.7274756791509989,-0.16049336074097578,1.0300085692619647,-0.8404891470778544,-0.2004253870835909,1.1679125089159306,-0.9683221928340485,-0.22992459169143956
Normal/Neutral,Normal/Neutral_4_1790511038,"Tilted slightly RIGHT, medium distance, centered",0.0,0.0,0.0,0.31196468824655826,-0.08363564953497163,-0.05578072136751404,0.5781331027701262,-0.30472204492414934,-0.0687858065679192,0.7436734796452492,-0.5321188202237744,-0.08839563925890505,0.8610247875114032,-0.7295440478696923,-0.10759975392441118,0.513457222529876,-0.7849768205552694,0.025700826895742494,0.6947782147395942,-0.9982132017367202,-0.060330953070524974,0.8286084872159551,-1.0758035599110516,-0.14724320311653197,0.9483814320023068,-1.1323441906639824,-0.20260159195503322,0.39101663864910585,-0.9203297616617223,-0.00995580731192216,0.567498386364386,-1.3121124001843507,-0.07750015524671956,0.7136200726473615,-1.536627556912153,-0.15341504775085021,0.8457972529271256,-1.724680101720252,-0.2059521124081823,0.2424675895332569,-0.9744820506163113,-0.06436732387416239,0.3916397027765724,-1.327587845580408,-0.14196259944109257,0.5327724225521788,-1.5060940215328547,-0.2025705898491333,0.6732193052317244,-1.6490993268242982,-0.2397544414407241,0.06349273702475125,-0.961130918822988,-0.12606872502359232,0.12867631485559194,-1.2533967708979628,-0.19133469237571304,0.21341685346615946,-1.4309312382622366,-0.21442541606864307,0.31457952170185527,-1.5828772380907334,-0.22761060242978717,0.0,0.0,0.0,-0.17726210125816266,-0.36109563632082975,-0.03414876827633922,-0.19544126315977078,-0.8172889306961538,-0.03451940646852712,-0.18832510243168712,-1.154641970664784,-0.05167768989224584,-0.24141306840443824,-1.3978660131150724,-0.06283689761567601,0.14679025302079557,-0.9954623040975005,0.09483159430037497,0.19277131445787726,-1.3074158892717784,0.010036065748002363,0.1559853545651222,-1.3359939205411877,-0.07674453642871218,0.10710617928313544,-1.3038772469118065,-0.1250525612503371,0.3380417006842512,-0.9392489847560742,0.059490782758197476,0.46179560483405535,-1.280579873414733,0.03243915546910231,0.5159646940807922,-1.4977542135535673,-0.021633949593288695,0.5482720452739072,-1.6809629556282717,-0.06652340764946571,0.4882516539924954,-0.7879440238852229,-0.003092222905991497,0.6440324467052625,-1.0666391840958207,-0.05131398661296831,0.7114957423069812,-1.259808514827511,-0.10570263563633148,0.7436698043293308,-1.449264723972221,-0.1464505062128018,0.5989797813673311,-0.5599515088622213,-0.07308429084089794,0.8015108251068049,-0.6625730629206474,-0.11277652882952345,0.8865321920991349,-0.7687175238119411,-0.13638036184091265,0.9226169954165098,-0.8992714897188819,-0.15569638665020105
Normal/Neutral,Normal/Neutral_4_1790511038,"Tilted slightly RIGHT, medium distance, centered",0.0,0.0,0.0,0.294611703446987,-0.08423388710095152,-0.09847959453291935,0.5581985834106183,-0.2865236815656164,-0.13188883218075886,0.7166254917196396,-0.52584374002624,-0.16478720248575854,0.8334991356169833,-0.7465168092401695,-0.19438720717193453,0.5179371808537115,-0.7917820035955685,-0.019246864271623754,0.6958219368922787,-1.0153364292798042,-0.10772313612497932,0.8181316184564895,-1.1291296588988946,-0.1934276383032735,0.9350211615397714,-1.2242076387663292,-0.25047512313805126,0.3850072670610284,-0.9220790121968743,-0.03923900580079034,0.536083451737923,-1.3433313354576568,-0.11514814207874165,0.6581983152771037,-1.5892953457381644,-0.19143487408573565,0.7787448831153334,-1.7710773102339201,-0.24347786490797563,0.22652524157408774,-0.9493840621381123,-0.07878685620511801,0.3431207557120846,-1.3143093854242314,-0.18371018835101938,0.47869947388208345,-1.3843005697725352,-0.24228690988662632,0.6116177282717452,-1.396466626852499,-0.27054922331456444,0.04040894700241394,-0.9007181379050905,-0.12847587317928508,0.12717886025509237,-1.132847948516991,-0.22796571815273015,0.21758396338069672,-1.1343013461008948,-0.24864033058213172,0.3017305109535607,-1.082174911051122,-0.2498484832229376,0.0,0.0,0.0,-0.16878100095808643,-0.34454616834831214,-0.08657127912247871,-0.20261731325690785,-0.790212650291585,-0.10686819765750784,-0.18111525905290324,-1.1497745333031082,-0.13062850307053697,-0.20261952385589252,-1.4247668573178307,-0.1494494875609696,0.13696429189165168,-1.0185684096467027,0.02320308392357364,0.21353501952235363,-1.3402105619149378,-0.03380443333729103,0.27239840716612074,-1.5428888877038223,-0.09537071345148182,0.3275515254740321,-1.7129812159796098,-0.14395239106581206,0.3191773344003378,-0.9476550469375461,0.008702943116682026,0.4785725741893488,-1.2887977770890735,-0.03945622340452207,0.5784266566858955,-1.546325927005174,-0.10024288742991923,0.6365406512738624,-1.7309158055421678,-0.14829116132549433,0.4499952768750369,-0.8032450155457579,-0.028216339607366463,0.6285926636844108,-1.101951319108537,-0.10436973723631256,0.6536604140506742,-1.2247483242272907,-0.1530584285658659,0.6196423905153137,-1.2832465209187918,-0.1771326528509606,0.5448812592134555,-0.5991209580209048,-0.07503635289614999,0.7068036557617314,-0.7772183073399483,-0.14757396011740825,0.7666671183861594,-0.881662477568246,-0.18106095632792218,0.7683617635678008,-0.9514608141495392,-0.19747021877482018
Normal/Neutral,Normal/Neutral_4_1790511038,"Tilted slightly RIGHT, medium distance, centered",0.0,0.0,0.0,0.30039718948758726,-0.07826851826651579,-0.10527882630922027,0.5738218407651208,-0.29021585675653705,-0.14256394158893976,0.7376954739950327,-0.540395156367598,-0.17940828145433313,0.8505804363053486,-0.7655814335430534,-0.20931758213499155,0.5166754275735997,-0.7948859442806964,-0.018956658965057584,0.6985023266666336,-1.0285791665053554,-0.11019866919849279,0.824546183337877,-1.1504266940117265,-0.19348542271366276,0.9446643608469366,-1.2508319391450762,-0.2455339720935859,0.3835333623435844,-0.922857844081746,-0.03515052753824317,0.5359006784517704,-1.3805776822464328,-0.12036336465126297,0.6718868254026763,-1.6481645504456415,-0.19525711223275857,0.8059329334803214,-1.8374549830117486,-0.2427705344843747,0.2230774254761232,-0.9541366360876022,-0.07182712124452588,0.3599056736175474,-1.3051464844635878,-0.19247689421423747,0.4944281217625563,-1.265877654899211,-0.2418706901469541,0.6092051399723145,-1.1695418021545407,-0.2531038042114997,0.034418623329011265,-0.9119814125436039,-0.11880783025030443,0.145517964699992,-1.1284134142502626,-0.22241561172941315,0.25058061175572655,-1.0934914059050078,-0.2362948504847939,0.33730089465155466,-1.018341344727855,-0.22817089680843397,0.0,0.0,0.0,-0.16470087546136808,-0.3493029488618556,-0.09788781338544168,-0.19927672489152257,-0.7936996075594036,-0.12604448252079425,-0.17283439717292096,-1.1516019953784549,-0.15611225602184617,-0.1757156816723773,-1.4340205641632369,-0.18118993879845663,0.1496373790167265,-1.0286594973536691,0.0002524466832800913,0.25649310440316925,-1.3645801707853007,-0.06061976783332649,0.33002660255591126,-1.57432479342005,-0.12384001630057347,0.3956769550870487,-1.7558805518200544,-0.17385956643239364,0.3234153674712436,-0.9461978055517124,-0.010593056809259819,0.5058903326988666,-1.2807324840367262,-0.06213693807924319,0.6123694053586917,-1.5193957627788346,-0.12482294656456314,0.6760089113100362,-1.6947739810256295,-0.1767025188967748,0.44833039364814326,-0.7937862594583596,-0.043675790468117516,0.6366066817390362,-1.0954485167982233,-0.1317298023315202,0.6349794548727118,-1.2083563765745622,-0.19138069470342378,0.5687277642890205,-1.2425102878635692,-0.22211644167618594,0.543356175362041,-0.5857681432525577,-0.08653925856801069,0.7111834861726756,-0.7963483688727168,-0.17300027297021212,0.719978871635048,-0.8719379990197814,-0.21126496504167935,0.6566141262276294,-0.8841776886064852,-0.23003938893165465
Normal/Neutral,Normal/Neutral_4_1790511038,"Tilted slightly RIGHT, medium distance, centered",0.0,0.0,0.0,0.28955881498833685,-0.08039665967059235,-0.10799421560551456,0.5529909868197208,-0.2818569900681039,-0.14793874277891264,0.6977894981680074,-0.5242547571902361,-0.18912238042348029,0.8106238653359883,-0.7503819840250323,-0.22262613604692005,0.5015305104517159,-0.8153325408460073,-0.020679562812482913,0.6947959242277019,-1.0884344468368339,-0.10631799170558798,0.8177517255724954,-1.2283022534372399,-0.17513009413881536,0.9199730527176914,-1.3500199127701353,-0.21015399915400648,0.3704305238313325,-0.9279535816430029,-0.04102898158579537,0.5324278105120488,-1.3733325582154927,-0.13447479745970128,0.6689148717286894,-1.6251971341133242,-0.21327982748438373,0.782221316358433,-1.8141885911930007,-0.2546577274455148,0.21390967533113697,-0.9583333795217811,-0.08184869412605467,0.36616378414657885,-1.2343046844011456,-0.20848385797429736,0.4636435346996635,-1.1293489589365129,-0.2541855703843599,0.5380795796203645,-1.0228585571910598,-0.2514566909561129,0.03252728334669788,-0.9284668385236423,-0.13240587659184228,0.11624801363383883,-1.2156847945873752,-0.20747456421485536,0.20360250923928727,-1.375266717312427,-0.2128091164788531,0.293245222037992,-1.5213245971771876,-0.20370160609279298,0.0,0.0,0.0,-0.15803971639088168,-0.3672692616368506,-0.09071166007180477,-0.1856026275862632,-0.8060722804136198,-0.12433686851480026,-0.15043988742950168,-1.1499451480072622,-0.1568106640843291,-0.14152177892738985,-1.4251815809489445,-0.18813701849193973,0.18385967621209745,-1.0250276433350944,-0.027018547720897325,0.3042267498764798,-1.3709160586707003,-0.1002315513512994,0.39309228926284867,-1.5684822483922354,-0.16627888202702204,0.4858811127079381,-1.7403459313899339,-0.21531444084264684,0.3602334704975856,-0.9315950191435505,-0.04860624486825493,0.5705941591925668,-1.27309472060918,-0.10662305555183416,0.7099158838332299,-1.4869969707964,-0.165566041977409,0.8286153864695256,-1.6711958585658533,-0.2103399132148241,0.47971570161119087,-0.7756212501446269,-0.09061684573025217,0.6812393595018778,-1.054496099558103,-0.1617511582528483,0.7909532619308514,-1.24320466035752,-0.2107606955100519,0.8799274892580784,-1.4179249078653546,-0.24312022904699754,0.5594549600280783,-0.5711879985468525,-0.14302296331261724,0.7385678657263237,-0.7811608290657873,-0.20597559113197839,0.8466768679963345,-0.9367883743821384,-0.23027631650366537,0.9360367622104778,-1.0939691054339793,-0.24598429872240485
Normal/Neutral,Normal/Neutral_4_1790511038,"Tilted slightly RIGHT, medium distance, centered",0.0,0.0,0.0,0.3098493715107718,-0.0917211748214792,-0.09514138209857635,0.5762306323194786,-0.2964864520253768,-0.12383454167670639,0.7307154873179063,-0.5457362626403177,-0.15367109106287594,0.8289573008471491,-0.7723048199976865,-0.18051930017319026,0.5199265970457059,-0.7923947862907996,-0.008973843064161357,0.7103028236987908,-1.0723018981321046,-0.09088528348385214,0.8365068142862809,-1.224325051619419,-0.16476207047158664,0.9422635288534361,-1.3698199685547998,-0.20844315824304488,0.40139664012124643,-0.9153283270655145,-0.032477545640351005,0.578034698207424,-1.3346413168935438,-0.11171620446732129,0.6985544460995426,-1.594101152714514,-0.190054014215795,0.7975262858227962,-1.8102517994073104,-0.2387292863147172,0.2521840558231891,-0.9610200734946962,-0.07731733432682869,0.4134105201639943,-1.2463165894673274,-0.18087051579623395,0.5352826843183912,-1.3202737935678797,-0.24378488654922284,0.6433921979635548,-1.3717873880924025,-0.2680871715181703,0.06402112338710052,-0.9485376597281253,-0.13187052819395162,0.12505165088835785,-1.269235908508896,-0.20600196827305056,0.1760682197734199,-1.4887217977411404,-0.22767969932789153,0.22743745525871087,-1.6889775433788552,-0.23570252152485593,0.0,0.0,0.0,-0.1519647012321763,-0.36197864845912947,-0.09113654903345028,-0.17276151444684307,-0.8038894114483361,-0.12642635231012211,-0.13747790835710513,-1.1441932330325495,-0.15945468245607558,-0.13127299014531282,-1.415384836502843,-0.19222458247296548,0.20081167203706796,-1.0191191058324065,-0.028927459894114157,0.3291301245896892,-1.347174420596618,-0.10041075754691688,0.4210784832128944,-1.5281157352122479,-0.16758205320694203,0.5172469301528748,-1.6813014377069286,-0.21781736959588294,0.37264240550023775,-0.9266162577942064,-0.05019908778510969,0.5853466211837187,-1.2645057580722558,-0.10767079920955404,0.7243119625347144,-1.4743955723334496,-0.1689646814298724,0.8458714399795928,-1.6531876998171686,-0.21608506324172858,0.4880713580089706,-0.7691096900453916,-0.09128237553253328,0.7039359903503051,-1.0612897126670469,-0.1616314021284104,0.8412530016228719,-1.2550530543556297,-0.21394432374740457,0.9581304604114942,-1.4310973883499079,-0.25028223555666895,0.5629209412476237,-0.5647353586391244,-0.1424417621018483,0.7548002299785481,-0.7862763709199236,-0.20573224684492508,0.8805534120784899,-0.9427608961666845,-0.23187125145611226,0.9912666094454989,-1.0938973234287241,-0.24998906874184737
Normal/Neutral,Normal/Neutral_4_1790511038,"Tilted slightly RIGHT, medium distance, centered",0.0,0.0,0.0,0.2965325772958112,-0.07556543107331538,-0.08579224708716862,0.5559968464482729,-0.27661944131458327,-0.11276338551325163,0.7122225075753112,-0.51097815208231,-0.13686344051046032,0.8032428702306194,-0.7282911596309721,-0.15838593334110745,0.5058749795446909,-0.7995243981294295,-0.048779493538900695,0.6981430859401254,-1.1209023408371126,-0.1158060758066849,0.8068990512354802,-1.3198462146610963,-0.17213513557833582,0.892372851287168,-1.497239819952463,-0.21117125519551283,0.3834104799286865,-0.9214000937102974,-0.06338983508031358,0.5828833174887103,-1.2815114570477912,-0.11793997985129795,0.7099794154081575,-1.51411212926732,-0.17155921099323948,0.8094883185117413,-1.7162957527997222,-0.21005907830552314,0.2295584159214387,-0.9732181165319538,-0.09412625328181569,0.3453224359034651,-1.3599157282488894,-0.1605530890877568,0.4328295807258151,-1.6071740060173991,-0.22715059356244127,0.5171999093235167,-1.8112212566121046,-0.27273718359964977,0.04736104382103757,-0.9533262207934087,-0.13289522961835284,0.0010456734859170768,-1.2688530893413186,-0.2096905524362371,-0.02080604310631177,-1.4851140921778794,-0.25713065999716445,-0.02796175832624861,-1.6812967344531133,-0.28548053780599114,0.0,0.0,0.0,-0.1525734152927164,-0.3449590273592781,-0.0824157944889836,-0.17707570559112734,-0.768200515790224,-0.10647699217842921,-0.15253034298201826,-1.1082555723965202,-0.13031677127069216,-0.14557771931534508,-1.381845871817843,-0.15308111474132172,0.18802443606393118,-1.007295330653393,0.0032064912186701494,0.29672974835502275,-1.3258895039098955,-0.05178295595386483,0.3823336658898274,-1.500132055083742,-0.11155756463249561,0.4746710819378506,-1.6401011740973055,-0.15919716070351578,0.3612658696473762,-0.9322533291506563,-0.019766176045035822,0.5385172099034863,-1.2751921396848591,-0.06508859189886287,0.6644861552290581,-1.4906348196636883,-0.12608604059736656,0.776278037668334,-1.6646097370623232,-0.17550855067490367,0.4850301817496411,-0.784579702833184,-0.06353040924158015,0.714088311864595,-1.0546560544215313,-0.13358882939765374,0.8721285651937855,-1.2289918592389282,-0.1967615735350234,1.0065329925718132,-1.3851958939635016,-0.2417019366208121,0.5659919078178429,-0.5849621243470718,-0.11591544748515767,0.7862013962398579,-0.7640446650745137,-0.183820735624375,0.9357191865396486,-0.883861378992405,-0.2180848241250254,1.0661028346228931,-1.0024628682997254,-0.24276797631059116
Normal/Neutral,Normal/Neutral_4_1790511038,"Tilted slightly RIGHT, medium distance, centered",0.0,0.0,0.0,0.2893680941943711,-0.06982155655437446,-0.08589969580731391,0.5438080258579827,-0.26506550715738253,-0.11454070316036385,0.7025304571717814,-0.4973483084576294,-0.14061523519293098,0.8148631077375291,-0.6886845985680058,-0.1634957228487946,0.49824469652113657,-0.7949183734149916,-0.0513546706108071,0.6878089916811827,-1.108161042334262,-0.1145583122103185,0.7871919718876552,-1.3045677397365452,-0.16796368832455785,0.8612446959063105,-1.4787032101227078,-0.20574265613347215,0.3642188953252974,-0.9291004330739745,-0.06416370897768728,0.5374064243442558,-1.2990998924405555,-0.11318952703788605,0.6435159117691504,-1.5405473924774844,-0.1613617307906732,0.7219512660590724,-1.7423420095731261,-0.19640177947642823,0.20636008175792706,-0.9810293965033635,-0.09208270781653277,0.29876638134974237,-1.3658036730352996,-0.1509145437150244,0.35872047572130134,-1.6093424787950696,-0.2122906125808292,0.41526046254647525,-1.8038986523774376,-0.2556333782749542,0.02690283176958297,-0.9474546081041542,-0.12855602077040526,-0.03279929083468163,-1.239941277534182,-0.19901573678834905,-0.07068697267186208,-1.441972879971625,-0.2429506910858426,-0.09408437960905405,-1.6218633375662292,-0.2688135398583166,0.0,0.0,0.0,-0.16412218951835822,-0.3346790648381274,-0.07322447938017708,-0.18807031936767796,-0.7592569174372579,-0.08983630888334958,-0.17409277541090662,-1.1004583560268222,-0.1079966567503837,-0.18810844456334136,-1.3714840177986285,-0.1251362951689365,0.16656728540023735,-1.0114317880199406,0.014065426393618597,0.25329532772190133,-1.349512043924528,-0.028621137839896667,0.3209332373483325,-1.5421315463614194,-0.07744670580178901,0.3908506100621496,-1.6946810445427964,-0.11945210649174251,0.3469447875096123,-0.9378467714833046,-0.008529222605383888,0.5003232968900254,-1.2922022498033108,-0.04122648915327082,0.6009454313512864,-1.5093015167623838,-0.09455855121746151,0.6849390499173146,-1.6878638359448959,-0.13934102822569924,0.4804452434844158,-0.7899095747506284,-0.05023751152746612,0.6936231222628659,-1.0669933301133483,-0.11611468246261249,0.8387898881106687,-1.2330327933602903,-0.18009361910065536,0.960063170222936,-1.3856521877337167,-0.22686686674245007,0.5677383859284684,-0.5864142248308255,-0.098803818230411,0.7852739745712446,-0.7137811840499589,-0.1729155052217233,0.938340280960503,-0.7969246107526934,-0.21431570814426587,1.0743409025442552,-0.8811601125045415,-0.24292228681453715
Normal/Neutral,Normal/Neutral_4_1790511038,"Tilted slightly RIGHT, medium distance, centered",0.0,0.0,0.0,0.28078540335798274,-0.06650761961275413,-0.08850095753611897,0.535555306458738,-0.2557614658159572,-0.11719906979079397,0.6953851924231411,-0.4890485583201368,-0.1436516462741068,0.8083561240278048,-0.6872553608767356,-0.1660489007711417,0.4982179092323903,-0.796515941453137,-0.03961852794879073,0.6838303912285473,-1.0949470337250613,-0.09567618885753605,0.7762652629995942,-1.2833183989389172,-0.14638282912110712,0.8427463492195729,-1.4539593649256,-0.1832234008517122,0.36217452198842465,-0.9308378028650998,-0.04868881164836554,0.5188998044544471,-1.2807098716136127,-0.08719924279893013,0.6082302692707634,-1.5018829962384117,-0.1300522874744469,0.6702851924884925,-1.684439814105085,-0.16364422606301735,0.20442072660096486,-0.9803962842601809,-0.07382195989801625,0.2857874392552852,-1.332069282475373,-0.12198356871927196,0.3365939728290647,-1.5506382037351716,-0.17387690269074801,0.38261014801679494,-1.7235235016633592,-0.2130621050443448,0.024559111809329265,-0.9456005895180735,-0.10894144801983144,-0.035485956041570156,-1.2216689452715275,-0.1691858479839566,-0.07334340776631719,-1.4091208792898005,-0.20546258511808288,-0.09963230024095722,-1.5746055226137827,-0.22719187373597333,0.0,0.0,0.0,-0.1709021276160624,-0.33549641037644123,-0.07629479643593837,-0.20001581069368926,-0.7633266114358573,-0.08715365626371847,-0.1819380017893969,-1.0966609241554566,-0.09709556447057974,-0.19601383685751647,-1.35756855970492,-0.10445181182265544,0.14270817119668533,-1.0285466021397258,0.011959070768503508,0.22817509236089326,-1.3850804383772823,-0.024102414635381153,0.29217369043881036,-1.5940617868218736,-0.06540286741329807,0.3569905280954462,-1.758368945719746,-0.10169378150622894,0.32767598517291424,-0.9447867782257957,-0.0025283256675794875,0.4707435897762719,-1.2950914220943053,-0.02448526076772523,0.5650652586295604,-1.5065596268502375,-0.06725419392523493,0.6437084422838021,-1.6728360579538428,-0.10497957767237538,0.46814932630576045,-0.7910884020415648,-0.0362591379493322,0.6591759189299906,-1.0718291501083757,-0.08950926652377025,0.7834125959263695,-1.2453179296639847,-0.14590021868912495,0.8868621818578095,-1.3973840553190917,-0.18885007932518724,0.5665275183004697,-0.5833346243964675,-0.07800421943178881,0.7770476645884498,-0.7052823448865908,-0.1431223402485506,0.9235019776083234,-0.790180938405425,-0.1830381468550036,1.055399237657968,-0.8734371326871825,-0.2107319886894939
Normal/Neutral,Normal/Neutral_5_1790511048,"Straight-on, medium distance, shifted LEFT in frame",0.0,0.0,0.0,0.06712086042074042,-0.24224760689829278,-0.19007287241607568,0.07704658129494765,-0.5860487257534774,-0.23728535694758165,0.0069797129223548166,-0.8808908537147323,-0.2536663957445552,-0.11213355056888075,-1.0888357014663776,-0.25516199431954345,0.025933561840869965,-1.0024565340777052,-0.08929719736175072,-0.0327610457385164,-1.409769932820551,-0.12728563788622851,-0.10891804625749675,-1.6397209792492982,-0.17005844303265397,-0.1832983131196734,-1.8248880432512369,-0.20263059852998516,-0.09402606589300262,-0.9953680514534854,-0.020038489922551334,-0.12854515049581466,-1.38925907475458,-0.04746668107715029,-0.19982426690727342,-1.604732339728167,-0.09033487215353156,-0.26781431378488146,-1.7348291580021495,-0.12149685304862128,-0.19139170153857898,-0.9137208516749666,0.026310492840920904,-0.29629692272369923,-1.2285802466220774,-0.023005785583039895,-0.4083100496940866,-1.3266490006975669,-0.07804258326198166,-0.4960884130467053,-1.3721849022464194,-0.11041872416335288,-0.27235933346995456,-0.7834943838009933,0.055121288710473976,-0.37436443392119667,-0.9918660555166534,0.0023100512148755696,-0.4742757176115376,-1.0740473922239735,-0.03548015522865001,-0.5639349713220763,-1.1258057462038484,-0.056888545427142084,0.0,0.0,0.0,-0.16772419411069944,-0.36530026345685435,0.08173026688860803,-0.21128844386367893,-0.7104723352739974,0.07748172588663327,-0.24842151259311107,-0.952588539770367,0.0445965068993067,-0.32974005099075815,-1.1329363075817207,0.004259766467780358,-0.02557330636753174,-1.0164079647333353,-0.02120381866471105,-0.16808978092017204,-1.4857481256269915,-0.10490487097049718,-0.2816514099480932,-1.778468578629688,-0.16339727962814798,-0.38273625532088495,-2.019426196877709,-0.20385607768030883,-0.023657446378650106,-0.9922514692213493,-0.1219727308004323,-0.1811863036325744,-1.5230583419901784,-0.21484096635351646,-0.3380761706757142,-1.8344575969018668,-0.2746867634967914,-0.47600568768975676,-2.0757324889683364,-0.3146828397125071,-0.08265704888842998,-0.8926341540893163,-0.2164772449867742,-0.3298786963174898,-1.353991379922054,-0.3138014284255932,-0.5416547126652956,-1.5675188810249128,-0.3732058604808498,-0.7059540525234069,-1.7137265791561318,-0.4064604927914855,-0.2078050957215751,-0.7476018869657688,-0.30114684926135077,-0.41378540421895743,-1.0673831681592485,-0.383236359335683,-0.5920123983208796,-1.2055153776068974,-0.41476389477083436,-0.7464410794304764,-1.2953401492479335,-0.4308640601991389
Normal/Neutral,Normal/Neutral_5_1790511048,"Straight-on, medium distance, shifted LEFT in frame",0.0,0.0,0.0,0.028898004157903143,-0.2695056441188395,-0.2044815476638497,0.043354162371253065,-0.6740393658952066,-0.23650853964040228,0.014525163795048283,-1.0156415306200381,-0.23709392101829577,-0.07068625097706041,-1.278556630534227,-0.2216377089962909,0.0625366917784838,-1.0463653713544343,-0.04682574109171488,-0.00889609736206149,-1.4564522534239202,-0.10053133173775076,-0.13338165559345044,-1.672022368158634,-0.15634406852030042,-0.2479206981635917,-1.8163306742496772,-0.19072023732176802,-0.07038773794215786,-0.996942551437153,0.03392809280471526,-0.20277111278703863,-1.3736192310343482,-0.04312456601796894,-0.38106211210224045,-1.5288368084394457,-0.13321967512612212,-0.5266530274960736,-1.5787505902916994,-0.1806795737673421,-0.17909018618176023,-0.8914866880283444,0.08899626814617242,-0.36793750603944037,-1.1171814550555792,-0.02702318575080223,-0.46395634499854094,-1.0027937136127172,-0.11836172712127921,-0.5037680930544971,-0.8712501622547283,-0.14615713549559392,-0.2562307592336741,-0.7752046155797482,0.12936594709572846,-0.4140179000402358,-0.8941789280194946,0.02145108296124793,-0.4632964471765218,-0.8207815244103741,-0.04226819796365941,-0.46783675887604553,-0.7405162763886669,-0.062244315520692726,0.0,0.0,0.0,-0.22457711542518263,-0.34936741066913174,0.03693063071059835,-0.25780060909465824,-0.6786576541959445,0.0039023232704996,-0.26969152223224974,-0.9229286298046198,-0.05324757426995167,-0.3290250252020384,-1.1052175930643777,-0.11101295858672605,0.012892654646600731,-1.042970012498437,-0.04111133746218372,-0.05149276756099093,-1.4733588222481442,-0.14765158648711568,-0.17155479389750156,-1.7000155222555122,-0.21260278446140937,-0.3115631276751891,-1.834330059464528,-0.24204991295523273,0.036408912704760314,-0.9925428417819054,-0.11633184561054859,-0.159851772897646,-1.4399493608483025,-0.2518295106573039,-0.3856545608712252,-1.6003756568188765,-0.30923591646069326,-0.5700811908265094,-1.644166421247815,-0.32230323294436297,0.0033913306238463285,-0.8761914227464926,-0.18991240332058396,-0.3703891119377414,-1.1546640158068424,-0.3310949098812621,-0.5872705222913545,-0.9847332467832726,-0.34934211869282217,-0.6901269471734396,-0.7874531501132803,-0.32153152372083377,-0.08092762795783223,-0.7156437141655008,-0.2580230845672021,-0.4097665104833799,-0.8672562243826893,-0.35140011929689463,-0.5422971220606515,-0.7234596072246164,-0.3467206603581976,-0.5836641828804714,-0.5642915237816,-0.3164641217510107
Normal/Neutral,Normal/Neutral_5_1790511048,"Straight-on, medium distance, shifted LEFT in frame",0.0,0.0,0.0,0.039789321778583985,-0.2984289754105397,-0.16562174924474074,0.05341499944074799,-0.7197848147697137,-0.1807638791481641,0.018341106690023205,-1.0464617106634326,-0.1732765562707029,-0.04378241180095005,-1.2758671227337994,-0.15080560765113732,0.09028134360001283,-1.0411048445986957,-0.027479563161691787,0.02614157994316128,-1.4771359858621975,-0.10139097908159485,-0.104645908397614,-1.6844383497019326,-0.15801542101612454,-0.23566349454523,-1.8128597181294417,-0.18422314422867517,-0.041350887374095514,-0.9985698465930498,0.03388754326456331,-0.17176669946295342,-1.3562768501503784,-0.07197224557128468,-0.3572265824514933,-1.4559517528465533,-0.15124057065001323,-0.5108393266940285,-1.464413888628723,-0.1740676488160825,-0.1482221252460869,-0.9033976112540253,0.07167831923500302,-0.35263066769545204,-1.0483644829382663,-0.06157771340665832,-0.3902495577640761,-0.870565596107622,-0.12506376026353858,-0.37410147229473006,-0.7023036854993212,-0.11866432917873676,-0.22113975249769108,-0.7844396718046642,0.09653407828960199,-0.379560253826424,-0.8449695791151549,-0.013613859635560424,-0.401011620939736,-0.7127684076734473,-0.05339741706679659,-0.3782440208240509,-0.5960652165961419,-0.045595831575758014,0.0,0.0,0.0,-0.15286915112987448,-0.38070509355422455,0.05319978930029629,-0.1967392206501903,-0.7310660082885886,0.030771118165283582,-0.23305975532362314,-0.9823316022898595,-0.018574304255080328,-0.30651213529996596,-1.1494791870744887,-0.06786448077196837,0.03664111762006206,-1.0400080286011506,-0.022341137382556112,-0.02792203565668915,-1.4725032795882167,-0.12889809850335956,-0.14978983052122555,-1.6976700434723002,-0.18950262642977936,-0.27886194412875553,-1.8394011365958496,-0.21779688668778255,0.04517281163713412,-0.9936389252767869,-0.1031557233680616,-0.22202832369801012,-1.4039199950466,-0.23864911823523116,-0.4677866475403923,-1.496581487005574,-0.2759234839480038,-0.6365577333395922,-1.4790011545712123,-0.27574049477978513,-0.0028409068365948063,-0.8813384727409909,-0.18373213339045302,-0.4090664791657618,-1.087232958189183,-0.3073078858087381,-0.5246061918812748,-0.864065702870135,-0.2918396486644251,-0.5184269643825523,-0.6521005517662886,-0.24531280515803447,-0.08440005886727116,-0.7287364154162663,-0.2614179413808662,-0.43202071080756066,-0.8415443109916225,-0.339406847175032,-0.5135429131023467,-0.6791020111459392,-0.3208440476560153,-0.48691904483327036,-0.5342963480940696,-0.28345841485165396
Normal/Neutral,Normal/Neutral_5_1790511048,"Straight-on, medium distance, shifted LEFT in frame",0.0,0.0,0.0,0.08704072405234664,-0.3519599766146145,-0.17256499819647492,0.09065200621026336,-0.7716919192263506,-0.18104355044297096,-0.01933260907531877,-1.1011374232707631,-0.16601723708361119,-0.13308662685613115,-1.296105005913913,-0.13067641681337716,0.12373067116077263,-1.0754397170121137,-0.003786654400096723,0.04025656095614842,-1.5192708980704541,-0.11019652753929886,-0.11830251233667077,-1.7083740522586475,-0.19276315854632547,-0.26023017614671823,-1.812711003711136,-0.22880634003759004,-0.025709215884589076,-0.9983213866745833,0.051898411601290176,-0.241088298015542,-1.2968284681158329,-0.09392692623087508,-0.37271073602892396,-1.1874026177657486,-0.18841164644274647,-0.41446300027979915,-1.0633425520721322,-0.20471669294593522,-0.1449086569284128,-0.9000483638600049,0.07976536977415387,-0.3406939710907024,-1.0450981507255346,-0.08272268218187115,-0.3366930058831152,-0.8251590644127836,-0.14247024658936475,-0.2594921898930174,-0.6599855187079416,-0.11969703865568494,-0.22878752231191413,-0.7729201607373373,0.09372825021717592,-0.3843598476733982,-0.8726927233886224,-0.013779453316760929,-0.3683195396942406,-0.7505081786457406,-0.03444512585165837,-0.29452036624673045,-0.6311407518709408,-0.0054042859213099875,0.0,0.0,0.0,-0.17443557362173004,-0.3691479990740267,0.048015029797915935,-0.2062151204151297,-0.6978625268310388,0.02988884004753289,-0.22635666704211094,-0.9510697403551102,-0.016257765327751566,-0.28235514421405894,-1.1452551415234933,-0.06717405713375595,0.04053284703001055,-1.0516838815486762,-0.010829876371599783,-0.02140626469572728,-1.4585921978398677,-0.11473761536298946,-0.13059388340714953,-1.7024815799605557,-0.1757377952942552,-0.24884572389813658,-1.8632027793914168,-0.20771978504972266,0.05681802008900128,-0.9946285515559772,-0.08652026943337977,-0.33112951532204143,-1.2965211011576925,-0.2197792994837872,-0.5497783426707885,-1.2219602222866184,-0.25277087506247714,-0.6591273811911513,-1.07653341830352,-0.2526903842402666,0.01959594416744596,-0.8802080216224719,-0.16335506880246808,-0.4015514921430272,-1.014276549668326,-0.29567802608189236,-0.48886576278106025,-0.7866069664603368,-0.28281255183087545,-0.46809729035974634,-0.5915073788387136,-0.24198258544027149,-0.044920451261300565,-0.7390142374282254,-0.2366579006596038,-0.3865147374326615,-0.8449540054561757,-0.3320790693270285,-0.452019807282943,-0.6755645097054639,-0.31877606589518204,-0.42474406595137365,-0.5280001639310092,-0.28241956207344115
Normal/Neutral,Normal/Neutral_5_1790511048,"Straight-on, medium distance, shifted LEFT in frame",0.0,0.0,0.0,0.09001860235918535,-0.35877895138679633,-0.16238624784318476,0.09563008396246499,-0.77764860324862,-0.17453684621822896,-0.01044774982575044,-1.1010341000489146,-0.1648797367365601,-0.13546948764793015,-1.303006751270438,-0.13839286139215481,0.13580040448648395,-1.0713709316355995,0.0014513701449400298,0.033228119240456565,-1.5089894635912888,-0.09932955262825693,-0.12747567605037338,-1.7040931492230282,-0.18558584074665097,-0.2704727080454718,-1.8082237272866717,-0.22947117745922943,-0.019022293350638098,-0.9985404753628713,0.05054771426853276,-0.23797097838997186,-1.2924282621691279,-0.10050494313163144,-0.3255090606765551,-1.1074538867168584,-0.19597954534282613,-0.32964362245530565,-0.9078491895941667,-0.211166543049498,-0.14636641639552084,-0.899938649692869,0.07407475294381642,-0.3592796665375917,-1.0919539589936464,-0.0784197703211986,-0.356301957477228,-0.8702950107978948,-0.12868725021606472,-0.2843953559193475,-0.6873663523918327,-0.10608065452336658,-0.24007094409823707,-0.770791029877868,0.08337545719211767,-0.41714074700203513,-0.8814696926952225,-0.021550986887507194,-0.39736304103223935,-0.7446323250334999,-0.04071797582965484,-0.31123542395916415,-0.6081155669645399,-0.014297024264636034,0.0,0.0,0.0,-0.22186836881973387,-0.4052103317158656,0.0980132949704539,-0.21154343482176025,-0.7545156981420997,0.10705720589168707,-0.2051337903319642,-1.0012196321795293,0.07340271811790475,-0.2329156394624739,-1.2196694406441335,0.030816501253318158,0.04453481177306342,-1.0514472848927516,0.055797781535229636,-0.04197477359765353,-1.4803456892912987,-0.034650123736596726,-0.19268753905624206,-1.6785568636689108,-0.08731228810720269,-0.34035085515089847,-1.7884948232251172,-0.10850581058817542,0.08320543514390331,-0.9957664991993214,-0.03906321331946012,-0.2853072678320212,-1.3297219888155958,-0.14875130231558947,-0.49899129652101215,-1.1770863835561505,-0.17874449307403398,-0.59702292779394,-0.9789069798537962,-0.1797224118609464,0.05767484178320781,-0.8976179589809223,-0.13496890896507596,-0.3317390387996922,-1.2023994013374117,-0.2455789834034047,-0.5267476220191518,-1.0133096235237087,-0.24051361329958787,-0.6037497435754953,-0.7965026088516495,-0.21233514387830685,-0.00936181847161851,-0.794176924028001,-0.22337772923888102,-0.3058832422349531,-1.0519898851892897,-0.2929092130035424,-0.4763753948848125,-0.9821868558568173,-0.2823840389701481,-0.5802312334854821,-0.846902322974695,-0.25754394464635877
Normal/Neutral,Normal/Neutral_5_1790511048,"Straight-on, medium distance, shifted LEFT in frame",0.0,0.0,0.0,0.07539685176273303,-0.32475237492650105,-0.17575663064357208,0.08858715429989751,-0.7342567356675737,-0.19406132333118503,-0.0014840181544129461,-1.0597418610909952,-0.1908457853314995,-0.11267454130281723,-1.2840309685193154,-0.17246775146147816,0.1284149213816111,-1.0514847946610761,0.011422900742865963,0.02389427947124032,-1.4720383451154597,-0.08055709750248874,-0.12996083975850758,-1.6628870477359443,-0.1722359066912093,-0.2758776522510401,-1.7633114291969239,-0.22322214779996677,-0.014729343111562791,-0.9972210491974334,0.07302893597110778,-0.1994004564343637,-1.2848822288438968,-0.0715734887843946,-0.32808308305167283,-1.1376356196914295,-0.19408883454117773,-0.39195988016083555,-0.9624161941863068,-0.23503298800723377,-0.13456129603718772,-0.918131082024048,0.10868076921343335,-0.31248237526976486,-1.1483433000576198,-0.028057901042629813,-0.39360632026655146,-0.9878153897503198,-0.1171767995814619,-0.4108005619811124,-0.8182024314046673,-0.13049578811801224,-0.2226783789894218,-0.8100379507776083,0.12989177985235856,-0.3836832384468833,-0.9397104518929233,0.034649663441901776,-0.44276488456049456,-0.8737115881822097,-0.016467593811168416,-0.4513643861955629,-0.7772244841205674,-0.020268587182007945,0.0,0.0,0.0,-0.22772588263792934,-0.36953456549175484,0.09581656317408696,-0.22370319424367774,-0.6903029300294371,0.10430757648313249,-0.21744171587197234,-0.8938137397679191,0.06969354156846423,-0.2567791017126036,-1.0755735993418787,0.02724108988902212,0.007248344566840964,-1.0353318397184492,0.09573079557632112,-0.22162448687787065,-1.349439618127195,-0.0012255942375058164,-0.43260119801655084,-1.3615856115929161,-0.08045852825250217,-0.5758927157905082,-1.2677356168781304,-0.11442404475701277,0.042202813876558415,-0.9991031331050436,0.0034426618460395666,-0.2891504428400897,-1.3362993206258817,-0.08084764669417675,-0.5494851703746325,-1.270332099364818,-0.14461791583035538,-0.6971547024664754,-1.1257824032608856,-0.18044019306233045,0.02191745636565449,-0.907940903464368,-0.09411489460873897,-0.27815038393017943,-1.2797950609276285,-0.17670004751940324,-0.5353482022521271,-1.2169016962771069,-0.21219784896145666,-0.6795709714596235,-1.0792029274010702,-0.22071502149347189,-0.0430551227761599,-0.8029084537066553,-0.18464107267411325,-0.1733471548919946,-1.1676936199831773,-0.22936017981993592,-0.3205070258707278,-1.2629375336162723,-0.23952284777161517,-0.4468042614940234,-1.2632563465049371,-0.2402026283549422
Normal/Neutral,Normal/Neutral_5_1790511048,"Straight-on, medium distance, shifted LEFT in frame",0.0,0.0,0.0,0.057443269957707876,-0.30870661095009727,-0.18945247019701872,0.0783330165688094,-0.7132694237126492,-0.21605545477629273,0.006547261881596338,-1.0439758798855485,-0.21852919406941237,-0.09878091033350497,-1.2735161669976642,-0.20331745319514277,0.12602699146469007,-1.037406485362883,-0.014726288402547666,0.025856257935368686,-1.4675727639676275,-0.11175108387209658,-0.12900689825925035,-1.655307691999905,-0.20457743045227672,-0.2749793992021974,-1.7549947073256171,-0.25369914402472116,-0.010962590445742153,-0.9983165080180791,0.056955872649864146,-0.19681144413726562,-1.297395686761393,-0.08923983797820337,-0.3249447697200972,-1.1312158178639242,-0.21280038992145173,-0.38456930478559065,-0.9500326849047875,-0.25586310967359865,-0.1323345275110909,-0.9438931436038518,0.10290035226640824,-0.31670316083423816,-1.2056209572887628,-0.031031983601811784,-0.4016581036159617,-1.0339175278237307,-0.11792204085708007,-0.41644910765002624,-0.8500864776860719,-0.13103530570075644,-0.22679050645300985,-0.8664406328279407,0.13391565717058637,-0.39570202324340703,-1.056309894102604,0.05586076106939958,-0.49495145225593146,-1.0641507155242818,0.008105218828387252,-0.5471536861426161,-1.0372987553991244,0.0007062169208244777,0.0,0.0,0.0,-0.25067109526635845,-0.39494791006670826,0.11372809702408115,-0.25564861520569576,-0.740368284333024,0.1358373596119038,-0.2653397027050057,-0.9679600202912046,0.12573289788312955,-0.2951283761049301,-1.1479807258135681,0.11342493818373882,-0.058469154026176924,-1.0267928955133503,0.05008894235695977,-0.30069321785333053,-1.3841955231638117,-0.049479538370921484,-0.5078739938728432,-1.5310785437856582,-0.11324186541633421,-0.6752873638335612,-1.594124291486303,-0.14593533382566745,-0.020276392351151862,-0.9984507774042638,-0.05181614626777263,-0.3173094458639798,-1.425178109706848,-0.1693798604223553,-0.5720173836559791,-1.5503752026557602,-0.22509856957260357,-0.769190181241068,-1.5950564543071168,-0.25910652453316974,-0.0299959852266344,-0.9019363862797474,-0.15435845267861062,-0.2941353154350203,-1.3055192041286166,-0.2833368809542397,-0.5233314968520599,-1.2815832027364977,-0.31561010330235273,-0.6702087793787029,-1.2097470633836598,-0.3202672385469966,-0.08523329595427913,-0.7859276496503734,-0.2466746404873662,-0.11842373431069982,-1.130690549266266,-0.3828241838312268,-0.19681277838602557,-1.3754036507128562,-0.46335754020164177,-0.28055009739077796,-1.5828946540730526,-0.5139073824474979
Normal/Neutral,Normal/Neutral_5_1790511048,"Straight-on, medium distance, shifted LEFT in frame",0.0,0.0,0.0,0.04526159974712558,-0.3119096479403602,-0.21795294884001085,0.05959225243237329,-0.7374897912044547,-0.24327278811613212,0.002501071086497044,-1.0811019990369926,-0.23431670876134011,-0.09208602858596607,-1.3146365848374804,-0.20722888504148176,0.12755299179208962,-1.0394566877909395,-0.031030151231842964,0.020913866031689248,-1.4905240142040639,-0.1268526563254273,-0.14700122907801208,-1.6730134435385748,-0.226692182254954,-0.3091804146972678,-1.7665991346048833,-0.28196392015041477,-0.007921692059833604,-0.9982524537449874,0.05856010064046098,-0.18302416737216384,-1.2955210613407697,-0.06446824227473123,-0.3634819188874453,-1.235811188321703,-0.1957689438339575,-0.4877723007481726,-1.121620112993899,-0.25629280168287066,-0.12201420569230631,-0.9386427760405114,0.11923780798652349,-0.2911828313138988,-1.206910829999548,0.0019992499636101585,-0.4238092999866531,-1.1154232506023605,-0.10453999529424425,-0.49750172865372766,-0.9916798589237334,-0.1419191523859356,-0.1994782528250569,-0.8520391736898713,0.16192235633471183,-0.3439337585568087,-1.0327751850190434,0.07715892397884382,-0.42168450586962475,-0.9970713470202732,0.019491668497564032,-0.46518302203079215,-0.909922115836916,0.004588456191784832,0.0,0.0,0.0,-0.2582158808810053,-0.40870017847785856,0.14383140143683426,-0.2864812458961829,-0.7480499406239668,0.16142207361015695,-0.3328147750539192,-0.967770216139997,0.143349202726436,-0.4089877511339701,-1.1511463284474301,0.11680471687645948,-0.07603325046986066,-1.026312478138455,0.04027872944117175,-0.3460741263532975,-1.3681485070867603,-0.04626565749918689,-0.5379164662541362,-1.4863870132698183,-0.11018574331576142,-0.675823428574931,-1.5502513997652732,-0.15382512460329958,-0.04435632871340557,-0.9954133684313287,-0.0847628577341758,-0.3500927604154678,-1.4406998765650363,-0.1657017553249527,-0.5635089560233885,-1.6552527040191283,-0.20789765523647702,-0.7379513044486287,-1.8150714845202658,-0.2554670038887018,-0.06307679180763195,-0.8982547870004395,-0.2066468157003383,-0.3042500243852031,-1.397336577947831,-0.2931003065860328,-0.5087307949081676,-1.5559209002178556,-0.32295978023054783,-0.6627235527408161,-1.6494875921186218,-0.3560452173520783,-0.14226318970005625,-0.7835934041007205,-0.3167109583865738,-0.18003561812880195,-1.1321292483709373,-0.4353117682778251,-0.25052322004097816,-1.3903056295417964,-0.5141097677353181,-0.33034161329574263,-1.616026907750702,-0.578265049292411
Normal/Neutral,Normal/Neutral_5_1790511048,"Straight-on, medium distance, shifted LEFT in frame",0.0,0.0,0.0,0.028300093491097227,-0.28630848135567605,-0.2203292309596629,0.046131144512344624,-0.6616299605518827,-0.2715791013731925,-0.006572701784635817,-0.9979521434943635,-0.2841233737201587,-0.09612222017206253,-1.2670831250330334,-0.2797293601645841,0.13152269367835887,-1.014891941042895,-0.04280411836491017,-0.024951716350386347,-1.4078343362133825,-0.1197043700260482,-0.20536591764567277,-1.542991742040757,-0.21285406026431566,-0.3628205244467162,-1.5895897088418454,-0.2655264383178766,0.015887821973061635,-0.9982423795245796,0.057094035012928986,-0.17205041031701365,-1.3096448344963483,-0.0008635338770881954,-0.359176449845113,-1.4204283953524945,-0.09987351701176919,-0.5290729759307194,-1.463395551026479,-0.16467538313042632,-0.0885461755517869,-0.9421155165343148,0.12675632655589092,-0.2535552413185289,-1.2243731767370811,0.07595301749855217,-0.40445873198951354,-1.328312264615423,0.005516086624859317,-0.5377392261411978,-1.390902860844929,-0.03646145902968307,-0.17713500227647294,-0.8602908017360559,0.1757885310297602,-0.2898963812417535,-1.0870556450432411,0.1436732868719822,-0.3762122125326677,-1.1914818405242666,0.11137480033704011,-0.4572983338490144,-1.2678737321404323,0.09414163781363417,0.0,0.0,0.0,-0.2842094382137118,-0.4201231336578585,0.14910232314674543,-0.318646055444018,-0.7413021892097647,0.16259652615377027,-0.39304733693811617,-0.9623980138978387,0.13517339151898747,-0.49054013296254967,-1.1681105054183751,0.09616583898007507,-0.09734177754509475,-1.0334148666763554,0.045861532477087276,-0.37316317599266763,-1.344159517842942,-0.062457667429811625,-0.5864607220234664,-1.4241130680464344,-0.14595368934360983,-0.738652668160953,-1.4351394355111546,-0.19795104454478726,-0.06040225380424131,-0.9937757270569704,-0.09360220108393748,-0.2875722142190115,-1.5102647983168818,-0.19108858042860258,-0.4294108618859632,-1.8220051071613446,-0.2597916438536418,-0.5298223698573735,-2.0735497804369674,-0.32384522355232037,-0.08725491750955362,-0.8792079339998425,-0.22971102896404327,-0.2485215512256767,-1.4467720788637668,-0.3212370123882731,-0.3656071140944775,-1.742274689972282,-0.3696234111548608,-0.4457359044532172,-1.979554998108323,-0.41701117040847013,-0.1817229400061381,-0.7610523969475373,-0.35182678709019866,-0.21019478604642614,-1.1301918387786742,-0.4671791238999544,-0.2432981101164951,-1.405297596801677,-0.5393709114575791,-0.2852384924447344,-1.6472904888822835,-0.5990480747136953
Normal/Neutral,Normal/Neutral_5_1790511048,"Straight-on, medium distance, shifted LEFT in frame",0.0,0.0,0.0,0.07700071203583145,-0.20000885851517453,-0.24686697664508864,0.09675798841552109,-0.5607329053092129,-0.3138495518675077,0.01248412052972914,-0.8811498834960425,-0.3361015366711451,-0.09591464297503355,-1.1350498196636285,-0.34245972658782187,0.08808874857035778,-0.9583608331140718,-0.16408579559290182,-0.07418911702833665,-1.3032776749620454,-0.25743655466104765,-0.2094115347863346,-1.5146989745847832,-0.33151316797055624,-0.3182211930087094,-1.689846573696251,-0.3711695978324789,-0.016057893303571793,-0.997149400906064,-0.0737239196959096,-0.1402071774442625,-1.4164011954723037,-0.14622919003841006,-0.24808460496987872,-1.714105861693715,-0.198709047920318,-0.3411647663145453,-1.9313377022907683,-0.22408372612839875,-0.1107643354897718,-0.9690094997141567,-0.012679662161875471,-0.21713097978230256,-1.2907379346162664,-0.11399477887143772,-0.30595369702570063,-1.380122172490598,-0.17003533620918138,-0.37868392490769687,-1.451152137192009,-0.18099064363722517,-0.2011598427468276,-0.8946827968250652,0.027536824651611114,-0.274625369919473,-1.1247710647588032,-0.053382493869575845,-0.3502382477892765,-1.2361474843486449,-0.08987228668052298,-0.43809959381028224,-1.327139374417986,-0.09884259539240815,0.0,0.0,0.0,-0.21414584614598722,-0.3577920353143584,0.11023591277570163,-0.29644190179126817,-0.6956214740006603,0.11671996329913582,-0.39203417206814123,-0.9166018661238057,0.09574917884308155,-0.47769184599269365,-1.1197332484234446,0.0646869634330633,-0.06765895939375419,-1.0240230233895313,-0.010259198653873553,-0.130908552149929,-1.4828662899039904,-0.10372006820629827,-0.1699814807530631,-1.8053387206760805,-0.16382117806872154,-0.19757532559831587,-2.0754458846608586,-0.20558894138470266,-0.05151540183987533,-0.9903787825012452,-0.1284368737731786,-0.11828351669924018,-1.5546503431249303,-0.2148888156210893,-0.14473547089183394,-1.9123847855062739,-0.2611063136981712,-0.16113561234600313,-2.223887608466383,-0.30061854993418546,-0.10352477383599307,-0.9021836968548288,-0.24121538519909874,-0.1905257290860223,-1.4646429260158875,-0.321947640424022,-0.23404069724065765,-1.787651414087577,-0.3657783544502017,-0.25709799105459,-2.0656030308973468,-0.40520337061939066,-0.21973937517231662,-0.7845246573747845,-0.3432841146232194,-0.2632059800306382,-1.1266794730046858,-0.43993564723018497,-0.29346940499531465,-1.3709779884749365,-0.4989167176048391,-0.31002165086231787,-1.6031266101918704,-0.5456980080398072
Normal/Neutral,Normal/Neutral_5_1790511048,"Straight-on, medium distance, shifted LEFT in frame",0.0,0.0,0.0,-0.20046537100028416,-0.3282908095057695,-0.014285197392494604,-0.24507400769370008,-0.732720371835658,-0.04432532416122258,-0.25291223279493036,-1.0256971127136534,-0.08190253018261211,-0.28720664974674964,-1.2761838705751194,-0.12380111357395601,-0.08539470373160542,-1.0426029639510912,-0.10292953973563786,-0.09514394915936564,-1.509775357242478,-0.20746738538306714,-0.08120077455548652,-1.8242682032390762,-0.28695647424089304,-0.0618543718228387,-2.0895244370885155,-0.3453849619081196,-0.022012309150792518,-0.9853845026144935,-0.16891666659343346,-0.14680259772590673,-1.3795239148013618,-0.2694814662662398,-0.2783495664728144,-1.6306370112279798,-0.33697567896813807,-0.3966479404604752,-1.8199015548555906,-0.38571334288436876,0.02878062737024927,-0.828537476251912,-0.23701790928140595,-0.10028796622654274,-1.2066764244093302,-0.3369663553049533,-0.2434602865847507,-1.4641214122680313,-0.39029053413012665,-0.37205251373059733,-1.6626149276926365,-0.4301971681291229,0.05345037890452226,-0.5868908735950528,-0.30625004288216034,-0.028487824671084055,-0.789457970202895,-0.40601194951674086,-0.12304616843211927,-0.9500709629888859,-0.4437482198770739,-0.21312545084928483,-1.0841407430678964,-0.46679849740383667,0.0,0.0,0.0,-0.02991205939109652,-0.40061434685983105,0.1324882139125986,-0.06727437203710915,-0.734290091336951,0.13106244943404494,-0.09176883408894572,-0.9678734091564755,0.09483773969063404,-0.09162546965340813,-1.1667396102978749,0.04538733195136776,-0.03764885362136626,-1.0177815191299389,-0.02478874013637146,-0.05999829811606375,-1.5203514666221893,-0.1337000495487342,-0.05326110912440473,-1.850767596121975,-0.20319358749209648,-0.035448218930650324,-2.128119343317812,-0.250420190649484,-0.04365324929900614,-0.9861380006648202,-0.1600819710974043,-0.08182708356636456,-1.5877368850307305,-0.254614140589158,-0.06180698233164021,-1.9653219806753202,-0.30832782004586506,-0.03588789491906181,-2.283849196290171,-0.3542552652105714,-0.10858230693981095,-0.8918654560863091,-0.2859516708717432,-0.18199617167834967,-1.5036794792496462,-0.36992372502131654,-0.1904509154606366,-1.8345608385559733,-0.4151122232871231,-0.18220642699075668,-2.1085616534538056,-0.45657503123830706,-0.2099357017846839,-0.7622433378309579,-0.39827568623643844,-0.2655146925300476,-1.1190092117370993,-0.49526130411224467,-0.2935124703100603,-1.366903795083696,-0.547031977399437,-0.31889436385474623,-1.599968896503204,-0.5877523623808727
Normal/Neutral,Normal/Neutral_5_1790511048,"Straight-on, medium distance, shifted LEFT in frame",0.0,0.0,0.0,0.06195089850222354,-0.2466588981571939,-0.12431357727593191,0.010107807841792767,-0.5571384330273786,-0.18266285027687718,-0.1064185405998193,-0.7981881165522706,-0.2283426645623284,-0.22797586317747384,-0.9770896285655815,-0.2689052938446608,-0.040963099896295894,-0.9916027732851688,-0.10537261424144478,-0.07009519940412581,-1.4281635876151306,-0.20826414721527847,-0.07500934692683453,-1.7253645993658497,-0.2896943783234678,-0.06451903440585903,-1.948157818768918,-0.3408734979931504,-0.12253933224631325,-0.9877152140072593,-0.09696787133489972,-0.12544436945813714,-1.4368533355779705,-0.18796097562137096,-0.12619913086796458,-1.7278517764760346,-0.2527150883592411,-0.10842047734672748,-1.9571890796167886,-0.2894381796100165,-0.20162736269129192,-0.9160702685854668,-0.10583380395049626,-0.24060312916734636,-1.3361119022695178,-0.19221198479915028,-0.2744144419776502,-1.5973385154722641,-0.24408653986407677,-0.27917871325298993,-1.8172110695419879,-0.2734055203209498,-0.29117342461935125,-0.7667781542831454,-0.12660068720954074,-0.34669629740108254,-0.9927838493541791,-0.20457506187819574,-0.3789939882123163,-1.161171478564877,-0.23762871503072622,-0.3891395853643431,-1.3218196008409255,-0.2538871174111827,0.0,0.0,0.0,-0.0110021508673873,-0.42221203554649867,0.10057208853063658,-0.06644316125884903,-0.7861235008054863,0.09867734818749352,-0.12044253195564082,-1.05823936049743,0.0664743569664111,-0.191439447082131,-1.2719831025778388,0.01956923366035157,-0.06312632063968934,-1.0042518495472836,-0.03931718958058289,-0.0953791932746846,-1.530173286643292,-0.15764464629959107,-0.09643334977158283,-1.8906042078949996,-0.231115752464437,-0.08326203180056338,-2.189247210079251,-0.27630068240298666,-0.08109675313845427,-0.9840933910034998,-0.15806174240983675,-0.14032802190450674,-1.5959089459670224,-0.2632164655220835,-0.14066301114171728,-1.9985683421590281,-0.3254804027402394,-0.12251273822251141,-2.33906575120906,-0.37069870036760877,-0.15504421769263305,-0.900178878715369,-0.27074307875065173,-0.2516272724628532,-1.4913538083862499,-0.36832991039728713,-0.2838861721822092,-1.8496678620728104,-0.43156996795152563,-0.2857957858141779,-2.141820860933019,-0.47695663509684294,-0.26855093650361367,-0.7671502392379274,-0.37149026554790365,-0.34960938849306594,-1.1368904783399636,-0.46744638203081096,-0.3884778611132984,-1.3916634999949624,-0.5176563692523547,-0.4141427416978701,-1.6241538075021362,-0.5536614907460529
Normal/Neutral,Normal/Neutral_5_1790511048,"Straight-on, medium distance, shifted LEFT in frame",0.0,0.0,0.0,0.008506122828156883,-0.22767460755868937,-0.12265111479726945,-0.08666459546689348,-0.5188005663109978,-0.18555204976914008,-0.2124234414721554,-0.7565894583396561,-0.24014009112628826,-0.3481984117593014,-0.9246195131557506,-0.2864651706096325,-0.14897234261835146,-0.9529406199668503,-0.11313450506505086,-0.19526912849992445,-1.3750884762485498,-0.20959378874043422,-0.2190032021516235,-1.66575542887714,-0.27365725324060053,-0.23274436678443025,-1.8894761238725855,-0.3148969284296659,-0.248723280897794,-0.9622797165247454,-0.110247343299023,-0.27419345247757515,-1.416123219965254,-0.20115496178672435,-0.27330698270702974,-1.7157694325753665,-0.255550089355207,-0.26255301680571075,-1.9473396622000052,-0.2843049840797505,-0.3410188393392735,-0.8861927014283963,-0.1263589644982865,-0.5251585202929682,-1.2464988821971796,-0.2275898127085022,-0.6457409935005975,-1.4758401942347907,-0.2974776901940272,-0.7202402864801599,-1.6635002679493391,-0.3351886454083397,-0.42556087845121604,-0.7311904465877411,-0.15282609914516235,-0.6057769276194822,-0.9554589713218299,-0.24266128130418801,-0.7300556744391096,-1.0984014017178776,-0.2966618755717177,-0.8208488016213157,-1.2248276865341536,-0.32924973323186657,0.0,0.0,0.0,-0.05713856815224345,-0.3878333861038754,0.12658075577661537,-0.0850330892376048,-0.7099279997377033,0.13695073675231345,-0.09488358128197244,-0.9362712211690493,0.11878869561662307,-0.09133138508869366,-1.1110711215486702,0.08906735611489518,-0.09249557743859553,-1.004747140901546,-0.035377873935600164,-0.11035465380096447,-1.52249730752878,-0.1444552756808891,-0.09165462370416871,-1.865477288109931,-0.20608283915319192,-0.05547989881602856,-2.153797561671303,-0.2443338530973048,-0.09992149415215479,-0.9832827254032246,-0.1522195024627516,-0.15572634587213172,-1.5837438822926617,-0.25776985091237087,-0.14035870209103185,-1.9784088984393349,-0.3104398880632056,-0.10977541477346912,-2.318961446542222,-0.34825416320917035,-0.16768579369171427,-0.8889035258854112,-0.25879061446000245,-0.3079235432071264,-1.4562263437260057,-0.36251075758304224,-0.35621619236038543,-1.8023769960768665,-0.42774738638777104,-0.3633634419587768,-2.088081455904403,-0.472217172245459,-0.27826711452415503,-0.751841971958123,-0.34936290308887175,-0.40906389646383323,-1.0893926104676768,-0.4726762206033228,-0.48982250263138766,-1.329078710516599,-0.5456985762245173,-0.5582997556993639,-1.556464600292736,-0.5937470821276968
Normal/Neutral,Normal/Neutral_5_1790511048,"Straight-on, medium distance, shifted LEFT in frame",0.0,0.0,0.0,0.007619899316033878,-0.21743477212857115,-0.11738830064225768,-0.07753989435607829,-0.4989599020978823,-0.1813420884784895,-0.21942663109684069,-0.7394131361072566,-0.2361455417401153,-0.3632593160725066,-0.9044711995170126,-0.2832598769194103,-0.17877203548990062,-0.9467224114100043,-0.1231650699649416,-0.20531869875719802,-1.3592798522203655,-0.2251615911457112,-0.20612970288514912,-1.633831167439838,-0.29447479184563596,-0.19765571003778154,-1.8586185819896532,-0.33773587956983947,-0.29597495620603126,-0.9475267469398129,-0.12079689206471217,-0.35927072492963263,-1.4029237751869736,-0.20723942906222453,-0.3789002565313028,-1.706614042959386,-0.2576775634767745,-0.38617723601208354,-1.9456022372537516,-0.28555108541103047,-0.3864039683489301,-0.8502139461219996,-0.13545860659529801,-0.6062866289649033,-1.1602042437473097,-0.22593485998513452,-0.7616277754273388,-1.3662854710536534,-0.2884611911071877,-0.868967070037013,-1.5375325065087795,-0.3244969489256473,-0.44605034673902344,-0.6787068353393143,-0.16047330371190158,-0.6612435721957955,-0.8434360855637341,-0.2413349774874513,-0.801355948861553,-0.9516181883848084,-0.28799535105424934,-0.9133547981810588,-1.0598064468349375,-0.3164037715049006,0.0,0.0,0.0,-0.09990385985378071,-0.35112418278533003,0.10750407733533568,-0.15696965952847372,-0.6721323937651821,0.10423237837045711,-0.1787523832595084,-0.9061085135673926,0.08039164840779635,-0.19367580435824924,-1.0774220438606754,0.048082872267269455,-0.0924607671745525,-0.9954750275913798,-0.07723415279167921,-0.09296676770465506,-1.4901334037350358,-0.17365883848599228,-0.07115731534816867,-1.8041752132454394,-0.2264012253890792,-0.04068760400998878,-2.067365536330992,-0.2579080765205399,-0.10957427654219994,-0.978446128148438,-0.17503328892408965,-0.16264313286745252,-1.5420547725193454,-0.272678107567874,-0.1604473302027597,-1.918256304709489,-0.3310204986528253,-0.14654236190140196,-2.2381933429824463,-0.37310914347485213,-0.1869296836295922,-0.8757835054773477,-0.2580584480806241,-0.38252552497201203,-1.3494022136775257,-0.3572841612312423,-0.46889013785475325,-1.6987158546753631,-0.44592810373321284,-0.5051457670941569,-1.9865864688262613,-0.5074508095343001,-0.30985868745954104,-0.7207674319663702,-0.32251588783055085,-0.5509295061333682,-0.9901123436490323,-0.4227550767241577,-0.6899872999022548,-1.1601554347242944,-0.4883587367095103,-0.8075010842156926,-1.342056818732707,-0.5337336199469848
Normal/Neutral,Normal/Neutral_5_1790511048,"Straight-on, medium distance, shifted LEFT in frame",0.0,0.0,0.0,0.004765975358496619,-0.2182220193775249,-0.12114107440230441,-0.0891800497411009,-0.5083245013885919,-0.17889956591922293,-0.22085685748145617,-0.7544646663197678,-0.22610564840134806,-0.3411072052659746,-0.9200186358046755,-0.26487491182580003,-0.208243544664337,-0.9447096306585561,-0.10386022911228263,-0.22652503902960328,-1.3509786470321816,-0.20092575741901195,-0.22119769093087968,-1.6216172371559083,-0.27089503423153544,-0.21270160657978146,-1.8391635300868636,-0.3134671307792054,-0.3177320205915678,-0.9434086716097762,-0.095007586130146,-0.38281264551809246,-1.391904650441718,-0.1757998410147912,-0.4119315049883401,-1.684014015247212,-0.2268009907163757,-0.43440299836002705,-1.9114016574512822,-0.2540133981635134,-0.40288469120734544,-0.8515311614969849,-0.10464716886985002,-0.6079000950965325,-1.1522680431602175,-0.1896109748720072,-0.7511924671902261,-1.3638162119227777,-0.2505850455826972,-0.8548161078470389,-1.5406713968280044,-0.2845159962662313,-0.45910896810402396,-0.6832025057607791,-0.1254587467229087,-0.6500576285188552,-0.8736123176502689,-0.19534983852030027,-0.7749718501383501,-1.0030458620993203,-0.23470824320539116,-0.8754846739524943,-1.130720537636532,-0.2583980088617346,0.0,0.0,0.0,-0.06819821657336073,-0.3836775576143539,0.12767572234286184,-0.12205121474364039,-0.7110976432934593,0.12786263057455338,-0.15579528570784873,-0.9486790625823958,0.1003081226199113,-0.1919196592655563,-1.125189971900205,0.06252918589208183,-0.08442413804887142,-0.9911983843826287,-0.055230129407095034,-0.08651754743023428,-1.494312393783868,-0.16483062846725724,-0.050335348993087725,-1.807451407630331,-0.2273512460359884,0.0008573328588208716,-2.066565993921168,-0.2622769154208879,-0.10548522347876006,-0.9801900891669818,-0.1676313118914852,-0.16614129082522644,-1.5652793250830368,-0.27420148396732413,-0.16425779877147337,-1.949620660252366,-0.3369519135971056,-0.14577726479410583,-2.2710524311659013,-0.3812595767049408,-0.18398259028326494,-0.8837326123000605,-0.26593001612435413,-0.38355986260250535,-1.3718415303170963,-0.3658458065908115,-0.4730863490165389,-1.7179864647375012,-0.4472425983791491,-0.5075767513828958,-2.002266587305867,-0.5029005787789275,-0.30532782088790233,-0.7337887953408457,-0.3455427198016077,-0.5182539015494081,-1.0291121683574458,-0.439355359196503,-0.6403662879500757,-1.2286648976410401,-0.4958206102403467,-0.7401069536309329,-1.4317488491442671,-0.5354650500923932
Normal/Neutral,Normal/Neutral_5_1790511048,"Straight-on, medium distance, shifted LEFT in frame",0.0,0.0,0.0,0.02813286491996853,-0.22936205241151375,-0.1154667785710007,-0.02787519267468965,-0.5351847780341851,-0.1649988376517387,-0.11168927078225137,-0.8078196037109647,-0.2038794014920454,-0.15540369998084583,-1.027751897847374,-0.23704709651095482,-0.13073158249539316,-0.969643954076707,-0.07688105067071259,-0.13287282934545971,-1.3636928007447826,-0.16496295904978134,-0.13104131214077913,-1.6124981732437789,-0.23997724176372856,-0.12398361229338503,-1.8131668522903355,-0.28914902174021523,-0.24480313302135756,-0.9672179366087031,-0.0675343554446946,-0.32019912543306484,-1.3853731628067296,-0.13614759843816923,-0.372677619988956,-1.6509117804223374,-0.1945309234783525,-0.41165708397552775,-1.860466824060689,-0.23288070685814957,-0.3294979082403199,-0.8830684567132369,-0.07526403996473235,-0.46781501458738917,-1.2207358111950184,-0.14351039268299454,-0.5643642581718316,-1.4278995422987708,-0.1926947264560253,-0.6335669650534479,-1.6028863329208114,-0.2241537531976187,-0.39052059100693676,-0.7234666483155365,-0.09509993732650995,-0.5089810082309699,-0.935682561984932,-0.151653364527484,-0.5812527246686708,-1.0685183093467538,-0.17624369662835063,-0.6369044624333723,-1.191619560593575,-0.19071320252506582,0.0,0.0,0.0,-0.022956711346462093,-0.3945591574681901,0.10144988317448439,-0.05378764609034804,-0.7219600651078608,0.10069952329439698,-0.07858277382838083,-0.9517354757003655,0.06979982483114555,-0.10544385389696923,-1.1187327957840942,0.02891914620837694,-0.06240829836078334,-1.004108329220505,-0.014082069379598697,-0.07045789092093703,-1.4760803928112707,-0.12181232272636298,-0.019299487351558425,-1.7540505051207336,-0.19044994925899184,0.053750833365260244,-1.9767212447598608,-0.23086574293833265,-0.10043843321643794,-0.9870294446425846,-0.12523975623410583,-0.22753038932785366,-1.5530903938321314,-0.21703969734505493,-0.26915596199660624,-1.9135010315728949,-0.2743800026420861,-0.2849125482884583,-2.216009877464754,-0.3174776912136432,-0.16970684764333194,-0.8898882476671767,-0.23087018266397136,-0.3354751036794057,-1.4000526810879788,-0.31802354623149665,-0.4041280611396308,-1.7166439667287523,-0.3777203284055678,-0.43648570653753493,-1.9864386942516308,-0.4212456874234181,-0.26211215228219314,-0.7384221977991344,-0.3253588748059486,-0.36351400596223543,-1.0555066629629433,-0.41107769827360136,-0.4216052261050589,-1.2699591004676452,-0.4559199909090399,-0.4717138195494462,-1.4774578176906865,-0.4887793715512626
Normal/Neutral,Normal/Neutral_5_1790511048,"Straight-on, medium distance, shifted LEFT in frame",0.0,0.0,0.0,0.05310455279964968,-0.2437183994707319,-0.10227425075881286,0.028461159790124344,-0.5358342107545783,-0.1491613694055686,-0.03133147755656377,-0.7968484733144191,-0.1920220890046828,-0.07421059738828348,-1.0085517717717856,-0.23100369289951095,-0.10600430301029913,-0.9831458209742814,-0.053298161260007075,-0.1202579943086339,-1.36256063213974,-0.14125641021621965,-0.11586848696707594,-1.596890824041094,-0.22203003871883392,-0.10535884299890146,-1.7992990716622732,-0.2765484167986824,-0.2257040680398873,-0.972634991805939,-0.05512573251129271,-0.3114874339468846,-1.3822880518931595,-0.1192102204094605,-0.37746800136978886,-1.6393894946189416,-0.18246567190148605,-0.4296407497974942,-1.849178220725203,-0.22696605667277822,-0.3126527227518905,-0.8795787635890983,-0.07390735882703692,-0.4297503808130181,-1.23401429601747,-0.13564383556147433,-0.5201973908603914,-1.4460968585285405,-0.1826008439806265,-0.5893244276888383,-1.6259253836724121,-0.21527201254689168,-0.3760475389686502,-0.7107000657557315,-0.10508914560240434,-0.47667909257816343,-0.9289760102637903,-0.16003642540048574,-0.5443031770737912,-1.0709568273283943,-0.18239975995715285,-0.599921183869348,-1.2021520858257542,-0.19538580560098792,0.0,0.0,0.0,-0.040911312508434446,-0.41615755433213847,0.12905248829374982,-0.11232580394347545,-0.7905573125469272,0.14727688266818148,-0.17871416605323542,-1.0605417035033353,0.13099765843085567,-0.2502430941853483,-1.2736151012419445,0.10520548505738844,-0.08791483269409504,-1.0246012350239613,0.003459764229787392,-0.11917808779111831,-1.5322149738920143,-0.10410993816430633,-0.07292768478753898,-1.8443000844465247,-0.17218751012145875,-0.007551662175355909,-2.100389308749348,-0.21158654747724503,-0.10923736625915503,-0.9863086284872042,-0.12354143913866876,-0.2782965159126438,-1.598141723108856,-0.21665803104247625,-0.35221295695951177,-1.9762757517865415,-0.273233905478246,-0.38986224368570255,-2.2816369331671518,-0.317711771998062,-0.16754556969052772,-0.8882819991312327,-0.24343544493637378,-0.33370166137674334,-1.45319643456387,-0.32041144869860083,-0.41178576321562155,-1.7985319779956386,-0.36706366078909075,-0.4493443897882199,-2.089949666414779,-0.4065990024962669,-0.2512649056392707,-0.752901066832401,-0.3517820848517448,-0.3466581378259678,-1.1257621154041284,-0.4375251815957917,-0.398221148507971,-1.3861794438411408,-0.4834749466380179,-0.4422912618050066,-1.6279923035737822,-0.5186797437324571
Normal/Neutral,Normal/Neutral_5_1790511048,"Straight-on, medium distance, shifted LEFT in frame",0.0,0.0,0.0,0.08671177951235555,-0.27113313764305963,-0.13304715756269794,0.07144216663434785,-0.6180951879995885,-0.18284572145912562,0.038589867063604226,-0.9277966734657728,-0.2207882842670264,0.058686636840093294,-1.1887292020478775,-0.2545050215093066,-0.11816508391510465,-0.9877492774418052,-0.07620210461604457,-0.14722657364591626,-1.3950566579131183,-0.1633514445654096,-0.1585777284620564,-1.650926296098761,-0.2404093840708982,-0.16315447965313934,-1.8775219420538565,-0.2922475379119255,-0.2421349829495685,-0.9685462897556885,-0.057347490202293516,-0.3390571529958243,-1.391453163280088,-0.11683889772895734,-0.41057414789820335,-1.660419949202598,-0.17575875392281323,-0.4681648929631931,-1.8985670256323877,-0.21829882298470263,-0.32762530102788584,-0.8748564074441908,-0.056845643326884104,-0.4186883687799363,-1.2471637214228068,-0.11269804870954862,-0.4852346636683624,-1.4740542787872017,-0.15213316494581008,-0.53781570509603,-1.6726044855136735,-0.17995810837727572,-0.38876170776711727,-0.7072029393098833,-0.07156284369942088,-0.4723796073868899,-0.9348192819668157,-0.11635023673758467,-0.5219463656580666,-1.0873525492223544,-0.1296952607540811,-0.5690491708943346,-1.2230267142462818,-0.13694874258373493,0.0,0.0,0.0,-0.039994937752320596,-0.401218441689108,0.09018139790286178,-0.05678460230093075,-0.7325463199184384,0.09192492309449014,-0.05671237282270009,-0.9830859150773094,0.0636325078370551,-0.06773921233398271,-1.1996131926001041,0.021815888823573246,-0.06835122124630268,-1.009361523601615,0.004952674700474241,-0.1541402306926508,-1.4923402396730714,-0.09994627837153114,-0.21810545278908178,-1.8404463267004323,-0.1797874900282112,-0.2838581603064574,-2.1425787391645095,-0.23711783020977212,-0.07561843874957407,-0.9910793106681686,-0.1097435724158126,-0.18268291284013133,-1.5744333133180202,-0.2106133979217709,-0.25541974490577757,-1.9665504524195374,-0.2873169777908653,-0.32444083631309034,-2.327662117164226,-0.3493129029672166,-0.14438730947887174,-0.9148391547430714,-0.22146395964394422,-0.22204797847583835,-1.4912373809732054,-0.31250778498486254,-0.2605175539136965,-1.8481869191174842,-0.372307579671395,-0.2889883949134745,-2.1529557075369805,-0.41886151712632486,-0.2641323286347183,-0.8077053636532445,-0.32533531315504594,-0.29604940890631326,-1.2010806936658764,-0.4119571459602673,-0.30874684634957583,-1.4687724599213592,-0.457927325548798,-0.3218871747601614,-1.711611849038103,-0.4950374043490178
Normal/Neutral,Normal/Neutral_5_1790511048,"Straight-on, medium distance, shifted LEFT in frame",0.0,0.0,0.0,0.10741580123155627,-0.2695044478870597,-0.12969927305773893,0.0984756476935774,-0.6528954456379283,-0.16520647572510377,0.08624001013237803,-0.9852692495391489,-0.18665797410324972,0.12217580114496795,-1.2355307400922872,-0.20185077924184847,-0.10350548077577244,-0.9968353385670421,-0.06868454685317675,-0.15919847380011795,-1.4099266652660167,-0.13813893661361398,-0.18514452218514166,-1.6713926052215102,-0.1988431164436682,-0.1996616298127442,-1.8897741152435847,-0.23801920402135823,-0.22704393217870397,-0.9729455328561258,-0.04275561900079862,-0.31341642901243244,-1.4002222597378404,-0.08920827797030924,-0.37318829501816875,-1.6919763770422465,-0.13570984508032416,-0.41860878444586214,-1.9366211674953562,-0.16665833982895356,-0.3107666949854237,-0.8861530041099678,-0.034464780639362994,-0.3916179312132443,-1.260563611620966,-0.07765436422492442,-0.44148114135955574,-1.499987199312152,-0.11204353400739199,-0.47760768868751596,-1.700992342414887,-0.1343734928192143,-0.373319554990803,-0.7338109624504782,-0.04134810497356698,-0.4588328510316995,-0.956331700506781,-0.07806836983253558,-0.5084418829880127,-1.1114476211393596,-0.0904881547081467,-0.5516331609926134,-1.2423793211691319,-0.09476655511522866,0.0,0.0,0.0,-0.022074827264165472,-0.40847178351936814,0.07950871382412679,-0.041402062416576055,-0.7493951130116105,0.07750874851089688,-0.04461972311879926,-0.9918987655711973,0.050841584187942844,-0.0368420329918781,-1.2027823048658777,0.01673919515075814,-0.08547219046099165,-1.0069283128807898,0.0026037707844222117,-0.23295031809541344,-1.4519155917327786,-0.0913685845923731,-0.3298283310206017,-1.7700027476461673,-0.15664606645163115,-0.40919269588681284,-2.0344258154736417,-0.2021191303012263,-0.0943979364075197,-0.9901821432991161,-0.1030939023103236,-0.22572663053475558,-1.5519675737015572,-0.19518581022190035,-0.28903737693464265,-1.9398115287038558,-0.2602977835749496,-0.3320502818181884,-2.2662740689690617,-0.31099773755676124,-0.15833895414619611,-0.909631588227035,-0.20659936975064655,-0.2704653559343053,-1.4656244245191312,-0.2943887272060814,-0.3231151459976559,-1.813241776026147,-0.3560476941627905,-0.3525403283064986,-2.096829768326812,-0.4027609280169011,-0.2580072926913637,-0.7881212529669964,-0.3016330389542847,-0.28851173562047444,-1.1571272044155252,-0.39089928944956437,-0.3007482744889434,-1.4104276790395904,-0.44157833179870787,-0.31098381204405323,-1.6320620491791358,-0.47982410304673273
Normal/Neutral,Normal/Neutral_5_1790511048,"Straight-on, medium distance, shifted LEFT in frame",0.0,0.0,0.0,0.10767431283833717,-0.22648211830735743,-0.16738729940294544,0.10316740597652112,-0.6064648928412862,-0.2238055489537913,0.08549733255615592,-0.9457979665295264,-0.2536087559226294,0.11481503663898658,-1.2150862063482497,-0.2775929560454241,-0.12072010304046982,-1.0005875728996587,-0.13558991190813563,-0.2273493717643256,-1.4294144468088494,-0.2097777181226067,-0.29259459764793727,-1.6945824312927757,-0.26768377772064006,-0.3379035973475963,-1.910392671547626,-0.3058899050287041,-0.22488249556770645,-0.9707019743865188,-0.0846495133438747,-0.305459884713732,-1.4044766562610396,-0.14345474426050156,-0.34568520591783913,-1.6798334509776836,-0.19402639982271136,-0.37569064667723623,-1.9085319110738466,-0.22649739136293823,-0.2945944343087311,-0.8855656481030388,-0.04934961059593483,-0.3869416389588279,-1.2558042123425253,-0.10541313804024557,-0.454723279132566,-1.4972032380631255,-0.14947638560420307,-0.5036732884764852,-1.7036539468386798,-0.17857313054549703,-0.3454383703447868,-0.7441961835366908,-0.02936733391920734,-0.4276184645927641,-0.9861611309757278,-0.08011192156535366,-0.47020314919643663,-1.1406654043674571,-0.10432400073305047,-0.5020296496031781,-1.2737265462935923,-0.11728956475039763,0.0,0.0,0.0,-0.2967613752396114,-0.35887283217766935,0.12678807414479903,-0.37951438838707324,-0.6650293698082679,0.13004831748606155,-0.49664332841036596,-0.8553626756202547,0.09494091618609812,-0.639211315864753,-1.0151810702789301,0.04531822666298919,-0.19698709636098638,-1.0071274533846293,0.046420797490187966,-0.35384457051503515,-1.4227933435696183,-0.0332663822721609,-0.47103450633330674,-1.703575630489011,-0.08729466050931046,-0.5704134890213268,-1.9392123412956823,-0.12668239534158166,-0.14049594038934846,-0.9860153064721244,-0.08963652233769068,-0.2272449925918349,-1.5297506465418071,-0.17646663831369688,-0.27345138874720054,-1.893955271385611,-0.23162466512237695,-0.293830862134262,-2.1965834647214972,-0.27617901641522163,-0.15510524777069468,-0.8940166339801221,-0.2231507519063691,-0.21529343670446371,-1.4247394171233652,-0.30860907335828286,-0.23074111952302678,-1.7836404847432206,-0.3643616734206886,-0.2193303809513732,-2.0824116442779217,-0.409042043473931,-0.24156108576586433,-0.7768547526076123,-0.3442038754042513,-0.2629326005543476,-1.1371484067157982,-0.42711073551234235,-0.25940371327036293,-1.3895754318162645,-0.47190612879320815,-0.2457214695741257,-1.6121452867692152,-0.5102077323641286
Normal/Neutral,Normal/Neutral_5_1790511048,"Straight-on, medium distance, shifted LEFT in frame",0.0,0.0,0.0,0.016662246302365482,-0.25735151307841486,-0.1424175184751354,-0.06502779095922197,-0.5696471296780672,-0.20026577979506383,-0.17934536821051786,-0.8271002188230294,-0.24069220571844932,-0.285100636188873,-1.041530815267067,-0.2720982400799213,-0.2114733249224306,-0.9586628476298013,-0.09532348177382877,-0.29494245190403945,-1.35181753886743,-0.1957356506538943,-0.347399450350312,-1.628933642518327,-0.2784873180949169,-0.37962697172151366,-1.847893425256382,-0.3300404404044629,-0.2806800658868074,-0.9573111819521818,-0.06909414970237457,-0.32244417192171904,-1.4010977709750267,-0.1533044331163323,-0.3360380164514529,-1.7098676420766774,-0.21563641978341505,-0.3321663089050129,-1.9703086767039368,-0.250405778506776,-0.33733612841081845,-0.8957802225116226,-0.06243511490501008,-0.4049168980327167,-1.2920173953726917,-0.13510096171636593,-0.42416606549524327,-1.5416732642806126,-0.17381665433827595,-0.42364712242258584,-1.762782738526042,-0.19427486613250874,-0.3911817521430828,-0.7717110914458792,-0.07142566928308132,-0.4533421563425558,-0.9838285695428004,-0.13041416280671306,-0.498071202389247,-1.1340203495247088,-0.15313814630689487,-0.5322384746352318,-1.276824733498467,-0.1623725170300359,0.0,0.0,0.0,-0.3119831449731641,-0.31778372158169554,0.08867028489722585,-0.4501990601894373,-0.6483782552804251,0.06161236023442233,-0.6060937153112383,-0.846001441235776,-0.0011098447231018532,-0.7638343207633542,-0.984335067654423,-0.07446816347304147,-0.17937469489977675,-1.0111330806483136,0.0037992479243065085,-0.3304961698061161,-1.469400692271744,-0.08992625148512971,-0.4000953140213934,-1.7663262057719635,-0.15809106164544404,-0.46396892025945297,-2.0042518269339475,-0.20727378772110414,-0.11974031929098843,-0.985294838871321,-0.12188657198243712,-0.17374426612754917,-1.5686610705094686,-0.21481370103829184,-0.1749199316234554,-1.9309229915184152,-0.27813308369850764,-0.16063257622134441,-2.2149480081759823,-0.32970627612444997,-0.14546103068158633,-0.8973184626233724,-0.24693297008219953,-0.21663200820290993,-1.4740006507792578,-0.3202173021648835,-0.2252088333540658,-1.8200021524224932,-0.3597065853116462,-0.20957150585222614,-2.111766092984211,-0.39854574460566655,-0.24538265295476597,-0.7874723937070361,-0.36538160782471163,-0.2722689041464422,-1.1470868071504554,-0.422570176092624,-0.27026220841073517,-1.4052645412320763,-0.4480368862366248,-0.26083590978991344,-1.6467377719033929,-0.4775633671506709
Normal/Neutral,Normal/Neutral_5_1790511048,"Straight-on, medium distance, shifted LEFT in frame",0.0,0.0,0.0,0.034330476952425026,-0.2449395231999142,-0.15335386374101742,-0.04781617284611454,-0.5602290811239533,-0.21864515907027898,-0.1855990924351166,-0.8275853344850458,-0.2662896996150563,-0.2920451315160422,-1.026921230410335,-0.30464576951806804,-0.12066173507708484,-0.9584287181336729,-0.10379071636409355,-0.2095032917436772,-1.3106987285329825,-0.2046698649094268,-0.25451244964128206,-1.512498536767211,-0.2878160214155367,-0.2865764797011973,-1.6827124300246115,-0.33910763094047963,-0.23434402650496255,-0.9692001715448393,-0.07572255092702089,-0.2717292571698167,-1.4370874789684558,-0.15286985320094365,-0.2757581217751048,-1.749117043534643,-0.20729812118002208,-0.25781105500313395,-2.012461276453266,-0.23666925549452494,-0.33539656465131173,-0.8929847401862453,-0.07051893553560547,-0.4417964766402105,-1.2929348744242868,-0.14936770880626124,-0.4919412902107811,-1.5451834685827235,-0.19877521773837054,-0.49712203641190794,-1.7752887262995791,-0.22328546678588912,-0.4320343772933393,-0.7438714001214595,-0.08027441059152197,-0.5545468971527595,-0.9537610710461031,-0.14544980512354194,-0.6206024477809924,-1.0883174264619244,-0.16985071287953205,-0.6585966597169874,-1.2215495715392224,-0.17940708669166835,0.0,0.0,0.0,-0.29180176247917866,-0.3170692701707153,0.06902357346468649,-0.4256303037768318,-0.6571777690745239,0.04245104013642001,-0.5704972739317543,-0.8699937528241737,-0.011993522301522551,-0.7245694356425623,-1.0253325619070783,-0.0799256805968393,-0.12912020671398372,-1.0170287382125973,-0.023758654156748587,-0.2175137814243569,-1.4970226524868477,-0.1252945199928412,-0.2604195201445868,-1.8236575874147896,-0.197645419735585,-0.2964219197720585,-2.086669002306044,-0.24788533234594504,-0.08584752476059387,-0.9867744997111249,-0.1375001425902476,-0.12541528163640608,-1.5918552028634312,-0.23181386573672136,-0.13008387173890198,-1.9593936789507185,-0.2988249788975236,-0.11516471779663172,-2.2603277989133064,-0.35283276075215697,-0.12600571825439744,-0.8952742005793481,-0.2506829509971987,-0.18088101583966834,-1.4855303971119926,-0.3393177654653924,-0.19039362633597948,-1.8394851338244391,-0.40090410355485995,-0.17073748481198447,-2.1402937351697395,-0.4523858694510962,-0.25043700048016854,-0.7741112087124021,-0.35591524566149596,-0.3004549678918824,-1.1295917637858068,-0.43197333499295404,-0.31652745122039194,-1.373169975963742,-0.4742030478171306,-0.314504919273791,-1.6035308374258403,-0.5145423097728384
Normal/Neutral,Normal/Neutral_5_1790511048,"Straight-on, medium distance, shifted LEFT in frame",0.0,0.0,0.0,0.045613486522531076,-0.24554848634412876,-0.138166617715406,0.003920346132903338,-0.5147787092297552,-0.21877510233169742,-0.09437000293149687,-0.7688591035897306,-0.2891428885650846,-0.14140426823403002,-1.0115612088166324,-0.3520137062056449,-0.1206260719628506,-0.9638523690364782,-0.14028794281395116,-0.12730549282724665,-1.3594482146244713,-0.24859908127274083,-0.11965581342746641,-1.6033933505477116,-0.32548959812886175,-0.10873455634126143,-1.8112278900332353,-0.37806989908457517,-0.24131147367954273,-0.9608458458194513,-0.13617647829970714,-0.2515796211177685,-1.3783575236496421,-0.22615184376074376,-0.24572454618276424,-1.6408916843984536,-0.2849971918681744,-0.23688007165887426,-1.861618868807177,-0.3237761500143609,-0.3442886321195634,-0.8499484064194462,-0.15176505457562883,-0.5095650468164646,-1.1803237289074464,-0.25518796999750976,-0.6254031352909447,-1.3977197646980424,-0.33231613748855593,-0.708514593897426,-1.5959322722353464,-0.38224559227796523,-0.425206819256797,-0.6414655808431663,-0.17848683805685253,-0.622674207792095,-0.7835101762985349,-0.2822102007992542,-0.7600906000921013,-0.8823410049497599,-0.3445718618277059,-0.8772789228221985,-0.9809731030434018,-0.3838424007493701,0.0,0.0,0.0,-0.16712390028010038,-0.35306386278549773,0.0754353373803004,-0.2119526666727512,-0.6636488721626698,0.06747212903287729,-0.2224679968936345,-0.891171651155126,0.03287662831382842,-0.25049972575922685,-1.0695846182733595,-0.012366188565986827,-0.0950913388583799,-0.9960193808842434,-0.006848552437013667,-0.09979062998605044,-1.4526348754248017,-0.10064260316087546,-0.0889010893597276,-1.7718917964462755,-0.1657800392428257,-0.06722113196864665,-2.0399879687168347,-0.20930119743783643,-0.0796700906113485,-0.991441498658957,-0.10342355340472957,-0.07249288122488617,-1.5243805838010946,-0.19124349515162395,-0.03133740268058027,-1.8782930609409956,-0.2482886089309036,0.023461869255000937,-2.1807695245057803,-0.2900275544139433,-0.1398429098696323,-0.9080145067261092,-0.20033982539833134,-0.21058917873525643,-1.4128355753246018,-0.3030134711151888,-0.23040878091873307,-1.7351664057365417,-0.3826286736709991,-0.21379465900672032,-2.0045410262288286,-0.4343643319049728,-0.2653035892353973,-0.7751682082721387,-0.28668756163609344,-0.40341468401287167,-1.0602566350273344,-0.3892886026899613,-0.5010880568407516,-1.260994934318779,-0.4519848908304717,-0.5785119936178302,-1.4505443603156145,-0.4947168131623427
Normal/Neutral,Normal/Neutral_5_1790511048,"Straight-on, medium distance, shifted LEFT in frame",0.0,0.0,0.0,0.037221156102678996,-0.23145109058999297,-0.13325513047073442,-0.009598223839128823,-0.5074706133834558,-0.2150483760020208,-0.09282976978976723,-0.7756756867317236,-0.2871640537488155,-0.11272293372350325,-1.0242123816912971,-0.3523932806289236,-0.12909897694931732,-0.9562833793212103,-0.15252884074671572,-0.13573241027691232,-1.3525967081425008,-0.2545011679102991,-0.1297918873119696,-1.5912516402474008,-0.3234257680568642,-0.12748337544463684,-1.7988357390566034,-0.37265641897230956,-0.2534707971403138,-0.9552505551555267,-0.15247600425021585,-0.2741389360007649,-1.3771570860225466,-0.2406935820051944,-0.2898082725024321,-1.6365879113285369,-0.299057944566989,-0.3146464805587834,-1.8610796890176997,-0.3385581466011362,-0.35652985537343795,-0.839865875136768,-0.1693337307868335,-0.5583632501223997,-1.136883935861648,-0.2758606412559042,-0.7025602039128657,-1.3227887176601645,-0.35849938966533945,-0.8179001646909176,-1.4907810648726296,-0.4124356702578081,-0.433823851712904,-0.6258410163242918,-0.1956157251002432,-0.6628300129645786,-0.755114350738705,-0.3022006011010677,-0.8125364723574311,-0.8303249775583325,-0.36749824485143257,-0.9421562619531704,-0.9100198976003151,-0.40973146447071146,0.0,0.0,0.0,-0.13767875801945123,-0.33851556523491116,0.061241144551922096,-0.19581040546828649,-0.6645454646380388,0.050665831828225635,-0.23939063805872302,-0.8957564784045151,0.023499189540454327,-0.3036937063913167,-1.07041678924907,-0.011062229881945012,-0.10972458737291549,-0.9938332780119885,-0.04020417805263102,-0.13662404390408345,-1.419062463236414,-0.11744437503256253,-0.1298477007092924,-1.7157104713408637,-0.16641871850347087,-0.11278178500099387,-1.9561884095878699,-0.19902925263965401,-0.09567652334295196,-0.9883633243467829,-0.11825371861883129,-0.0776000927139313,-1.4884811983563477,-0.19189654260489647,-0.020622130910435067,-1.810702687152596,-0.23658693330045483,0.04263991639062221,-2.0734455797094546,-0.2689936961495584,-0.1465274367875105,-0.9035760959231186,-0.1930525465413272,-0.2404554053242455,-1.3664383821007768,-0.28464881256405716,-0.26412641401435505,-1.6848209541793315,-0.3618879885209261,-0.2515032973537323,-1.940299232438196,-0.4137747230917686,-0.2603351630948087,-0.7596149857078571,-0.2560276674038098,-0.46564492880840846,-1.0072258073197957,-0.35123778091189073,-0.5905435330286136,-1.1747417950078625,-0.410529895549165,-0.6933409799544176,-1.3258038958358418,-0.4511113427805255
Normal/Neutral,Normal/Neutral_5_1790511048,"Straight-on, medium distance, shifted LEFT in frame",0.0,0.0,0.0,0.02966121626893974,-0.23938328988849092,-0.15636392821816494,-0.0052092077782858424,-0.5588693377331306,-0.22209858486850192,-0.05048783836998401,-0.8627726344123716,-0.268235588603945,-0.07008937901913662,-1.1172400958056077,-0.30840042413217883,-0.1418159986763052,-0.9742911342051886,-0.151350309085923,-0.14658147055660936,-1.3785919926369254,-0.22857056434683598,-0.13814858914386904,-1.6182974599537532,-0.2757413195893949,-0.13159060467407227,-1.8209890855203166,-0.3079094715532388,-0.28167946443393654,-0.9510938845271796,-0.12679551305630044,-0.3404216452143697,-1.356888820008675,-0.18430897690814962,-0.3953864915181368,-1.6187855931834216,-0.2263690977261644,-0.45546106708694517,-1.8315133899000557,-0.2538031319413399,-0.369762464696618,-0.8101335435161103,-0.11989599409961574,-0.597068849400206,-1.0101019744599613,-0.21483028760775794,-0.7821354465437794,-1.1003852542488841,-0.30280950613988544,-0.9278187614545542,-1.1813529292068239,-0.3595676959992463,-0.4116658296951344,-0.5947414320604978,-0.12381702635704865,-0.5927642075776773,-0.6112876290653881,-0.23696093294029735,-0.698519363912225,-0.5477842499445993,-0.3043234373439879,-0.7867327071433344,-0.4962206666020336,-0.34353859732811964,0.0,0.0,0.0,-0.20525695851059791,-0.29419876151886293,0.0529256920254625,-0.263516059351557,-0.5936406939536791,0.0314840717577638,-0.3265245214528116,-0.7961120811199688,-0.005864955533837504,-0.4140663833472704,-0.9357785574545879,-0.05164117006660493,-0.10403422890409325,-0.9810635798553903,-0.05767443853615214,-0.09576304344432712,-1.3845452971842882,-0.13525191123774205,-0.053275041094476304,-1.6754431271965626,-0.18666258096436117,-0.004747004173633767,-1.9077469816985624,-0.22181370912545342,-0.09530543190526217,-0.9865717546574687,-0.13263878603724813,-0.07840326854313173,-1.4426559015655507,-0.206717937008382,-0.020747076797607445,-1.7517218188407022,-0.25700703334687613,0.035374651531052216,-2.004788239566944,-0.2936157039270736,-0.14233587697916472,-0.8873303247535823,-0.20318647400809783,-0.33208657252144663,-1.288914250593025,-0.30136407914707464,-0.4189216451440163,-1.5717390587884614,-0.3930671460434475,-0.4609370516181661,-1.8022375532708166,-0.45618567567364393,-0.2511006104502588,-0.7141137503275162,-0.2615421943567761,-0.5279980191444736,-0.8840873102335421,-0.36022543667555307,-0.7011357995307007,-0.9747428836083053,-0.4235496642078292,-0.8398947975005074,-1.063673742999926,-0.4685277181617587
Normal/Neutral,Normal/Neutral_6_1790511058,"Straight-on, medium distance, shifted RIGHT in frame",0.0,0.0,0.0,0.3157281653013898,-0.29883231235610036,0.06497359904315111,0.4124502243403691,-0.6344022853880981,0.0687713263820369,0.44015300515873657,-0.8714543203122845,0.042015451886601454,0.4857932924422609,-1.0660736185750743,0.00951775030250768,0.27218937670132837,-0.9942326344958066,0.016270961721336588,0.3381699227536088,-1.338896974060325,-0.05771969763038568,0.3353211113457981,-1.5658475530552067,-0.10996666690617608,0.3035210266105648,-1.768160461283458,-0.14514885108510756,0.2209151373552308,-0.9721065020622691,-0.07877468334166171,0.5002390948102582,-1.3292732306953183,-0.14799109076162148,0.6626781029838986,-1.541917537229597,-0.19281012765882088,0.7821029695625943,-1.7077656594378716,-0.22046567842215942,0.18188714873397357,-0.858044532054599,-0.17604451551284686,0.5098577445150209,-1.0766975385122484,-0.256619569250824,0.7270361363320754,-1.1550343947339237,-0.2981988449467199,0.884861379823411,-1.2275306418202754,-0.31889302214420495,0.1705821336556219,-0.6869743165977538,-0.26845637155445556,0.4058128212097573,-0.857541715021956,-0.3242180346171668,0.560659364957064,-0.9335715069860416,-0.3296828271326239,0.681934321702901,-0.990360725044731,-0.32903311257687706,0.0,0.0,0.0,-0.20596652960824866,-0.22073829410888476,-0.08325687089640701,-0.35319118303829455,-0.5459916796057732,-0.11324621406614072,-0.4452990273526323,-0.802169664424474,-0.1394453281267106,-0.5396977035202561,-0.9955192939577413,-0.1639200270625092,-0.1522409743004332,-0.9899836652347233,-0.031700780750363644,-0.17540412210895168,-1.3451494462059095,-0.09022529750727255,-0.17811996182473713,-1.551279575331921,-0.14627993921378932,-0.171050532797116,-1.733054867936916,-0.19027557219682473,0.016632325236159665,-0.9986333866551051,-0.04954517953337082,0.040432326931519276,-1.407046643914371,-0.09696095528348588,0.06548498337950862,-1.6639992044659653,-0.15164743160265887,0.08590027333605744,-1.882428245328143,-0.1941818396368683,0.16391662889252126,-0.9117620427229965,-0.08443289320066102,0.24993181663515746,-1.248457306557368,-0.15352679751063308,0.31113689627651453,-1.4656165870873108,-0.20997441523707117,0.35600877902250094,-1.6590113928949202,-0.24934344124788888,0.29332647907061976,-0.7559477567034897,-0.127337168274652,0.423596432879638,-0.9737237153084314,-0.196186098206191,0.5155332213979233,-1.1212146017338716,-0.22887313382616745,0.5933995741793874,-1.2652185815474748,-0.2504843340645401
Normal/Neutral,Normal/Neutral_6_1790511058,"Straight-on, medium distance, shifted RIGHT in frame",0.0,0.0,0.0,0.24425935810352276,-0.23836534840879678,0.06072447392158467,0.34622148668383745,-0.6229870003785106,0.0719298377952744,0.38255009952868996,-0.9033535717739805,0.05611441086273045,0.41552235944174665,-1.1169004722975506,0.0363830201474124,0.3664311271791804,-0.9293308514388429,0.035409503133637804,0.4937959413033869,-1.324555974917854,-0.023995461301592264,0.580395311615078,-1.5602030511389817,-0.06491324287362732,0.6432209506251254,-1.762746675152999,-0.1023073033967683,0.32889707212250135,-0.9424484735879396,-0.06014640954378711,0.526846354053177,-1.351916298613752,-0.12925082033454802,0.6997148035105186,-1.5658967565195092,-0.17103911953386744,0.8335996536514597,-1.747259555429522,-0.20033360037202072,0.25132927667588556,-0.8915048784598665,-0.16306889886623638,0.38868941671352264,-1.3668195824926344,-0.2522759671560406,0.48739825767115275,-1.6354961771318808,-0.3212218120691875,0.5655434599372334,-1.8792844082376146,-0.37188607107804916,0.16259868453368517,-0.7819317886611142,-0.2598594794507798,0.20850835298517048,-1.0704371040567664,-0.36233824047237984,0.21432019170245697,-1.2721501783868352,-0.4253339221744331,0.19393696752861098,-1.470948895262778,-0.47156448938805845,0.0,0.0,0.0,-0.21529514314774498,-0.21659345627038012,-0.07965022441511234,-0.3774758335524654,-0.5831343632714558,-0.10163376257612584,-0.49666803186401093,-0.8559701268196981,-0.12120332554640953,-0.6458717629893125,-0.9714062545693245,-0.14305842383855283,-0.18655238628201748,-0.9682206482453307,-0.027111405604402596,-0.210841201729075,-1.3556778425480789,-0.0761781529604361,-0.2208706154947626,-1.59678891715538,-0.12606494610265398,-0.22707077704204306,-1.8012985830381778,-0.16996987587866863,-0.013223396303375809,-0.9989150629018582,-0.04465242320390514,0.021964195720179682,-1.397558911020181,-0.08395210586889389,0.04385609149057595,-1.6411387644005744,-0.1362323331909561,0.05516221656463416,-1.8522995848100943,-0.18033475149215086,0.14184236184796298,-0.9513879855463644,-0.07735242785939082,0.20781386175857053,-1.3323919684775902,-0.1387145028846257,0.2437848501892305,-1.5666592356431974,-0.19718087399503076,0.2654342766158409,-1.7815161705587184,-0.24351486441242554,0.2791108701654201,-0.8348889603642512,-0.1178812613331999,0.40316171327308176,-1.0623172694750402,-0.18609777938725375,0.4937866143531303,-1.2075696320033371,-0.2226225347351192,0.569992965691615,-1.3462360863010576,-0.24989632690085495
Normal/Neutral,Normal/Neutral_6_1790511058,"Straight-on, medium distance, shifted RIGHT in frame",0.0,0.0,0.0,0.2471352997363735,-0.24504961922262913,0.04963092194764658,0.342106045225549,-0.6419642653999849,0.06717596185309406,0.37422805348195487,-0.9450928179392605,0.05794095329521207,0.41521558023846894,-1.169385542421526,0.04415226077325879,0.34523324065416344,-0.9344468553834269,0.025170519871326402,0.5189372531192644,-1.3421420373045203,-0.044889044778987634,0.6451261236194231,-1.5777389095707324,-0.08859795106617932,0.7443420414906651,-1.7697764799000748,-0.12195975304717128,0.3142010713210114,-0.9474657918193032,-0.05988539148197637,0.48661195778961547,-1.3993319719859214,-0.13827289074759802,0.6213225734644181,-1.6582034809989215,-0.1935069774567668,0.7167345558909034,-1.8766483887704442,-0.2303866576525074,0.24730310842371456,-0.890657963432042,-0.15158188592683472,0.3052283020681191,-1.3910626534879824,-0.2538592036424914,0.32619256185711665,-1.7211751691897306,-0.3397690701229821,0.32902165728464655,-2.0007260914106646,-0.39632444634619207,0.16446393192532638,-0.7698014535531995,-0.23651595661461638,0.2014664611297219,-1.0786999334732492,-0.3434800532161693,0.1928478640395409,-1.3027255505674022,-0.41526766153139316,0.15717842499047444,-1.511689981149849,-0.4658355248993712,0.0,0.0,0.0,-0.2272837714880837,-0.2061324444650949,-0.06266650170923412,-0.39467619446064867,-0.5792500622769331,-0.0790410631899822,-0.5196367795914185,-0.8632249056933703,-0.10089398248349593,-0.6589926540830652,-1.008408710150937,-0.12442558965920607,-0.18895237391707556,-0.9239522840931685,0.018679306240225846,-0.20504491846768144,-1.2022558672535066,-0.0573058609125375,-0.18254311686997698,-1.2945943372504058,-0.13380585927640262,-0.149388233103001,-1.352984954861322,-0.1850474622328547,-0.027904157995133776,-0.9995312180263052,-0.012597704450955592,-0.011515223671854575,-1.4477545539518495,-0.05922214805837875,-0.0024302128964947497,-1.7349525788837883,-0.11950527463640692,0.010887170536869788,-1.9794049684557231,-0.1656186860298266,0.12806740961032267,-0.9714259547603775,-0.0645085804661604,0.17402477402166033,-1.389666739493541,-0.1369034788378802,0.19881202936877332,-1.6542534772703272,-0.20610735564504054,0.22088825739798698,-1.8883056550818247,-0.25418972478279006,0.2759681966671562,-0.8522589422030231,-0.12321048321095869,0.40157744936841366,-1.1039547863120691,-0.19026781034349072,0.4966961195667882,-1.2523993363676096,-0.2203374432102908,0.5769297930364532,-1.38637621748873,-0.2417740511157098
Normal/Neutral,Normal/Neutral_6_1790511058,"Straight-on, medium distance, shifted RIGHT in frame",0.0,0.0,0.0,0.23178409964830027,-0.23549789765984358,0.02671540140773407,0.3263130142268931,-0.6329078722154953,0.03454734791028022,0.35073759375274555,-0.9417776713956,0.020602035814647365,0.36336222785238625,-1.1684992821739444,0.001473552770789831,0.3578571060798918,-0.9256921438109342,-0.005972302863053912,0.48687919920766526,-1.3328164511282619,-0.08001338262255185,0.5774414112481966,-1.5752165431545202,-0.1279888027676831,0.6470675268326117,-1.7813791151344665,-0.16499738173308542,0.3159511259226146,-0.9448509112229818,-0.08620696949396428,0.4552831269776747,-1.433989457509052,-0.1622282396063891,0.556776012601492,-1.7396128822214867,-0.21450225574714676,0.6279491441749964,-2.001113563622467,-0.24879031173173627,0.2432545694541942,-0.8835372576176767,-0.17300026058230336,0.31231949689162386,-1.3937162609629008,-0.26799326246422694,0.3505754549614363,-1.720480104997935,-0.3465069979010541,0.3759646703295419,-2.0076850828214026,-0.3988409414187476,0.15525938833895442,-0.7524055608821403,-0.2565043496207272,0.16392071861749075,-1.060822331084308,-0.36487696309224976,0.13348021015293518,-1.287577929032224,-0.4323096567110025,0.08595135267682424,-1.4949588410790493,-0.47711184352709873,0.0,0.0,0.0,-0.22281384329792805,-0.18311581003401176,-0.09268797889277298,-0.3536138675911667,-0.5134124089660689,-0.12404729567875515,-0.3966056842867463,-0.8113909962233589,-0.15333986982164644,-0.4707327992308365,-1.033797593089187,-0.1796701795597946,-0.1838577606927193,-0.920189153241892,-0.012117222019090018,-0.180002004732431,-1.2022038640120154,-0.09250059732557928,-0.1407222369698034,-1.3619858767831345,-0.17304348639220024,-0.09524056976545463,-1.4991512500443938,-0.22932242097461272,-0.02786309382734188,-0.9991242553753296,-0.03121490546296875,-0.014561240805018336,-1.4447179665078538,-0.0859912687230419,-0.007201879970598065,-1.7334621146571085,-0.15172087012469876,-0.0019944515231593773,-1.981627163135232,-0.1997588465988612,0.12212893509747715,-0.972673438915676,-0.07133197541953952,0.16429156683660512,-1.3829693984136484,-0.14944023845305196,0.18735034649766252,-1.6410369170693735,-0.2147992303928867,0.20340972158446471,-1.8673240628011645,-0.2582662157517374,0.2731452783289648,-0.8497474578135478,-0.12170485391587786,0.4008025722640023,-1.099514862602865,-0.19604290942665117,0.49345595640952067,-1.243388553360644,-0.22695646325548502,0.5676000590852768,-1.3706643120250217,-0.24552871698393125
Normal/Neutral,Normal/Neutral_6_1790511058,"Straight-on, medium distance, shifted RIGHT in frame",0.0,0.0,0.0,0.23108550782183412,-0.23848436077058094,0.011283372004691544,0.3223002949708641,-0.603772813404265,0.011834033694088145,0.3275464673151073,-0.9027586264140298,-0.00746740830484056,0.32490826887081137,-1.110895234502269,-0.030183239441949023,0.35115433912071237,-0.867117535697219,0.01988862885770975,0.5867896996886418,-1.0322059220599835,-0.07735792363532878,0.7670153849185246,-1.126487249125767,-0.15503144713660238,0.9081928839801117,-1.198077836419558,-0.2055222222666656,0.3092103720855822,-0.9494541998416083,-0.05408944627029525,0.4245208590362656,-1.4403312171217226,-0.13395578332498767,0.5167218903935652,-1.7228860437610365,-0.18973486708683754,0.5683061394847786,-1.943857880007339,-0.22307194993231605,0.2433611006268933,-0.9188230679918697,-0.14094247792713238,0.26417483844092576,-1.406376540471756,-0.23989520564785294,0.2923843489953637,-1.7218014253988676,-0.31280142692940793,0.3040750872416247,-1.983924845084509,-0.3547583404652225,0.1713077120298269,-0.8097694467474081,-0.22703990800731608,0.1337029884954579,-1.120977526455324,-0.3221605918460951,0.09361253682968569,-1.3411804656944373,-0.36933188901350583,0.0441536314939472,-1.5307803799849262,-0.3980928771816691,0.0,0.0,0.0,-0.18515345044102133,-0.19064688659838225,-0.07402157211518658,-0.2617085374981004,-0.4523715475670921,-0.1050466830957064,-0.19224523169800214,-0.6843475566577691,-0.13468919321203834,-0.16742060288370417,-0.8755129401268006,-0.15887869518243042,-0.15096617682496802,-0.963026471274106,-0.013902816962994675,-0.1743244184175282,-1.2970623521147613,-0.07320635565136566,-0.1801725709282956,-1.5142013738299387,-0.13731363279897557,-0.1782148421548297,-1.701903181230959,-0.18787508638484396,-0.0037627088780008274,-0.9993399215013076,-0.03613257969838205,-0.012689595671444604,-1.3980886245383064,-0.0799678709495154,-0.01732424486792668,-1.6506492139748712,-0.1394512655602936,-0.01874989911128288,-1.8688880261063519,-0.18591072789484459,0.1349360526243736,-0.9401425991589484,-0.07436885655635905,0.1728945211555906,-1.305345148687546,-0.1323104509198313,0.19670506852892983,-1.5290612735057783,-0.1882031247589198,0.2159764346238689,-1.7216484925014426,-0.23121925817975306,0.27681538085537843,-0.8005617140934972,-0.1224911247243848,0.39546503095684005,-1.0139070528950294,-0.17992004973804074,0.46953583063449933,-1.1557719548628573,-0.210296628587824,0.5317058117949994,-1.290944767924074,-0.23174958246469796
Normal/Neutral,Normal/Neutral_6_1790511058,"Straight-on, medium distance, shifted RIGHT in frame",0.0,0.0,0.0,0.28717013303951694,-0.11121073369874553,0.025301993989434446,0.48143960967961,-0.38980387628602575,0.03443755064920483,0.6184351689997516,-0.5760609936918689,0.017304548333456616,0.7603536416917659,-0.7168557943560085,-0.0051739941993447225,0.39460715492458254,-0.8935439965659372,0.06139487410754329,0.5444938226268657,-1.2429597831946753,0.013579264885768674,0.6261991277674747,-1.448868675843571,-0.03408510632690595,0.6852185568428327,-1.6387886286357995,-0.07745992683276647,0.3320352078493235,-0.9431294256275005,-0.016109229155910013,0.34809794109289577,-1.430223919446063,-0.06820412690046514,0.36363051730175766,-1.723002163543439,-0.12718408536530848,0.36130453483875075,-1.9751577071903106,-0.17698991626617006,0.2724470479233727,-0.9075002640378519,-0.102539621469299,0.2851948555112464,-1.3641173436768195,-0.16459173047146358,0.28560947744524656,-1.6504882347051335,-0.21629427037343937,0.268724022476456,-1.9139576462625165,-0.25925848996279166,0.22958520268233115,-0.7990880886334051,-0.18975810555023756,0.23894373218679116,-1.1206055026854977,-0.2617822331122964,0.24101907802003167,-1.3438536050938763,-0.3000138927255427,0.22734717597341328,-1.5548072820112004,-0.3298492951217156,0.0,0.0,0.0,-0.17116146361028597,-0.19205862193699277,-0.09292128588717681,-0.24571455120823268,-0.40343375543911975,-0.1349030085101382,-0.18381811245249677,-0.5960046429846076,-0.17298955949590428,-0.16530852167386406,-0.7691676307804057,-0.20555830551296614,-0.1655445736662586,-0.9645481927353677,-0.02778064662122088,-0.22073688995049712,-1.306450652344487,-0.08017348578325442,-0.2449760691070261,-1.5217403147204902,-0.13662082719502555,-0.2589473964068788,-1.7051723838104251,-0.18188103050239546,-0.007347937888254092,-0.9991961992440309,-0.03940765439699667,-0.03032940252280585,-1.3724140702191874,-0.07457807257486322,-0.043576181346003016,-1.6006439716782643,-0.1281125820902496,-0.05428253256355116,-1.7889849796412862,-0.17141651987861786,0.13819983548478879,-0.9352908596780205,-0.06921059194897192,0.17967982596082974,-1.2584599708907163,-0.12427106387222399,0.19615100943013863,-1.4642526386977068,-0.18693560648797772,0.2062028901062734,-1.6451090363081282,-0.23553561507641307,0.2801400295365656,-0.7989765714449806,-0.10997519069610923,0.4092891562504624,-0.9764552945392284,-0.17327355954925397,0.49012466927099335,-1.0990625845263993,-0.2139533271116245,0.5611980390435544,-1.22076295948029,-0.24214637714076226
Normal/Neutral,Normal/Neutral_6_1790511058,"Straight-on, medium distance, shifted RIGHT in frame",0.0,0.0,0.0,0.29274117760827667,-0.09753822578905602,0.04250542403517437,0.49777190886819145,-0.3715003772058125,0.054557106209812016,0.6630802564411348,-0.5465236443293028,0.03728244839982532,0.8177857536721748,-0.6594780826625641,0.011888023518226706,0.4071768085726579,-0.9067862408840729,0.0863711110402299,0.4700741485432054,-1.2703191582953917,0.04695318570912648,0.5000115423835949,-1.4967101185986356,-0.00251881090124154,0.5213431827461418,-1.6965106161083703,-0.050271857972205146,0.3398743826580394,-0.94046370684563,-0.0036633480579400255,0.32431560041816804,-1.4003214193728002,-0.05242246717649603,0.3225972899052655,-1.7103452953575335,-0.12071228282850138,0.30456530649654046,-1.9764883491532679,-0.1806066551570221,0.270771243562381,-0.9020547207875398,-0.10204478519150367,0.27912661251572496,-1.3466109492018794,-0.16393499311875648,0.2811689280774936,-1.6480320613747343,-0.22849213490501724,0.26741609093409935,-1.92160219284194,-0.2835031564838795,0.21896425634001812,-0.7930387936538174,-0.19971944952532264,0.24524547556035925,-1.1111142137882866,-0.27291798721334243,0.2564329924523791,-1.3392982262535373,-0.3185763760289244,0.25331719995535323,-1.5576731446903698,-0.3570202570944401,0.0,0.0,0.0,-0.1645788746891035,-0.18895831050297326,-0.09776891965097559,-0.2311473510369542,-0.41475924353479754,-0.1413226504982684,-0.17764163662533541,-0.6087366319358256,-0.18040757589234394,-0.18018263476807042,-0.7583935680252719,-0.21566654672226757,-0.18079907047222316,-0.9664905827785909,-0.04053495344683905,-0.23479086026897103,-1.3128361551659826,-0.09508085491804873,-0.25819321053709904,-1.5334144508110559,-0.15195904501393515,-0.27341452551609124,-1.7206632728402713,-0.19779137631330992,-0.017726947230761812,-0.9985592212584032,-0.0506481685916609,-0.031048784879879797,-1.3601721665293,-0.08797419992774304,-0.03961226526899024,-1.582089431255575,-0.1433465381444348,-0.049339941440926835,-1.7650433536889458,-0.18820624318737197,0.13118031421647605,-0.9310132481335205,-0.07821350959378241,0.18346220430817586,-1.2569004750600086,-0.13681132758492795,0.2075406188175494,-1.4641314367159655,-0.20310715758731282,0.2230822829716817,-1.647147455074171,-0.25398042629801715,0.272496657276152,-0.7917107047024209,-0.11645393940579192,0.41064487447539255,-0.9766484068801765,-0.18669887489279435,0.49957487469563366,-1.1007678798422813,-0.23113508881259423,0.5765721765653745,-1.2215789970739601,-0.2610849608769823
Normal/Neutral,Normal/Neutral_6_1790511058,"Straight-on, medium distance, shifted RIGHT in frame",0.0,0.0,0.0,0.2881202911765957,-0.10416127892683386,0.019190439789893765,0.4996443741928049,-0.3565830793640299,0.006311501467313521,0.6927015257767205,-0.5039240825542107,-0.03310608941606399,0.8737724682463622,-0.5942328106077509,-0.07975741794476729,0.3749371004407956,-0.9281275502962951,0.054771269452107314,0.3836223421022837,-1.297860996198424,-0.010729670074891107,0.3733235155233987,-1.5448092273091474,-0.08323533824844474,0.3545995838864477,-1.7656991505187767,-0.14352932972980167,0.3161277786629056,-0.9482078821519406,-0.03106508945083704,0.29557034520694137,-1.4041232933094925,-0.09261646262040366,0.286514639503133,-1.7100856345880338,-0.1666708213723921,0.2633021522458586,-1.9726287783328438,-0.22968374771813352,0.25205890065071995,-0.8962336957524772,-0.12733415418949404,0.25960913494748983,-1.3519336178654922,-0.19587754321282894,0.2585553049625629,-1.6396734823213388,-0.2549456640123149,0.2399939125792395,-1.8928727406640813,-0.3042879967366244,0.20156177357536814,-0.7775892653066074,-0.22590090488161504,0.23767187052911865,-1.0849308840654208,-0.2962717304822345,0.25503811048906033,-1.3092461237141524,-0.33509811019847296,0.25256718174464043,-1.5197874069527522,-0.36819380507480315,0.0,0.0,0.0,-0.16235930365695686,-0.2074220318626899,-0.08315046954153318,-0.22471922847943646,-0.4445897190836212,-0.11815367782697606,-0.1887107590761994,-0.6140102266938008,-0.15197589526707758,-0.23792352970458205,-0.688089464197388,-0.1851842383611084,-0.1683126060447401,-0.9724535078270731,-0.020765577110797493,-0.2248627217544783,-1.3237947061090003,-0.06741758165220291,-0.2493787980743482,-1.546658116040003,-0.11958155844605403,-0.2676808647480013,-1.7346142840273922,-0.16314340800034766,-0.0016902172978767952,-0.9992930072341034,-0.03755833940030268,-0.015291627819068468,-1.3687398031997282,-0.0703548399793452,-0.02257474579066986,-1.591819704438134,-0.12414158910331634,-0.0349176702339508,-1.7742009084111787,-0.1681347266752367,0.14968767950224282,-0.9297696812130951,-0.07111471690782019,0.20766146540883532,-1.2715289492014568,-0.12684527979762797,0.23713181390217083,-1.4842673234781247,-0.1943069849603949,0.25738313660568035,-1.670009356861089,-0.24546335427112595,0.29355345307495295,-0.792140025262117,-0.11394691854025421,0.43725112260742516,-0.9913750149467644,-0.17798561561196535,0.5304792039600579,-1.1235298184706368,-0.220312820767132,0.6098547615601757,-1.250864249068975,-0.250462989507559
Normal/Neutral,Normal/Neutral_6_1790511058,"Straight-on, medium distance, shifted RIGHT in frame",0.0,0.0,0.0,0.2821294071516208,-0.13489195555167588,0.0377500221449606,0.4445168172433869,-0.3936752955206158,0.037320306501725825,0.5605215843656516,-0.5574966699688358,0.006927531453558859,0.7019942453875738,-0.6505662206697521,-0.03241897066763828,0.39691748855722747,-0.917351163880525,0.07052922152450791,0.39411433277216223,-1.3215540201633507,-0.0040081945659619185,0.3750542920915045,-1.6115982311001849,-0.07876890050859642,0.3465917236057246,-1.8623542079885531,-0.13918696311380263,0.35681315295103994,-0.9339057802455973,-0.022458127816003825,0.3534283474738749,-1.4067261269703775,-0.09927528963484826,0.3369136775253973,-1.723945474452551,-0.1752677705746792,0.3083105499195432,-2.0009802201643514,-0.23450590306646382,0.3002438004188711,-0.888874595482387,-0.12493740898528549,0.31387019511514697,-1.3472869790703192,-0.20380376860077676,0.3049391843582418,-1.63736702978279,-0.2597433584087088,0.2747848664631228,-1.89197839586905,-0.3018156383618713,0.23987991164119352,-0.7829818717235472,-0.22838728803678016,0.2669561154725365,-1.0984633634183494,-0.30582910990347173,0.28150650438443947,-1.3255061020892613,-0.34378966226346797,0.2784076704503736,-1.5321272619363266,-0.37259499527014595,0.0,0.0,0.0,-0.2145864443139458,-0.19466927859403446,-0.0937829318011538,-0.3586304058732374,-0.5104098955677725,-0.12657994991886581,-0.45129808986179526,-0.7816323027388964,-0.15461531634010728,-0.5712753527789228,-0.9528453818758005,-0.18187837009039967,-0.14718403429062923,-0.9658490568246544,-0.032054104648781466,-0.20696599294816118,-1.3138242846139874,-0.09101026783416333,-0.23122434518063723,-1.530710995088036,-0.14779106823837973,-0.24462698113537248,-1.7167545928889538,-0.19429972009545568,0.018283667900496806,-0.9987935897694846,-0.04557491111884569,0.012295868201410093,-1.383938191017679,-0.0945866314494346,0.009489602716774882,-1.613603076741605,-0.1526231687590761,0.003009765212979782,-1.809542007486912,-0.1980619398328166,0.16972638881382135,-0.934044291589097,-0.07696641999500868,0.24790539983587576,-1.282613941661848,-0.15403010918861845,0.29871221662833136,-1.5042276842872353,-0.2220191278038607,0.331498942091514,-1.7067526447022718,-0.27049897174109555,0.30641009096768573,-0.7880952171883593,-0.11684501579881898,0.46673995386355926,-0.9906273699014869,-0.20129564465070157,0.5721041593648418,-1.1296671842947503,-0.249868737261534,0.654387011062452,-1.2683693837540866,-0.28245368174407764
Normal/Neutral,Normal/Neutral_6_1790511058,"Straight-on, medium distance, shifted RIGHT in frame",0.0,0.0,0.0,0.27918084795550574,-0.1954481966705596,0.11863476427766666,0.4139130013642993,-0.4590088693460181,0.14020098849749132,0.5050732359322908,-0.6239667557291829,0.11689888021341624,0.6003959108270392,-0.7566765513584589,0.08030516904021254,0.43852556886741484,-0.8959146101379801,0.11103056855850986,0.4626041271148866,-1.3389824940980983,0.04997616456709506,0.45408101575283855,-1.6216271202708936,-0.0117549853780049,0.4336929873800717,-1.8763709764937,-0.06235310271287309,0.41663159393848587,-0.9089173309604399,-0.016952888014344282,0.4360788355506469,-1.4278950351627893,-0.07965614672067588,0.42188369633348244,-1.7662149808660461,-0.13725670615419092,0.3900745450056341,-2.045829509065529,-0.18709588859308945,0.35836289082218736,-0.8688799870185469,-0.14768295874081525,0.39922552179552995,-1.3693668116392972,-0.203647912552688,0.38519989006178573,-1.6830802581264346,-0.24589825962388823,0.3481604821721262,-1.947528923465634,-0.2864851375223231,0.28662380423227424,-0.7814663128418562,-0.2726394304980089,0.31233918175878744,-1.1299223205906852,-0.3347701937347645,0.31884802639064574,-1.3769400338102453,-0.36623888887761086,0.30582204380136807,-1.6059871219199928,-0.39553268467657876,0.0,0.0,0.0,-0.2054245611092187,-0.1857144495987179,-0.08620382860510745,-0.359837851187034,-0.5176228230677954,-0.11093786246225436,-0.4722217888227728,-0.793265994152335,-0.13015768678501655,-0.6052265361906197,-0.953171591891982,-0.14893024077152164,-0.15253523729362514,-0.9574627851251316,-0.024466969598300147,-0.20949080768486528,-1.3028356429462031,-0.06779593423916389,-0.2301439325151594,-1.518384482349456,-0.11434415446979178,-0.23630898176650098,-1.697818471631882,-0.15575371014840428,0.018081766303202945,-0.9992025607133329,-0.03559905042658659,0.019731934693691375,-1.3875448465600755,-0.06931036347939834,0.022507256048294625,-1.6181239837092471,-0.11654483364009283,0.02224579752660737,-1.8058715565957884,-0.1566003289991767,0.17236705501807345,-0.9383217550839854,-0.0634171728604833,0.2540348623130574,-1.289538609557537,-0.13001380328574735,0.3075986064245601,-1.5068060246370487,-0.1941735815341622,0.3442951283127362,-1.7013999917347378,-0.24231943189093869,0.30506753685105154,-0.7940826848155829,-0.09811233573348487,0.46195356145500055,-0.9931562799397402,-0.17827228435000028,0.5709280463938096,-1.1252557848817775,-0.2252971129341914,0.6586278654579925,-1.2574786747441615,-0.25790611588906753
Normal/Neutral,Normal/Neutral_6_1790511058,"Straight-on, medium distance, shifted RIGHT in frame",0.0,0.0,0.0,0.23464651710443118,-0.2112523607288908,0.05195697068549654,0.33012225395330236,-0.5562399615295827,0.07287976578670938,0.3507915022324309,-0.8162780698553154,0.06914175743962245,0.3773004425012354,-1.0267920995238442,0.06077122185175835,0.3488073380429835,-0.9282172622846251,0.025663408393237712,0.43307741312879156,-1.3950608550508599,-0.043716984025151055,0.4800617696663246,-1.685054856087604,-0.09170150003841694,0.5112932539478523,-1.9266805319897369,-0.12578419613916023,0.3258999734694954,-0.943933740771043,-0.052709584769446906,0.4098503463804736,-1.4723801222865456,-0.11983391534687016,0.4503511830265663,-1.8028773728159848,-0.1642216844997519,0.4786088338705253,-2.07316123209809,-0.19707491587088746,0.27604292198114805,-0.9206232297443889,-0.13640868861066738,0.3370800992726821,-1.4468807572503328,-0.2079352389639692,0.3342021764875624,-1.778002935049817,-0.26496479115095223,0.31618886910612454,-2.040833109035731,-0.304617487082451,0.20743563954485233,-0.8507942426450326,-0.21694678118244007,0.21988029803829395,-1.219886583145698,-0.29776279095532765,0.20303742232961383,-1.4835849797674077,-0.34952800196514405,0.16951735304562454,-1.7041461026887041,-0.3854346278771835,0.0,0.0,0.0,-0.19901512284492087,-0.20432048338841877,-0.0779982181900533,-0.34854480328560355,-0.5465347016132035,-0.1003265040175523,-0.46786417503357397,-0.8134050829305074,-0.11773121107670484,-0.6085319491750019,-0.9600769137251736,-0.13692565918306976,-0.1346940053836831,-0.9745831560558467,-0.014737993910735202,-0.1774563647937209,-1.3114438850264862,-0.055069821018817675,-0.18819072687875865,-1.5183346905050723,-0.09987317097901008,-0.18923379221123332,-1.6835788098747442,-0.13968994827519884,0.03675581334073158,-0.9988151320613563,-0.03189580146221013,0.07928624215377127,-1.3829121160188333,-0.05801679046349627,0.10732246081379965,-1.617593517772076,-0.103114442562327,0.13001016905181886,-1.7991196629342312,-0.139838664953842,0.17916783834044248,-0.9122514969355858,-0.06509208045133236,0.29988833643199564,-1.2517198892374122,-0.12585894708725087,0.37790746580717594,-1.4645525159675377,-0.1925988175041016,0.4407838921436417,-1.6529863758156003,-0.24339017905303179,0.28758439751611,-0.73894747814322,-0.10382205907964424,0.4190508749676847,-0.8675469780898623,-0.18556881025385585,0.5005037389059359,-0.9497167938556856,-0.22943557576416793,0.5701733667891828,-1.0399925632414604,-0.25823150715901905
Normal/Neutral,Normal/Neutral_6_1790511058,"Straight-on, medium distance, shifted RIGHT in frame",0.0,0.0,0.0,0.2964452811479372,-0.23373738243312928,0.08398454872020669,0.41801330868799813,-0.5377991279893485,0.10823557054373241,0.503700133616056,-0.739422872681047,0.10068528468984583,0.581514817103488,-0.9156570219973944,0.0864390505841434,0.28664426548318384,-0.9706034847907357,0.05669426737233807,0.3746212637701764,-1.3401825640224685,0.023679157165403128,0.4258434648722083,-1.5933773828213047,-0.008598188362902994,0.434837723479823,-1.8025236428497537,-0.038312849094812716,0.2234225651326859,-0.9735861324684931,-0.04703615688565855,0.30400959346641115,-1.4430648931611658,-0.10180525315154569,0.338961472196492,-1.753938417090145,-0.15381783141247335,0.3388223371987731,-1.9919003070724175,-0.19159474836839635,0.1925780870930456,-0.8832854479273102,-0.14885874661640883,0.3800200405761161,-1.2888517284228942,-0.23437290011715559,0.51235512122788,-1.5740660476169372,-0.32161790993424777,0.6029385943571194,-1.7943734196883823,-0.3827513850677979,0.20967757121053668,-0.7199432199016312,-0.2396219750082628,0.4736202391024461,-0.8772700715036041,-0.32128887637485876,0.6596559689076242,-0.9407408592722104,-0.36336299844554615,0.8043740643563702,-0.9619307993578217,-0.3936770360735514,0.0,0.0,0.0,-0.20798950591687043,-0.20786328436420515,-0.07195081741311891,-0.3590900135324826,-0.5999198773678044,-0.08028939581810114,-0.4700486328004656,-0.8823745181320677,-0.08374874245247622,-0.5887595737571453,-1.0478767331767838,-0.08979178711601761,-0.13244247204663231,-1.0071333604914539,-0.00786887017633302,-0.15518081250177118,-1.3536274075829622,-0.04126520817415127,-0.1534356063399197,-1.5693331718877677,-0.07722400183696655,-0.1532273837105229,-1.7546457308257957,-0.11182520944728717,0.04667278038553436,-0.9982192853282257,-0.037147139457702656,0.12631514551724876,-1.4101755218270224,-0.060355741732341796,0.1895989398285384,-1.656637271131266,-0.09392144425360936,0.23007398438320245,-1.855782252536377,-0.12143891667021042,0.18196124791726223,-0.8738266572015725,-0.08390553328742761,0.3114628436517955,-1.2176739156121916,-0.16307678801192851,0.38548877901491435,-1.4154931413893084,-0.23101788660515474,0.43848508745897524,-1.5922848868724122,-0.2784950073951734,0.2860133157644077,-0.6690974454035459,-0.13407849984882442,0.3373644507737294,-0.8396742820554168,-0.22874482534465718,0.27931412832294883,-0.7269455557750566,-0.24869703432065207,0.22219587046684955,-0.5997296863887883,-0.2600386740820152
Normal/Neutral,Normal/Neutral_6_1790511058,"Straight-on, medium distance, shifted RIGHT in frame",0.0,0.0,0.0,0.2808947830732118,-0.2354953264467701,0.06361282899962634,0.37051510645455654,-0.5542875490563104,0.08189944090500627,0.3836082064765291,-0.7719577485452347,0.07293293115068307,0.4096741538788425,-0.9532470595849507,0.058057870540729604,0.2614385515639426,-0.9602749051213308,0.043865779157240034,0.33412016003460454,-1.3209625401631588,0.015514461646188714,0.35734259789513984,-1.567587600042225,-0.012879240527921974,0.3500949540864563,-1.7783511564992893,-0.039675587966351546,0.19071442053305085,-0.9804416340708894,-0.04860259232949488,0.2710112697500861,-1.4383180999863414,-0.09947297720077439,0.3002056855606037,-1.7453728668877873,-0.147667654714421,0.3092588287469635,-1.9830716852623422,-0.1794241831861208,0.14698748247995322,-0.9035312360224629,-0.1393631103434489,0.40868800622843027,-1.2554064231337723,-0.2339223407976922,0.5972133727495952,-1.4544391729229587,-0.32356816799758203,0.7379378392906562,-1.5978373135214077,-0.38090049087476996,0.14559137400704253,-0.7457472320113545,-0.21982951008600773,0.45153100187787387,-0.8115632315269217,-0.3127719314252933,0.6207126006557191,-0.7502727587553575,-0.3469219481489676,0.7365890339895722,-0.6563590551198583,-0.3640077730744428,0.0,0.0,0.0,-0.20341375189334748,-0.2006778071338302,-0.07335796511708112,-0.36212392533157256,-0.60069454550766,-0.08241878585152275,-0.47544401826323074,-0.8808897671242012,-0.08741130803026108,-0.6073933003882309,-1.042257127916424,-0.09527325236307932,-0.1369223747424115,-1.0104268849345972,-0.02067620849934097,-0.16243802396614565,-1.3771791204638628,-0.061027707076272364,-0.15429757102342712,-1.5941662736573454,-0.09118017120364266,-0.14841570545454966,-1.7874723876345553,-0.1183899797283285,0.04146402384142243,-0.9978414515325895,-0.05092320031393055,0.11717658055526049,-1.4287538450094153,-0.08893264541679209,0.18492501340651524,-1.681719131208749,-0.12729928816926997,0.23590118167011992,-1.8937347231788164,-0.15358603528957865,0.1800582432865551,-0.8738904214792311,-0.09744555525644634,0.2753752683987509,-1.1207331944817112,-0.19735319366233905,0.32473603476692336,-1.2513440382540226,-0.26769709322028007,0.37401366831815863,-1.3770749856721205,-0.3068891846830373,0.28920550634910785,-0.6831207335008893,-0.14642828607812544,0.30886598001361276,-0.8026775378674041,-0.24512978763407345,0.23867606759125515,-0.6503217744311732,-0.2615330409612793,0.1933914344998559,-0.5061524057575472,-0.26748751101337
Normal/Neutral,Normal/Neutral_6_1790511058,"Straight-on, medium distance, shifted RIGHT in frame",0.0,0.0,0.0,0.30509578582960695,-0.21013633276047744,0.03288062408099081,0.40536518496452006,-0.5080615424724555,0.03241981672261205,0.4284313685549154,-0.7316475072634636,0.008916519110656771,0.48148994251394217,-0.8967236552054053,-0.016810575146779753,0.2669020941919769,-0.9429556718288747,0.01535455846503732,0.3470559981956558,-1.3102232013552928,-0.02627390409999967,0.37745002906607544,-1.5619179158093384,-0.06430169558007874,0.37433122971506727,-1.7763713134519645,-0.09813692455301612,0.20121219269067495,-0.9772491527415152,-0.06706524419251114,0.30971921569678446,-1.4231667164382114,-0.1391642724173008,0.3528449842349265,-1.742690942850766,-0.1970901463848312,0.3651600579161819,-1.9836484298561976,-0.23198733604532149,0.1607509057200314,-0.9015136745988928,-0.14877867267121078,0.4696656993890863,-1.2023819659423467,-0.2562059540300528,0.7066278903234611,-1.3317037417146695,-0.3375674894714597,0.8882196021945283,-1.4071509210880158,-0.38532603001203036,0.15712796386417427,-0.7406429613428166,-0.22436096832131883,0.4778818339720715,-0.7549361905636565,-0.32750627129071114,0.6209019850402372,-0.6477765269113209,-0.3581330235456306,0.7160637797257979,-0.5191857672795637,-0.3691629474607765,0.0,0.0,0.0,-0.2111855879586995,-0.2361134002145632,-0.08558722643762394,-0.377762895945032,-0.6039906015191789,-0.112660493635685,-0.4927615707649217,-0.8854999685257935,-0.1387396860014683,-0.6362920626207968,-1.0479272922392746,-0.16289422891961505,-0.17149427416817958,-1.0110811032414546,-0.025473730537867872,-0.19117564209819107,-1.3954205089707203,-0.09216029712493944,-0.1843646266950686,-1.6209181413897082,-0.1448313182848419,-0.16630589361360695,-1.813211398558343,-0.18109497068199693,-0.0013570718636276968,-0.9991145650768092,-0.042050495922585106,0.030637866538444462,-1.4337529504705961,-0.10379370706112066,0.07310138782749936,-1.7130856012143572,-0.1591947171126066,0.11581381815157454,-1.9395536637951962,-0.19460868048469923,0.15029829701060352,-0.8936419496008057,-0.07729307411513409,0.23422160152705834,-1.1452255189539704,-0.17173501479621178,0.2796261203474377,-1.2576585852754596,-0.2234862920345261,0.3105651083043787,-1.3491720399863933,-0.24122584316398277,0.2840016081040961,-0.7313059975584081,-0.1196238772079902,0.37811938049428345,-0.9295141075827414,-0.1961974729316748,0.4509074940209255,-1.0335270268551813,-0.21900003581884966,0.5136460740486569,-1.1331649084777171,-0.22532390912150554
Normal/Neutral,Normal/Neutral_6_1790511058,"Straight-on, medium distance, shifted RIGHT in frame",0.0,0.0,0.0,0.2671326068571906,-0.2713769375957554,0.04515491777297705,0.3569396168814312,-0.584795804939189,0.051471096034014494,0.3768422409336487,-0.8259240867415535,0.03285190551315922,0.40656910579767946,-1.0185081210611364,0.012545105414751498,0.24364193303844348,-0.9703055201365508,0.03628886204177019,0.30832955107507753,-1.3315735478115147,-0.014215106408279875,0.32611628722818,-1.5652552281845202,-0.05918034879390627,0.31369926101090606,-1.7677112501344616,-0.09357849559191402,0.1803034004086712,-0.9827406178588517,-0.04137102623180704,0.2849802154482789,-1.4329303420380992,-0.11601407885663417,0.3374693773652821,-1.734892636099855,-0.1724329965441029,0.3640375333769523,-1.9736518387063569,-0.20703002501059262,0.14304585406031356,-0.9020606690051174,-0.11999102265568679,0.4183789294460443,-1.2216771114409875,-0.21222826965332892,0.621196952175633,-1.395557328283937,-0.2724882738451501,0.7725380074961022,-1.5170381700559128,-0.3037256549681857,0.13627284420254202,-0.7508269013565982,-0.1932580995930633,0.4145002137881322,-0.9091956796425361,-0.2642565368572539,0.5874842742081087,-0.9932624187647093,-0.2841961837164808,0.7211068846418409,-1.04718360478533,-0.2920075679861293,0.0,0.0,0.0,-0.21400596037112513,-0.21714686498585406,-0.08213478966036111,-0.3737245515010644,-0.563471322605331,-0.11544490070337007,-0.4938942996041299,-0.8346343463576688,-0.14691192734038552,-0.6379000963939407,-0.9853542348831642,-0.1804720197275904,-0.15880744582728812,-0.980999195414592,-0.03195139702104249,-0.19667504510889736,-1.3458552079258772,-0.09262937393527727,-0.2114070413759856,-1.5726006600011502,-0.1529845469897122,-0.21397722860333968,-1.7709626081429062,-0.20194889371071287,0.012181834211221014,-0.9984920533679743,-0.05352777107499021,0.050294088848821604,-1.3957696891760787,-0.10507948014494968,0.07195827708887499,-1.6518716073212403,-0.16517832556273038,0.08637596522958288,-1.8771264901101887,-0.2131142872202963,0.16355515278892827,-0.934918228514675,-0.09161413039063075,0.24097899570426504,-1.305144034293137,-0.1613593675531326,0.27773563329816975,-1.53901278813013,-0.21962759668290058,0.30030574288309503,-1.7500676476858363,-0.26220783166793454,0.29415845056645096,-0.8107643419453587,-0.137876969924792,0.42239790744889694,-1.0631559440778613,-0.2055000694679011,0.5084003596972688,-1.2312137131426235,-0.23840451434164933,0.5795393460744432,-1.3924664065403805,-0.2618914013087064
Normal/Neutral,Normal/Neutral_6_1790511058,"Straight-on, medium distance, shifted RIGHT in frame",0.0,0.0,0.0,0.2726248419841002,-0.21713742533105657,0.08407990861171943,0.3531660884342397,-0.5831125507832603,0.1193506401359036,0.36247554104457635,-0.8318260998208603,0.11566095766819051,0.388461759428692,-1.0430789888848602,0.1058253766527712,0.26848345862132095,-0.9490199361358497,0.1184929075855148,0.2985367771907979,-1.3173898280641885,0.08045908482125981,0.2977872098953507,-1.5437964853214357,0.03691244838380942,0.2790010713037547,-1.7589498185302685,-0.001485893781591097,0.23611658471786018,-0.9716974740294326,0.007278556587231321,0.3209924277694513,-1.4321781210690132,-0.035112720702047864,0.3693707903888319,-1.7368638518475212,-0.08518625465745575,0.38898366610526525,-1.9975893370718294,-0.12846422197645213,0.20460897088479016,-0.9344196353474048,-0.11240216874015263,0.39568762664549656,-1.3605629798473027,-0.16938001191730798,0.5363124170188124,-1.614056439663932,-0.2300756463357557,0.6314333728066618,-1.8218176345023618,-0.27754625313161263,0.19242325824935597,-0.8666968556450052,-0.22793909087853378,0.3559901962803728,-1.1772451841355813,-0.27763241969298275,0.45731398982608,-1.3913385387402235,-0.30787943260979417,0.5293182517336429,-1.5783285406475094,-0.3374854644561791,0.0,0.0,0.0,-0.20844688019352478,-0.20339505146386644,-0.08013624779559178,-0.3655170452431435,-0.551384762033588,-0.11027363006039018,-0.4807217224825044,-0.8234353150436686,-0.1386578811912525,-0.622188248381705,-0.9662582165251288,-0.17035201512203266,-0.16854551955996225,-0.9644719886246759,-0.03432819827948988,-0.21971667166457384,-1.329462996773476,-0.09648657580040874,-0.24342536779288698,-1.5650237695288434,-0.15585189411966952,-0.2525901596938526,-1.7652332322781779,-0.20448268818316612,0.0015708761450015925,-0.9983354137748633,-0.05765356841609851,0.027547149650873223,-1.4060716173989762,-0.11003487715537633,0.03961876465407701,-1.6678542327568466,-0.17040971002785948,0.045870349507484864,-1.8909737600749994,-0.21788763006604814,0.15307679445396716,-0.9426039967302104,-0.0966766910220181,0.2158050155690145,-1.321426460808679,-0.16837587814820468,0.24798478154021888,-1.56198458596031,-0.23078250801777195,0.26843596317006485,-1.7786956961683678,-0.27751729692108895,0.28435582041198565,-0.8148467806068949,-0.14338837137326638,0.41170701761296813,-1.039408015576414,-0.21590425795419116,0.5013214372401221,-1.1904296052337915,-0.2532071533443433,0.5749053445731471,-1.335364741423364,-0.2801935531981971
Normal/Neutral,Normal/Neutral_6_1790511058,"Straight-on, medium distance, shifted RIGHT in frame",0.0,0.0,0.0,0.20543765787605872,-0.21469780645263103,0.023658614182077292,0.27745882664839894,-0.5681716710736541,0.03477997896335405,0.2813205991792688,-0.8203344634477682,0.024306865802906735,0.2902571013574073,-1.014924901040345,0.010654946536415195,0.2853486873431201,-0.9403053850456107,0.03508362148617593,0.3825647628381967,-1.3185706020201473,-0.02921927426271856,0.4639523692583019,-1.5496782175936077,-0.07668442969180614,0.5257468471088355,-1.7478492204801397,-0.11292241366739565,0.2585403278130702,-0.965394576199337,-0.034208348969409275,0.39942955035729677,-1.3840591985968098,-0.10238306847232347,0.5085341349322341,-1.6330723169835664,-0.15414608510240935,0.5891184559617787,-1.8558039331787748,-0.18895689097442062,0.1983862573724368,-0.9463527743947289,-0.11462607358886222,0.25380186161225476,-1.3998893881783292,-0.2005217178119611,0.305666340336829,-1.6859098377447788,-0.2756418295244148,0.34061154883494715,-1.9288170695597822,-0.32264045287584264,0.12267919007191964,-0.8824592785555337,-0.19236373289886816,0.07487185695511987,-1.245075150303494,-0.27953392598319465,0.045419270028060274,-1.490059989359005,-0.33611149343700003,0.011496042419503565,-1.7113767756695064,-0.37440640870461483,0.0,0.0,0.0,-0.20913266594162294,-0.19757962962832257,-0.08016219513279405,-0.3706201192191627,-0.5393977237532236,-0.10585277488368572,-0.48827399354329815,-0.8130438869515064,-0.1296062168240464,-0.6333339776042853,-0.9574038261397734,-0.15382642057103357,-0.18342970652122823,-0.9514256850412486,-0.019224509644874002,-0.23259773593884944,-1.3077885993809322,-0.0749705087392214,-0.25071207535854,-1.5297015717168319,-0.13060870915454129,-0.2553368798575664,-1.719861644059687,-0.17724292417251736,-0.02424902006936042,-0.9990045249356462,-0.03744254510285584,-0.03469834818738814,-1.3962739373417252,-0.08371892375187716,-0.042416791655841814,-1.6405866758494598,-0.13992372559504748,-0.051502347204294724,-1.8507188990049936,-0.18479130046361464,0.12695983756060042,-0.9531200691428415,-0.07211178997869361,0.16546689738704595,-1.3127740710057967,-0.13614042554312594,0.1834923223416862,-1.536928272275289,-0.19283323291450935,0.19142825142653058,-1.7374003353699672,-0.2366393261317252,0.2670318453639049,-0.829031793108444,-0.11559711408816956,0.38066578401463796,-1.0379177527174626,-0.1813600839521433,0.4607877355562601,-1.1792938393415051,-0.2169439502904332,0.5271784551102503,-1.3156589905736973,-0.2432820037147856
Normal/Neutral,Normal/Neutral_6_1790511058,"Straight-on, medium distance, shifted RIGHT in frame",0.0,0.0,0.0,0.20495646156479053,-0.22712186526931824,0.03159382221413483,0.2724453913049645,-0.6135390268410403,0.05574171265067883,0.27693829089460315,-0.8932225359052005,0.059345842298550916,0.2778466923707182,-1.1083791489285384,0.06114250989829441,0.26886904693786046,-0.9570726709931927,0.05713672716507205,0.30339404771520906,-1.3350255025316569,0.00785156256505189,0.32637556731137496,-1.5666497183239638,-0.03169914792319963,0.3404200248943627,-1.7637865517599038,-0.06384775725868554,0.22552224847172034,-0.9742036922208503,-0.00817811148874373,0.27373572167587207,-1.402617095351751,-0.060836274098625416,0.32269785705128134,-1.65613189653176,-0.09930976711677487,0.35910396419012397,-1.8738317371883504,-0.125947674462866,0.1562583963859263,-0.9399127410282291,-0.08401915301067005,0.14056076671635714,-1.3825888997712612,-0.15137319847413502,0.15196637545808048,-1.6634635970623628,-0.20429462632974338,0.16340682293450592,-1.905229776213768,-0.23826232317212023,0.07418612054939408,-0.8597773505911979,-0.15853988987797568,-0.0016009139845283027,-1.210860993303097,-0.2313103277872864,-0.04131114154751024,-1.4479422891991647,-0.27613045263772934,-0.07796241701619784,-1.6574376078334137,-0.30639553786375945,0.0,0.0,0.0,-0.20505147647516325,-0.19488896891119237,-0.07062994339261976,-0.3674178377404706,-0.5482687206362389,-0.08855328274253868,-0.4931155849528442,-0.8114980423936677,-0.1059938805864007,-0.643609783951857,-0.9319572375910247,-0.12539049107297007,-0.18038669685180322,-0.952688519678451,-0.007432917232082256,-0.2462719472105693,-1.291255569718656,-0.057322252450638406,-0.2712296557288193,-1.504063203305458,-0.10954798077409635,-0.2802046137189119,-1.6825869057204856,-0.15430339074108002,-0.017976167076028834,-0.9993954694451748,-0.029758243726967462,-0.03229676488481767,-1.3920710282278224,-0.06964388009430515,-0.03759281930025371,-1.6341211325322393,-0.12164464459963689,-0.04229009872001851,-1.8362662376818584,-0.16350689993863657,0.13548607248955757,-0.9486716853303154,-0.06828251467078968,0.1899529295244689,-1.3130056443352516,-0.13462250406457507,0.2250027260003791,-1.5341807105511938,-0.19431232652634592,0.24816244279537128,-1.731796043273574,-0.2389281994183989,0.27327390773213395,-0.8181891550453649,-0.11379725972139094,0.397772854900982,-1.0259849127463396,-0.1880575732361644,0.48669698367704745,-1.1598234164586638,-0.22755045883324643,0.5587533249793704,-1.2905705411223558,-0.25530797172843733
Normal/Neutral,Normal/Neutral_6_1790511058,"Straight-on, medium distance, shifted RIGHT in frame",0.0,0.0,0.0,0.2189660430898073,-0.1770764942426667,0.054028917264891785,0.3037015062022888,-0.504114803708975,0.08698483739928313,0.3168093818476209,-0.7332837508686751,0.09094969351414327,0.3147302861814264,-0.8868788252690212,0.09007548234830934,0.28562647862203944,-0.9161315247040113,0.10390900838705994,0.34369802775711605,-1.2373301498208187,0.07455747174610113,0.39395674989658946,-1.4167755305337566,0.039426383741606015,0.4345287636447594,-1.57992942617133,0.007790217678426291,0.22229408321564967,-0.9746767024271491,0.024303627569819745,0.25119806709679265,-1.397772763438981,-0.003343562673035066,0.2995137595537688,-1.6517912255776304,-0.035464443472238955,0.32963062669123,-1.8616863889701085,-0.06125656566061193,0.1431767325229324,-0.9613972572422642,-0.065369558503454,0.12053401448176229,-1.3945659186975248,-0.10878410473643979,0.12994245678345526,-1.6661315021408767,-0.15733985281339014,0.1357339975676862,-1.9032534316946879,-0.19301817306370886,0.05862938249173731,-0.8830890530345666,-0.1537783326607065,-0.024957512706446857,-1.2323767531902643,-0.2088891919435498,-0.06790640587201772,-1.45836450739232,-0.24386958152697852,-0.10608388136610471,-1.6603537166610085,-0.27001936776851077,0.0,0.0,0.0,-0.19989460091884229,-0.2004346426165155,-0.06141464398008927,-0.3573996788599041,-0.5545828204216788,-0.07572188148231342,-0.4849828631398388,-0.8105917540376402,-0.09161032180145899,-0.639712726801191,-0.9198510234923571,-0.11025747773058635,-0.17560605888645298,-0.9519472517047642,0.00323792446826795,-0.2375441745825542,-1.2813626865132484,-0.04394613048853598,-0.25783365783981244,-1.4915389146299216,-0.09495645906949651,-0.26203481555273017,-1.667380408361425,-0.1387913084875016,-0.01225552960668752,-0.9996571854818438,-0.023136843098790588,-0.016682121392476563,-1.393888458180975,-0.06080510472887434,-0.01477072380973964,-1.641065043167398,-0.11306623626698012,-0.013171850357600644,-1.848597317139213,-0.15556441346749847,0.14030958357672307,-0.9482719679289326,-0.06510355511019884,0.19953915680764225,-1.3061275153206688,-0.12921404557084443,0.23862175778485586,-1.5206890820378924,-0.1897377421610533,0.2646200151610362,-1.7128130829735477,-0.23511654542616417,0.27591338714432295,-0.8175306231345957,-0.11337950264238822,0.4076031385003144,-1.025733782240094,-0.1840517432381485,0.5029046635836871,-1.1587861388054925,-0.22296420086992907,0.5797143442090009,-1.2879352773291433,-0.2512641724242856
Normal/Neutral,Normal/Neutral_6_1790511058,"Straight-on, medium distance, shifted RIGHT in frame",0.0,0.0,0.0,0.22288646217250674,-0.13299423177137812,0.045273624277126945,0.33270821145401713,-0.4179305007208962,0.07017268269962229,0.39203183300625144,-0.6218338599235447,0.06797058930321002,0.4696155090092903,-0.7437681885913697,0.060964091969118464,0.3009633848515235,-0.8994208820900236,0.09274586496293258,0.39248261230162895,-1.2034957838967937,0.05915977407297829,0.44285738240154193,-1.3872460729861162,0.02186350513759604,0.4773210405698342,-1.5559184197060736,-0.012682834297573348,0.22602169467795874,-0.9740300030362891,0.013406965355003658,0.2474138563291495,-1.4064983198745848,-0.022897576491446664,0.2808625257169444,-1.6563488111062359,-0.056474927730056475,0.3022938456021953,-1.8656942456358687,-0.08179555763367441,0.1441135156711819,-0.9730045352917475,-0.07501736843067867,0.11905831264136263,-1.3914417031162574,-0.12428441896136723,0.12556501394694858,-1.6461768623243278,-0.16141275589113727,0.13064179626417957,-1.8764362868300792,-0.18737654944810972,0.06220257904228815,-0.8941946366540561,-0.16337598750681046,-0.028468036161706886,-1.2340039089005905,-0.21907530078106663,-0.07289001931858387,-1.4497076846659194,-0.24398209778062754,-0.10772595647265892,-1.654647542101577,-0.2610927523529198,0.0,0.0,0.0,-0.19953061313484316,-0.2024319122117461,-0.0816461601998635,-0.3512198426211702,-0.5463058320071724,-0.11030260913589629,-0.4730365772659969,-0.8157803227578173,-0.13673402741170482,-0.6260568822523314,-0.9429654904186199,-0.16536632249704578,-0.1595479126878236,-0.9630904945761374,-0.02923972832260931,-0.1997214272418856,-1.3227057376117848,-0.0904715884694258,-0.22100098283562683,-1.549968701462445,-0.14998716254066205,-0.23137849630916157,-1.740519703590765,-0.19947792977592674,-0.0016929498307641636,-0.9987029635583392,-0.05088737073834008,-0.006185487254060625,-1.4054917408678542,-0.10426601809084492,-0.007479997055141465,-1.6635249505129721,-0.16438473574802207,-0.009752113933272317,-1.879540389432878,-0.21068923049775912,0.14761236420370225,-0.9387629568143967,-0.08849147181347057,0.1956172427589134,-1.3072775344370848,-0.16246568013168966,0.22700826484434386,-1.5323440345798074,-0.223188920469056,0.24801294725305037,-1.7323630309577858,-0.26782455356756607,0.28278188338759985,-0.7997620248556118,-0.1341646040821001,0.39509489867462144,-1.004712347044006,-0.21280759806854974,0.4776207390843049,-1.1342251105744143,-0.25179004802438515,0.545017206341551,-1.257878956368762,-0.2783483561052692
Normal/Neutral,Normal/Neutral_6_1790511058,"Straight-on, medium distance, shifted RIGHT in frame",0.0,0.0,0.0,0.23049910844457375,-0.13830210136670007,0.05530341670247552,0.3527349478340025,-0.42773136167964604,0.08038138367231346,0.4309438556874418,-0.6197637841046181,0.07492808548696696,0.5321192697997502,-0.7373330114352826,0.0630545956365479,0.2805976554609821,-0.9256175542792413,0.11069128314413651,0.32517947396712255,-1.2457066219412787,0.08272117888180937,0.34976622128787416,-1.4255802845152623,0.04612518806265738,0.3668478198851126,-1.5855094350810919,0.011744966587384392,0.21640266812606496,-0.9759614938737282,0.025865956461747747,0.2442080487832765,-1.3811535743421384,-0.004532585563103067,0.2776451800789649,-1.623212135818979,-0.04248621972193658,0.2984266270388437,-1.8282416975945852,-0.07382906688427919,0.13962368214591747,-0.9589772216926665,-0.06812733467034868,0.12174469309629153,-1.3638124988245919,-0.10938397878809072,0.12750934214349963,-1.6136073366923043,-0.1482386049231932,0.13059164626991596,-1.8434717468940922,-0.17988834516279745,0.05885413253403003,-0.8721024708611972,-0.1615428912755281,-0.029404314637259395,-1.2055030476151745,-0.2116796510986589,-0.07121892103224986,-1.4211321603295484,-0.23760048356656902,-0.1034502159508903,-1.6306782817486254,-0.25884195132609994,0.0,0.0,0.0,-0.1983978719017657,-0.2160586016507167,-0.07558304050695795,-0.33618580447645535,-0.5447387638296172,-0.10084225879005985,-0.4310773988840721,-0.8169761770239818,-0.1251926251226838,-0.5609274863565733,-0.9814796979118834,-0.14905393090307428,-0.16171895990581545,-0.9603575691965026,-0.012965392284575524,-0.20177283030726875,-1.322594712433029,-0.07039719037759265,-0.22031684831229137,-1.5477497144709762,-0.12788978829855377,-0.2280721611620374,-1.74224559231421,-0.17513360674630113,-0.006699563086194436,-0.999436255794103,-0.03289812241934835,-0.018714381440635454,-1.396657488572293,-0.07897370166909175,-0.028254733834955678,-1.642552350631426,-0.1353861990798931,-0.04106723911328844,-1.8574742169445186,-0.17976612320307764,0.1418821100162529,-0.9467033174850679,-0.0690639574966608,0.17524984499146157,-1.3047699134640667,-0.13135850429062026,0.19437335044619194,-1.5288603538366203,-0.1857779645571175,0.2039208362848605,-1.7320376334517615,-0.22737954323612244,0.28151466737654385,-0.8164264821947876,-0.11418455344074721,0.38645182988409144,-1.0249924495935259,-0.1774786478981169,0.4613664232014198,-1.1642838604682177,-0.21081054518324477,0.5251616552372083,-1.299616209729591,-0.23481466409304252
Normal/Neutral,Normal/Neutral_6_1790511058,"Straight-on, medium distance, shifted RIGHT in frame",0.0,0.0,0.0,0.23600620100373035,-0.12333915605714792,0.05797141585938839,0.37023227817806964,-0.411028501805523,0.08828838642513863,0.46376944744730153,-0.5999009590195669,0.08736525470661853,0.5859283091205781,-0.707020620361954,0.08040825855478693,0.2806923963638066,-0.9210188844358016,0.12414066534429603,0.3139858046476131,-1.243609588683832,0.1036252718202809,0.33535377560596874,-1.4221629517308678,0.07109426161407438,0.35101008598083083,-1.5845468174046682,0.039435208392109934,0.2105477332608476,-0.97674306430925,0.040529474984206754,0.22689864955904696,-1.3712681579249206,0.019503724947475768,0.26179857956323027,-1.6146930716013745,-0.014217792548218963,0.2827506797772536,-1.821797237964649,-0.04303882145129469,0.1317481732159456,-0.9605457112743077,-0.052713301456430724,0.10560742032317291,-1.351839191008087,-0.0847754973048681,0.11010164564051898,-1.5949491214329297,-0.11720286346849697,0.11025217335089774,-1.8206824758105629,-0.1445643438630756,0.049123995106272016,-0.8755359457261287,-0.14606522387923784,-0.03365660325760296,-1.205007712663549,-0.18977539970796148,-0.07018948214839797,-1.4184281503189082,-0.21073593697336723,-0.10018413726312146,-1.6262046023637675,-0.2278470807056562,0.0,0.0,0.0,-0.19625147243653843,-0.20313988257294302,-0.07797482639193092,-0.30230586783264085,-0.5232778209778272,-0.10003392598057892,-0.34830283152657027,-0.8051390733065922,-0.11978583478553112,-0.44074586782886693,-1.0025263807538831,-0.1357014818353309,-0.16342049112902218,-0.9638146852121635,-0.0050079484865813715,-0.20152673975007782,-1.3221754000358477,-0.05825920293325138,-0.22245612748015667,-1.5445859116521186,-0.11266610556663822,-0.23290298968931353,-1.7358959419608262,-0.1566890686690207,-0.009444142583015973,-0.9997545949883225,-0.02003891141271858,-0.02328938665165364,-1.3886588628904935,-0.05882577917672084,-0.033016347590760636,-1.6248478535382604,-0.10989263512428632,-0.04480473088782725,-1.8281531972902068,-0.1502509985570167,0.1346078527401599,-0.9434401522628028,-0.052145028133176924,0.1652592251332855,-1.3030917960344508,-0.10867468507901339,0.19016756026320797,-1.5143828187940873,-0.15724201846905952,0.20506860423596257,-1.7055389992345988,-0.19409786109850655,0.27215419649389894,-0.8120901015834215,-0.09401012437106483,0.3795103027694291,-1.0243116879663254,-0.15579655282313082,0.4540043260120665,-1.161525450603371,-0.18775724305934915,0.5172702117040873,-1.2950891147502213,-0.2089056387722881
Normal/Neutral,Normal/Neutral_6_1790511058,"Straight-on, medium distance, shifted RIGHT in frame",0.0,0.0,0.0,0.24047850498706402,-0.09082121630271145,0.005052816376190102,0.41327844107110207,-0.3579352603810379,0.008907106790093686,0.5359162511294447,-0.5568113264283076,-0.009911975902222234,0.6593006497100691,-0.6963133789343453,-0.03169602857447574,0.2961882379316514,-0.9121381399332564,0.0783739880970661,0.37962908604285484,-1.208808786180517,0.042128187075397366,0.43859999855684717,-1.3862885619632763,-0.003703079527606309,0.48395276738827325,-1.5511448174607863,-0.04466074096764555,0.21201180141422668,-0.9771825358823105,0.012856423597228526,0.21096732265218507,-1.3967390270629494,-0.018717746229664087,0.2410347205330128,-1.6348787654386268,-0.05774996979553344,0.25758137898477546,-1.841782787155144,-0.09050236072297822,0.13184916531019894,-0.956226605102663,-0.06639310584656664,0.10977086784995425,-1.3542746758034678,-0.11145457120127676,0.11691437870371374,-1.608237194025654,-0.1454677838991655,0.1165096808854333,-1.8378419068659526,-0.17258851460153216,0.05529616406496801,-0.8633760448080657,-0.1506332033179246,-0.023210599729541388,-1.1867106175428732,-0.2092635225206367,-0.054921450434013044,-1.4092390621743611,-0.23373467788878188,-0.08373306087170666,-1.6168595108046075,-0.25049069338814245,0.0,0.0,0.0,-0.19586218274111766,-0.2168338828221174,-0.09381786093287392,-0.3138360740019912,-0.5403227972063706,-0.12567524782184866,-0.3801730184531882,-0.8217117811502751,-0.15279389560557058,-0.4831745577812585,-1.0285000291114854,-0.178405205068797,-0.13943490583129675,-0.9725268159045428,-0.020539031084886715,-0.1932250881857688,-1.3267544161561085,-0.0785702958280338,-0.21551449624000144,-1.5435362621028497,-0.1351193112242751,-0.22340185972946378,-1.7318803753087868,-0.1814540440233854,0.02477249024455711,-0.9991357042672105,-0.0333791579514635,0.0166316568137468,-1.3843697285029428,-0.07986805064958202,0.013139311032458929,-1.6152590231554704,-0.1375552612245538,0.01208808221941806,-1.8106805710647746,-0.18346752226453097,0.17142751253428426,-0.9311738664171735,-0.0653665222802243,0.24459975235746115,-1.2825620997429767,-0.13828362011023607,0.2927242100792527,-1.5022336708819732,-0.20287690958411378,0.3305512416076722,-1.700803030099309,-0.25016421358198715,0.3029880640949627,-0.786142478569624,-0.1064378195567943,0.43552262846005946,-0.9791338204684213,-0.1875204053855869,0.5257591865366019,-1.1119776685202292,-0.23309354808878233,0.6016335670093478,-1.2469797879434816,-0.26380571718139456
Normal/Neutral,Normal/Neutral_6_1790511058,"Straight-on, medium distance, shifted RIGHT in frame",0.0,0.0,0.0,0.2636439202089061,-0.12655776581319075,0.03677059382518661,0.43828208994336204,-0.41413260435265437,0.054398597096630655,0.56686224360424,-0.613755171967219,0.04325428107829099,0.695651079573804,-0.7427750229135915,0.024073971457444533,0.34981104212125574,-0.92023260047119,0.1048397539576549,0.40904057296605806,-1.2592955884218306,0.07188173548909538,0.443223833456773,-1.4591140245191092,0.022388487124804186,0.47168004595665314,-1.648219735994524,-0.023755292915686482,0.28702585762389393,-0.9576024764264722,0.024772044670472688,0.27785427015714215,-1.3788958128415658,-0.008584034729859656,0.2750705579920643,-1.6575463707555365,-0.06828833498829684,0.2594962677964425,-1.9072127865395825,-0.1215746932176902,0.21872047689781593,-0.9310690700410116,-0.06515632701601895,0.21718190250789818,-1.3294212646545525,-0.10825436645145048,0.21108618243838473,-1.6041621412098241,-0.15478184907407577,0.19255922062951208,-1.8626997517689081,-0.19634757802112493,0.15499988310450175,-0.8443253259599242,-0.15700105500050895,0.15203476377459246,-1.164711613392477,-0.2080482486254262,0.15826795789131928,-1.3823258909996001,-0.23231919098088227,0.1568842477410054,-1.5911059508723473,-0.2541950462075241,0.0,0.0,0.0,-0.19992777310808563,-0.21814664819537982,-0.08773883535485284,-0.32923699156529834,-0.5480104291817287,-0.11768278290392035,-0.4121188722565646,-0.8285392076129844,-0.14303712080571884,-0.5115991275895423,-1.043333602943603,-0.1660850924685843,-0.14772288945299147,-0.967801069609946,-0.020745669955271752,-0.19909401303427024,-1.3143291367846273,-0.07293491700116432,-0.21733555833505186,-1.529679372164456,-0.12391747207372165,-0.2203271868778557,-1.7155830993179582,-0.16628651364200586,0.02536167161090697,-0.9990481805334501,-0.03548969689787995,0.03020260182800929,-1.3844665791270447,-0.07629823602627085,0.03547594537644587,-1.6152380173223118,-0.12867266742673814,0.038916780001315404,-1.809160702768839,-0.17138659011316904,0.17780164474435647,-0.9290572549411643,-0.06799357794209092,0.2613170319569659,-1.2722020026622312,-0.13838831015245326,0.3160605597038836,-1.4891832339568498,-0.2004026922666474,0.35561420477668837,-1.6842171796830292,-0.24561960068827063,0.3083274979920611,-0.778663058665571,-0.10792168823687005,0.4501116311488832,-0.9873969502572173,-0.18487628549174398,0.5523824218346559,-1.122936699054558,-0.22532850016071826,0.6365770758143515,-1.2561145474615234,-0.2526245917011936
Normal/Neutral,Normal/Neutral_6_1790511058,"Straight-on, medium distance, shifted RIGHT in frame",0.0,0.0,0.0,0.2811399926400325,-0.14799913232700337,0.01712352825796127,0.4377168628307961,-0.45484596380675407,0.007107622032227313,0.5427117769976477,-0.6586410688016646,-0.02506460348859912,0.6574709213731927,-0.7982073386608138,-0.06548745088260984,0.3898121415352789,-0.9379797773525986,0.016545722981807183,0.39343625528517473,-1.3484689811620372,-0.05688030261696438,0.3860360943573688,-1.6095385308138448,-0.12309843481554972,0.37865636457513935,-1.8353520956588554,-0.17569151198199465,0.33066044607527617,-0.9416131779868474,-0.0634688304824414,0.3267907871030883,-1.4155399743851758,-0.13497452574331506,0.31957357779703555,-1.7222738773511945,-0.2042632966015712,0.312206106702152,-1.9881826367016382,-0.2586146711911659,0.2628492881692073,-0.88091447333133,-0.15128453512794818,0.28157238997550593,-1.3304189927336405,-0.2211274427669395,0.291990416842647,-1.6175241369312607,-0.2777172118749152,0.29154130311533827,-1.8761185461653198,-0.32313146939350135,0.19789291851323573,-0.7564995695563342,-0.24024976451436061,0.22710648488462845,-1.0607152409612066,-0.3052127975098554,0.2513088484591685,-1.273146405453614,-0.3384497207894773,0.26601444409438024,-1.4751673440617368,-0.36651596225069555,0.0,0.0,0.0,-0.1946990518410398,-0.22085685130854324,-0.08575583553478774,-0.3211405417194127,-0.5631690144054908,-0.11354525502709395,-0.4095569463893755,-0.8504203283025104,-0.1378753765376745,-0.5250422379510078,-1.0548408152406974,-0.16145031911606755,-0.12196376801876929,-0.9710612833642328,-0.007825026199905556,-0.16720397114977179,-1.2993727114479867,-0.05577134745569134,-0.18213191537004558,-1.5054380336224515,-0.10729928490791994,-0.1826143287203186,-1.6804656166550573,-0.15121019665709085,0.050956822000690315,-0.9984534326722806,-0.022229374182142003,0.07530608812848126,-1.3764488886646162,-0.05823927851011066,0.09305121056821576,-1.6000881943524976,-0.10968103934870195,0.10694694730294392,-1.7848913651376799,-0.15245950565197366,0.19871420254472608,-0.9266908297524885,-0.054958883229968426,0.29765895821563465,-1.2726882670719588,-0.12162898567655975,0.35984191505211294,-1.4831812922410892,-0.18281084180093546,0.4038192451881848,-1.6722302792393424,-0.2283098718890414,0.3215411060179684,-0.7746500155019155,-0.09506540300000596,0.4706126185590204,-0.9679853298600497,-0.16899469345124993,0.5742393053397767,-1.0959802982048545,-0.20848472941911297,0.6586157565631087,-1.223909125901807,-0.2359500468188474
Normal/Neutral,Normal/Neutral_7_1790511067,"Tilted LEFT, close to camera, centered",0.0,0.0,0.0,0.147379345761438,-0.2073987091962061,-0.20942678937474946,0.2445720735129154,-0.4930456417273444,-0.3344219102518807,0.26241338597331515,-0.7449845629936456,-0.43818894348803067,0.15748969853416028,-0.9119132559966945,-0.5446221962714254,-0.1432487948419134,-0.9695670119378723,-0.31141039787642144,-0.19583466580460795,-1.3859416743125712,-0.4740427682227056,-0.2622248249302017,-1.64810933211821,-0.5846632651704815,-0.33503635563526973,-1.8684285007451895,-0.661866066793457,-0.37842172286123826,-0.8721709467124411,-0.3100239335558729,-0.5962055919798173,-1.2656294757725566,-0.4550918448901394,-0.7360098844769334,-1.5036742440516646,-0.5672965647758758,-0.8559784771499449,-1.69443253812305,-0.6461432981797993,-0.504177463746871,-0.6413699897829876,-0.32121279346004245,-0.763696694034236,-0.8121750187831457,-0.4652492409937001,-0.9603380754187714,-0.9135373709899265,-0.5788298059865679,-1.1135701801921594,-1.001741893113077,-0.6561573672122066,-0.5392731024915357,-0.3335246362923651,-0.34695447760310333,-0.7495620255561354,-0.31853022078721055,-0.4865956262413503,-0.9026889290347362,-0.31524856074146945,-0.5680198775275035,-1.0321254228387176,-0.32297538475171056,-0.6191318964438199,0.0,0.0,0.0,-0.265403002917999,0.06624688636855652,-0.13923455271884655,-0.5680901856599873,-0.017064119668223493,-0.21424843287207912,-0.830384759560798,-0.08708888238813024,-0.2794483700546189,-1.0548331429554048,-0.08059535041548888,-0.34721732031273295,-0.6578548926247133,-0.6106997582982883,-0.12567269598760017,-0.9267255184203593,-0.8520303424417365,-0.2295958657714798,-1.1035576740271913,-1.0196642059421983,-0.3160217532760741,-1.246148884516398,-1.188774854543741,-0.38492711628303794,-0.5424618555386155,-0.8280658068555085,-0.14157031751867402,-0.7848159010547286,-1.192962829902358,-0.23098667029345665,-0.9410870213294565,-1.4324326076617881,-0.31339020278110996,-1.0783671281683678,-1.6486903529349968,-0.37804786618923253,-0.37623797529745856,-0.9388080782834125,-0.1768070610805015,-0.5454525775672197,-1.344400283219484,-0.2909972073148458,-0.6448512175262617,-1.6149855193898068,-0.37423663357063186,-0.7471487716351034,-1.8578985391407812,-0.4335358604726551,-0.1740600577876765,-0.9632020032483293,-0.22280103337946425,-0.1853520696515298,-1.3266323329161844,-0.33646910044697365,-0.18448025203198745,-1.5821935848107058,-0.39357344477564227,-0.1997830536206561,-1.8138125386304997,-0.43270932164158926
Normal/Neutral,Normal/Neutral_7_1790511067,"Tilted LEFT, close to camera, centered",0.0,0.0,0.0,0.14313382261466248,-0.19867582224504415,-0.21150249430596654,0.22995564417308484,-0.48009877610351254,-0.3311240372213882,0.24225749536075747,-0.7316501241396346,-0.42981982761361237,0.1552601562739662,-0.9331720985452349,-0.532502336901299,-0.1429380106067192,-0.9715045493248524,-0.30156353558121973,-0.207181162211926,-1.3846432609844102,-0.45771951480869827,-0.2776171445392952,-1.6379125069965514,-0.5612868294401702,-0.34360052653946704,-1.8568450220234285,-0.6344672792448727,-0.3666921203582426,-0.8812085506228954,-0.2983427210043376,-0.586073024503916,-1.2523925440983066,-0.4303583106354564,-0.7226902812358419,-1.4934316913714796,-0.5331321875382978,-0.826667603794614,-1.6840244516702412,-0.6062175759627346,-0.48077974505307935,-0.6518685339682792,-0.3094703582289393,-0.7435445148242215,-0.8236576522570749,-0.4571027834064034,-0.9188578246852936,-0.9234991891467746,-0.5774272243481704,-1.0519074987191588,-1.005028482157457,-0.660745743212874,-0.5029768957731253,-0.34450787658754933,-0.33494164960608785,-0.6698981411307139,-0.259268854607645,-0.4948727629194917,-0.7630483163795022,-0.20400944923677555,-0.5864433228700301,-0.8376794393601382,-0.15187250663957907,-0.6416935575137278,0.0,0.0,0.0,-0.2688562121897733,0.05480392363512191,-0.1263154899288552,-0.5751925690241847,-0.032174793691956353,-0.1968298536365028,-0.8397945805367217,-0.07546746749355772,-0.260587244634753,-1.0565066688703701,-0.04861227335959543,-0.3262451786381032,-0.6548592267567476,-0.6353736277248276,-0.10783074269381782,-0.9071293409146115,-0.9189636192559089,-0.19921667538840876,-1.0603730910486002,-1.1041108984946422,-0.2752852671912107,-1.1776058359629065,-1.2828188001237166,-0.3370440207512694,-0.5372745052188085,-0.833454943164249,-0.1291857722698709,-0.7826872526175034,-1.2055243548135621,-0.2131040154293279,-0.9381669516129708,-1.4501625372057538,-0.2938316531713808,-1.0730072752704056,-1.6698749489491544,-0.35769511962531847,-0.3736460468814352,-0.9381406187474569,-0.16915138545841504,-0.5464482623327386,-1.3551969355148432,-0.2796685620361975,-0.6506237837371377,-1.6255419465976613,-0.3657702010524132,-0.7563682749847249,-1.866361322404059,-0.42794933355970843,-0.1750201281035259,-0.9626997132620714,-0.21870119224777332,-0.18026415594473694,-1.3301134382161077,-0.3306100540043872,-0.18268930464131208,-1.5911679979111086,-0.3921981850248832,-0.20033989974351643,-1.8264253675071103,-0.4355320264741116
Normal/Neutral,Normal/Neutral_7_1790511067,"Tilted LEFT, close to camera, centered",0.0,0.0,0.0,0.15717533802210557,-0.22953838658662154,-0.19388573924609556,0.24287571787773563,-0.5425538350362545,-0.30902008885732407,0.24902346783043813,-0.8343605854037849,-0.40481824549407863,0.21528513691981074,-1.0868307715778756,-0.5024895084602014,-0.12693087841727024,-0.9876716136397552,-0.28822756505217556,-0.18888450261755826,-1.406830011753376,-0.4413432391672229,-0.2560804368308831,-1.661511835040575,-0.5424492819310283,-0.3280172621265136,-1.8805788284793918,-0.6135167405913622,-0.35310658887053753,-0.8907811229911747,-0.2860502190504226,-0.5672024877174403,-1.2781122164375338,-0.42362647989246405,-0.6994375375702995,-1.5211539574041875,-0.5212809945387011,-0.8163585034692301,-1.722343192975293,-0.5909594592031829,-0.48251516649284387,-0.6817358088390277,-0.2970898955752716,-0.7434056563782785,-0.8699465566086723,-0.4318514080106802,-0.9309805262695967,-0.9956996416382897,-0.5279365621392194,-1.0810573680468227,-1.1078573853617337,-0.594558501368975,-0.5327349177812265,-0.4022257608203814,-0.32248193746512666,-0.7684343885598443,-0.418677592499672,-0.45402566820639706,-0.9359465319489298,-0.43483516908189423,-0.5284950112463818,-1.0809391850306038,-0.4667122892647133,-0.5746699573935535,0.0,0.0,0.0,-0.29308888257844806,0.04746394544941566,-0.11752142144631403,-0.6068959902829831,-0.06187044900488915,-0.17883158526252357,-0.8789852097174993,-0.13785164998903557,-0.23758969506462113,-1.1023120394789225,-0.15051096997137492,-0.297588204822845,-0.6639390523093938,-0.6405441917678839,-0.08527770883122153,-0.9290034747198924,-0.9173762180632303,-0.17677600956811806,-1.0846646302945728,-1.1095550717955092,-0.25453483367323354,-1.2093653732218825,-1.3053253274463912,-0.3198063560957213,-0.5506065278103002,-0.827287611126459,-0.11147941518218464,-0.8266957361932895,-1.1313141900397752,-0.2086111758168586,-1.0006259183444421,-1.3364067547236278,-0.2987744177365658,-1.1560227378151757,-1.5358841290474778,-0.36829279151683864,-0.38453095728796016,-0.9413629535379096,-0.1575143865148217,-0.5899154627954756,-1.3341237421634142,-0.2899203897780363,-0.7301833157937246,-1.596229998195461,-0.3915958454526263,-0.8691497503224012,-1.837078761142525,-0.4606612276412637,-0.17614469411058947,-0.9904983322353128,-0.2114155643880039,-0.186596008296388,-1.3896076487243856,-0.34407685321785114,-0.18015713771374942,-1.6694536085087213,-0.42113145489836057,-0.19461085742281117,-1.92276158045648,-0.4738552612684717
Normal/Neutral,Normal/Neutral_7_1790511067,"Tilted LEFT, close to camera, centered",0.0,0.0,0.0,0.16064449923059068,-0.24592569862170763,-0.20180384548488325,0.22017391486348076,-0.5795270045782721,-0.31629122828871914,0.19299627531729502,-0.907017379035216,-0.4084862022829667,0.14519373384474268,-1.1875745123500343,-0.5017126288538842,-0.11540446712953253,-0.9614807172821539,-0.2960413788551317,-0.14974212658189798,-1.3897479400207025,-0.4476359238907811,-0.2042369679679415,-1.6512176431577077,-0.5487758204448202,-0.2571475486689912,-1.8784592703423544,-0.6205380235526092,-0.33747847858471214,-0.8958227554912185,-0.28915370866767126,-0.511827520813094,-1.3156283366890367,-0.4283223401296844,-0.6350400663757026,-1.5933112319897598,-0.5287062883739763,-0.7384525502670211,-1.8213548342478738,-0.6040537519580393,-0.4795023360857422,-0.7062756504766958,-0.29566761782168416,-0.7022622183033308,-0.976384750769976,-0.43378948973822806,-0.8465179292440331,-1.1173706137118202,-0.5286453145563526,-0.951345259761795,-1.2216070486567079,-0.5949282156350021,-0.5541810566221387,-0.43615249233101905,-0.3164633099517905,-0.7910210001025155,-0.5020316535825561,-0.4594215276935106,-0.9476240361408058,-0.5453940308442352,-0.5404542069699799,-1.0803945240164332,-0.5884425623168679,-0.5911613886795818,0.0,0.0,0.0,-0.30545256774622187,0.07284203916812215,-0.11344894838967845,-0.6389194283188454,-0.06614303700973191,-0.16398345085156205,-0.8980990493683867,-0.18738143524972428,-0.21073766760704554,-1.1148893460332903,-0.20548575491171742,-0.2608606772177599,-0.6846673265269074,-0.6001393976788043,-0.08140296094370314,-0.9974036494305496,-0.8198443865946287,-0.17506324707229654,-1.200655558134094,-0.9770579717183873,-0.25554821963510593,-1.367362940864393,-1.1355555940415507,-0.32260867693227163,-0.5607201775743581,-0.8210737922158792,-0.1069144994713806,-0.8216938606279304,-1.1042770644204305,-0.20319964391478268,-0.9884438755004674,-1.2955375368318882,-0.2990566865316927,-1.1363364353835987,-1.4835359186891979,-0.37202403688220625,-0.390329358243396,-0.959332756186229,-0.1511023978430665,-0.6050810190356386,-1.3420126203677398,-0.2827325758664128,-0.751211320297736,-1.6044804770838317,-0.39166106498059583,-0.8938079340171466,-1.8520773255571583,-0.4663196529005428,-0.18503208227631085,-1.0272219550127173,-0.20136636424214813,-0.2035613575712327,-1.4311216997132485,-0.3356784039981786,-0.20712899473748672,-1.7119336696968752,-0.41489172902305743,-0.22944736020296655,-1.9683437624031628,-0.46891606743052
Normal/Neutral,Normal/Neutral_7_1790511067,"Tilted LEFT, close to camera, centered",0.0,0.0,0.0,0.16768789130349365,-0.2429420657605609,-0.21088629848933624,0.22905085352838633,-0.5955094955518501,-0.33040733238569703,0.1844071175596536,-0.9503027049483906,-0.4246047595959426,0.15200333283022643,-1.2540374718700278,-0.5169868014901655,-0.10359033067903521,-0.9349152565799577,-0.3131311603401576,-0.1463974770702594,-1.3678321446857338,-0.4696487886112278,-0.20285390675749365,-1.6295075910995704,-0.5664469936259143,-0.2587202068209366,-1.8636178315072705,-0.6324190860989257,-0.3176953104103627,-0.9009545447768699,-0.29555134577458214,-0.4479370185587073,-1.3577488504984898,-0.441731416553604,-0.5508091801019284,-1.660720681413361,-0.5309071069708747,-0.6413801985803751,-1.9096888480217606,-0.5959673327186531,-0.4604929466866888,-0.7382712765907424,-0.2917961670689966,-0.6484444316869006,-1.0397110578725939,-0.4401625516476895,-0.7432935142717839,-1.1311652046234528,-0.5165774924584144,-0.8059474737476485,-1.1714145661026187,-0.561520592528281,-0.5461430738362347,-0.48371428441663994,-0.3028071059555712,-0.7884277448797281,-0.5615449436069183,-0.4558655594980763,-0.9499017023104105,-0.5974833284596051,-0.5350421049232907,-1.0969256233892892,-0.6326232977341423,-0.5790046331214567,0.0,0.0,0.0,-0.28318283453737203,0.04257104833550299,-0.09587650191373744,-0.5893041300202129,-0.09965549343481743,-0.13786682062446107,-0.8321690275762963,-0.213914307844012,-0.18198778689336068,-1.0340972725002506,-0.25328683544452885,-0.2300840753832076,-0.6553644946199282,-0.588558037188633,-0.054895854788642805,-0.9333028008685159,-0.7265453477210702,-0.16118497959614053,-1.1255427782157945,-0.8388689374956686,-0.2534732234932795,-1.2829700343758377,-0.9604611176291791,-0.3242368560690084,-0.5595594260940121,-0.8236674814629723,-0.0920061337617454,-0.8352255236818117,-1.1579104879293611,-0.18397453253828863,-1.0202140868533724,-1.4018053421652226,-0.26882704080439307,-1.1813872889683916,-1.6223944367728715,-0.3307553415759302,-0.3973522809682312,-0.9560937675675827,-0.1488221388690813,-0.6111794457628291,-1.3367534265990466,-0.2635393581650744,-0.7454457480852821,-1.5934066722067415,-0.34533680725892496,-0.8761074801446277,-1.8246773724490157,-0.3995524846304513,-0.18801650602258735,-1.0030316097324516,-0.21462807357611877,-0.21032994735193894,-1.3646443939123907,-0.32012398225277566,-0.21309701728695332,-1.6305091233700197,-0.36881550875807567,-0.2267946067796536,-1.8649639750146638,-0.4012307763273333
Normal/Neutral,Normal/Neutral_7_1790511067,"Tilted LEFT, close to camera, centered",0.0,0.0,0.0,0.15884374261666726,-0.22409147626148848,-0.19258624878016223,0.2320207734101807,-0.5281496898193027,-0.30443055198907637,0.22670981441755697,-0.8354472009472769,-0.39735685880155674,0.211283946211262,-1.1044214181607326,-0.48910018023899526,-0.10118244354427797,-0.9593126442309358,-0.261355061489745,-0.15040432052953034,-1.3765120549048582,-0.3979508675832722,-0.2104590884190997,-1.6286799419892772,-0.48529942519778657,-0.27129816182117783,-1.8457351976824379,-0.5475217398065703,-0.31466973028337897,-0.91504690431893,-0.25233335835701265,-0.4458464169166915,-1.3366612496796957,-0.36946821808763447,-0.5420330133153313,-1.6018278478627592,-0.442262676232496,-0.6322221675822911,-1.8254680694733998,-0.49568649368809375,-0.453087462291078,-0.7486899149408772,-0.2605095696196697,-0.6746578753352306,-1.017221636459007,-0.37835535755512006,-0.835355105583204,-1.1855706144525615,-0.45944269372357316,-0.9572360558959909,-1.3227988550341216,-0.5170500494208471,-0.5293503194364783,-0.4888428662645072,-0.2844360673258496,-0.7678235585066832,-0.552514914343312,-0.4126390043386333,-0.9372668585057983,-0.5991528152287755,-0.48708532569633695,-1.0850228161903785,-0.6528393171293145,-0.5332229133579551,0.0,0.0,0.0,-0.254473798621605,0.05061997630745055,-0.12063999536595969,-0.5484632880082786,-0.019973065920025315,-0.18663786072077795,-0.8024727608946324,-0.017648260556868967,-0.24756351672008645,-1.0115022885822997,0.05879641542344794,-0.3132660935852997,-0.6517906768818461,-0.6227940553390937,-0.10073055142524188,-0.9172125739399049,-0.8307989250188293,-0.18394068809003453,-1.0952111650904295,-0.9798437798997548,-0.25576905340567696,-1.2426658234538783,-1.1251126129519327,-0.3177015867904062,-0.5484687589690512,-0.8273520432494673,-0.12112232232697892,-0.789774484458754,-1.1554615324598552,-0.19527494149763533,-0.9390367659097402,-1.3670352333894007,-0.26639021781531463,-1.0673558565578898,-1.5538424243490698,-0.32373583591935945,-0.3885631645414286,-0.935149648280787,-0.16033636019847924,-0.5627447898987137,-1.3015955714858334,-0.26836735244550064,-0.6797804651598293,-1.5501717626358467,-0.36171116444269885,-0.7910998688265749,-1.7759351945009318,-0.42959482364915846,-0.1904289669911498,-0.9622945260846099,-0.2083648107749449,-0.17877123199770442,-1.3155166958956972,-0.32446012053261336,-0.16122056632171494,-1.575858629393764,-0.3967659264471334,-0.15840637469331662,-1.8108716028580067,-0.44861576591214075
Normal/Neutral,Normal/Neutral_7_1790511067,"Tilted LEFT, close to camera, centered",0.0,0.0,0.0,0.164408480983879,-0.21329935702450178,-0.20465727796146527,0.24129268523564393,-0.5338494452868755,-0.3201670656211963,0.2278094346113509,-0.8484757031799159,-0.4129898757094868,0.21723875390804748,-1.122473161281527,-0.5037679842685927,-0.10652451630698688,-0.9565706153696507,-0.2790949508936343,-0.15516451108948806,-1.373287512023036,-0.4214122812312003,-0.21391565880730076,-1.6318668026159646,-0.5102877700663442,-0.275474132250917,-1.8473377795865564,-0.5733657092551111,-0.33775025373936324,-0.9022731775396975,-0.2680072371996946,-0.5109421702405299,-1.3177477900462427,-0.3979130557756671,-0.6260121553874107,-1.5811444976744973,-0.47669045617673345,-0.729912870085108,-1.7989035185726667,-0.5297746516035731,-0.480005281398094,-0.7297256407903752,-0.27370252446629467,-0.7378607557882332,-0.9750793726915463,-0.4068678932657007,-0.9151904140023346,-1.130453215641789,-0.49203113620104816,-1.0496241745338335,-1.2617198412331732,-0.5475831516593304,-0.5483201366150866,-0.4715155829864183,-0.2948756261857354,-0.7999569726695237,-0.530169111037634,-0.4312951266531452,-0.9729682349610049,-0.5639889497925241,-0.504123895549749,-1.1205676716507367,-0.605759544157368,-0.5460702824164421,0.0,0.0,0.0,-0.2593341691365216,0.0382083763020452,-0.11007428205496292,-0.5582546291898672,-0.053451039327527226,-0.1642884541075133,-0.811776475129011,-0.0746638437141148,-0.21435361349645468,-1.01905469284627,-0.019571918211043714,-0.2680323750990148,-0.6396285630439046,-0.6461584657044819,-0.07810359821971789,-0.8902378184078237,-0.8813069131815608,-0.14997070503850968,-1.0477333003543359,-1.0473776810769182,-0.21333118605683593,-1.1722254110839785,-1.2065906685083732,-0.26924553618154273,-0.5268380702911036,-0.844014269729092,-0.10040697279379493,-0.7594900493043493,-1.1926234087457843,-0.16666442329538653,-0.9040004077393281,-1.4167369143059652,-0.23364151185369156,-1.0296053478868632,-1.612755704336604,-0.28784630464595345,-0.36409214008280666,-0.9446930110293371,-0.14141786546493249,-0.5175097134058547,-1.3379460199285649,-0.2445799530714242,-0.6127057706754814,-1.606049929537096,-0.3350555123026095,-0.7085751971861025,-1.8459944815780405,-0.4000178322708419,-0.16856353749597816,-0.960440040474277,-0.19023328245451646,-0.14581077305864135,-1.318458735230547,-0.30487831476746147,-0.12527873563947292,-1.5797602592551898,-0.376096799501513,-0.12351155970567822,-1.8163427207724352,-0.42622894574357123
Normal/Neutral,Normal/Neutral_7_1790511067,"Tilted LEFT, close to camera, centered",0.0,0.0,0.0,0.16802689247769603,-0.2672521459483038,-0.18674899348843643,0.20953103903936793,-0.626790396380977,-0.2830656215044608,0.16097992505618697,-0.9672850406540429,-0.35901261663099077,0.12715145341519976,-1.250409775567476,-0.43414209072417587,-0.16595252529326388,-1.002182157516694,-0.23295061512007315,-0.25654884710115317,-1.4159731218171938,-0.35765164955184886,-0.34854238906189444,-1.6566117047613476,-0.4433390820162303,-0.43943687435108825,-1.8522579697209256,-0.5068357827116147,-0.3953166429797201,-0.8927828519418735,-0.21601743230993986,-0.6533355445622594,-1.1894748566468156,-0.33133937868895547,-0.8176525683352741,-1.3453262298006237,-0.4127207030010104,-0.9573874483201384,-1.4780027654186987,-0.4719216441885251,-0.5385939317862377,-0.706939925700302,-0.21376554102165501,-0.7985035504018978,-0.9181858204532483,-0.32476354807449154,-0.9691800021629029,-1.0391164477042076,-0.39319974647193573,-1.1117715893501394,-1.152236364445503,-0.4411231156205417,-0.6047730098763163,-0.46989864533877823,-0.226437138917241,-0.8458835391409295,-0.5597772131719335,-0.33538204492182294,-0.9997545799387941,-0.6035143915472143,-0.38820863682003764,-1.1326096023253225,-0.6558644425893757,-0.4174568815636687,0.0,0.0,0.0,-0.2695867110450228,0.026401442708704266,-0.1034519955126182,-0.5667862079412719,-0.10457905685467678,-0.1465213853468938,-0.8000677921701334,-0.20687240467906692,-0.1866830197312914,-0.9994138330040307,-0.21131757156003053,-0.22948751067687348,-0.6356038269036774,-0.6515062004155677,-0.06065139496724345,-0.8982161273804035,-0.8851109735972461,-0.1412497062388321,-1.0715329730644179,-1.0493953210642992,-0.2132445622993753,-1.215591987060384,-1.2110848375320493,-0.2736842154051253,-0.5254611021185983,-0.8465938135784534,-0.08467316558980606,-0.7766802007406901,-1.1720943235083692,-0.16101178535980715,-0.9441527421674818,-1.39194730124531,-0.24079272794376805,-1.0951125788227383,-1.5973796863764478,-0.3034197750508363,-0.36835979617333336,-0.9532707852296799,-0.12668582821522323,-0.5596291024208659,-1.3174377410439715,-0.22787824773009424,-0.6827145073262064,-1.5544141064866877,-0.31339262915519994,-0.8034482642146953,-1.7722676383136826,-0.3751095424103747,-0.17468081560077203,-0.9910949704589996,-0.17778337758242743,-0.19203718772574338,-1.326019040755531,-0.28034009670898896,-0.19597101974555817,-1.5698168383177133,-0.3414727246042119,-0.2124933955684563,-1.7978316558930123,-0.38545312747686855
Normal/Neutral,Normal/Neutral_7_1790511067,"Tilted LEFT, close to camera, centered",0.0,0.0,0.0,0.16844963851130326,-0.2604810995130959,-0.19724338620121962,0.20472441626832819,-0.6130523279557138,-0.29949829606048056,0.14134436365342343,-0.949853478975304,-0.37732820303005293,0.09750851875039875,-1.2313899612590777,-0.4535495228174629,-0.1630212976407379,-0.9875383637386372,-0.25760946055989753,-0.23051199908570352,-1.411196776045415,-0.39248438721816076,-0.30974524202125253,-1.6723126659977767,-0.4801055429979654,-0.3871985882909782,-1.8733763939437025,-0.5408075950799339,-0.39724274519231795,-0.8859493954307108,-0.23935720195563187,-0.6293390162865969,-1.2555445335571203,-0.3587124066214026,-0.7790688050218538,-1.4787203592197864,-0.43509426279954977,-0.905549631878881,-1.648873184783444,-0.486617207056152,-0.5452050760738623,-0.6897074269786799,-0.23709534999412954,-0.8182628746340469,-0.9217267937650394,-0.35550594045185147,-0.9995315851505064,-1.0656551421645586,-0.43294609076438134,-1.140636993815103,-1.1817075718059658,-0.48307173458297026,-0.6193786212643752,-0.4275985087982626,-0.2494706051831742,-0.8753401054379254,-0.49192036336804335,-0.36898290663772454,-1.0445881209922885,-0.5245355777039351,-0.4330418371685591,-1.1872963409036847,-0.5625008224758862,-0.46772293268523785,0.0,0.0,0.0,-0.26800955397288456,0.04272246269372328,-0.1265604912360975,-0.5760284230867371,-0.04974038281518836,-0.18756901724068215,-0.8270593918568486,-0.08699381381438698,-0.2415148189958318,-1.03323097907545,-0.061926926808820684,-0.2988495294416335,-0.6439161205850127,-0.6361786522033296,-0.09774307738853917,-0.9230942294249339,-0.8684995780659738,-0.18798317323327593,-1.1077905018498497,-1.0341494581108897,-0.26512794671820417,-1.2582075595310853,-1.1943553404464775,-0.3282067497708766,-0.533987957675437,-0.8376194420694316,-0.1151109522370032,-0.7900058751108617,-1.177014120086716,-0.19849941397176504,-0.9638395437306775,-1.4002682729537455,-0.2807111331157725,-1.1134329832989498,-1.6022749202923772,-0.34425825050579845,-0.3746605894060648,-0.9475869440986016,-0.1516993733008761,-0.5685049952784836,-1.3217616059705852,-0.2569734836688202,-0.6987523499011187,-1.5636958503699365,-0.34571565312790936,-0.8224213096566662,-1.7857170794660409,-0.40973099544819896,-0.17732483666964086,-0.9881954655566646,-0.1989779877726947,-0.19585821116729338,-1.32885328694129,-0.30295476773726404,-0.20516423753571408,-1.5787892870803266,-0.3647230640166747,-0.22643722408475825,-1.8105893272367046,-0.40931167619615844
Normal/Neutral,Normal/Neutral_7_1790511067,"Tilted LEFT, close to camera, centered",0.0,0.0,0.0,0.15204104825716264,-0.2485922768261274,-0.20510245801706206,0.1824070842532321,-0.6018716158792385,-0.31258540766432147,0.12182797543967198,-0.9462596773048507,-0.3955857345139083,0.0914152471823077,-1.242611777916139,-0.4778048236851548,-0.181512149245081,-0.9573444870785557,-0.27212911542791596,-0.23725358834136775,-1.3814556518043872,-0.4118142240399318,-0.2990950199286972,-1.6393906484617513,-0.502438213116856,-0.3626416395100522,-1.8539881976949442,-0.5670635661865306,-0.4058964131812497,-0.8773586352111933,-0.2559099978253065,-0.6067973147342935,-1.2754404541450168,-0.3796214160791175,-0.736794072000237,-1.522029231307735,-0.46233006273191496,-0.8522487002094667,-1.7213037694368964,-0.5213031000093415,-0.5403877817446753,-0.6861864595850009,-0.2560223563089152,-0.8128643635524834,-0.9044552087819725,-0.38274293599908643,-0.9961067204799898,-1.0419937076232682,-0.4693218941492666,-1.1397252546361296,-1.1641552231230141,-0.528948162856439,-0.6014423273962496,-0.41485739448914044,-0.27137917327954736,-0.8512896679393949,-0.4648587815280041,-0.4008536340904064,-1.015262346193029,-0.4901859024870617,-0.47201674052023485,-1.158695784861742,-0.5250027653259134,-0.5154606680564091,0.0,0.0,0.0,-0.2666435715667903,0.040931804897986035,-0.11296430014245261,-0.5692673768685197,-0.03759484177577347,-0.17657690145178007,-0.821798216213835,-0.04457763103592549,-0.2368584639510501,-1.0239971645342485,0.02250049318822385,-0.30256900398164144,-0.6373670566418118,-0.646310771036869,-0.09500126425994676,-0.8905928377725125,-0.8961561884664231,-0.1804689082764645,-1.0484749135455653,-1.0682510219261017,-0.2564721751755443,-1.1784158918591132,-1.2344323711869722,-0.32078302434707795,-0.5237155847806925,-0.8430599734507657,-0.12235958247318263,-0.7728010039333301,-1.1816429778510182,-0.20602537024558154,-0.938557489040096,-1.402379919876856,-0.2907614504646838,-1.0847262012029268,-1.6002378340127241,-0.35779712821260573,-0.35982825344151514,-0.9516562097803413,-0.16728983211872966,-0.5394269493697746,-1.3374893090862183,-0.2797298708978699,-0.6620090000724087,-1.587625217507288,-0.3771881341146251,-0.780757421722943,-1.8083604732120628,-0.44694981642599235,-0.15786503505494376,-0.9855015610496785,-0.22021871305154914,-0.1609543752421339,-1.35053318001505,-0.33313965287748226,-0.15716281546286584,-1.6094454132772513,-0.4016622885994658,-0.16856128080303062,-1.8394667953065875,-0.45129009620374644
Normal/Neutral,Normal/Neutral_7_1790511067,"Tilted LEFT, close to camera, centered",0.0,0.0,0.0,0.14436985321054546,-0.26736114503615815,-0.2128215062883562,0.17648152454169078,-0.6229016913879171,-0.32711966599680214,0.11975601860293777,-0.9631434681455411,-0.41496286743571104,0.07591993760767979,-1.2570988557624199,-0.5044082177448499,-0.19746924698504523,-0.9574677483594719,-0.3054397363488516,-0.26814897587224457,-1.3783954726345338,-0.45427888806434785,-0.34112072186928655,-1.6263085663392227,-0.5487284855634629,-0.4161548449726494,-1.833303258755722,-0.6161294912658601,-0.423845741130236,-0.8571373607389716,-0.2926949479427188,-0.6418211366331003,-1.2469549964180133,-0.42232913211098383,-0.7820622319972482,-1.480588434965191,-0.5092127468256886,-0.9042457591050227,-1.6640772457365687,-0.5714416055814516,-0.5426720738315975,-0.6429255916839891,-0.294890266761484,-0.8190680716618458,-0.8465155096676531,-0.42866073139325583,-1.0180125101835535,-0.9660168128767048,-0.5259436372859779,-1.1742304221259916,-1.070761986367809,-0.5948022185365129,-0.571351956737935,-0.3542487633846186,-0.31187856980050527,-0.8112007206144178,-0.33750531415739055,-0.4536358201961632,-0.9808495595016815,-0.32836809476969525,-0.5347216675105212,-1.1299542785657173,-0.3366514865796056,-0.584968409018847,0.0,0.0,0.0,-0.2678782275305657,0.03778530795816374,-0.11144976237256726,-0.5677144963593626,-0.03978949818738111,-0.1846971290413613,-0.8156165863605335,-0.03939454626947696,-0.25391069271997646,-1.0129736418948208,0.03914565752636349,-0.3305289803665539,-0.6312995750945455,-0.672131680943772,-0.12256965042569049,-0.8587346535634802,-0.9733631800989275,-0.2158073930583622,-0.9956503495269694,-1.1696801713599854,-0.294282990241597,-1.110849321794808,-1.3482960862084439,-0.35896969687980707,-0.49582979555911477,-0.8541839863180428,-0.1565967156540139,-0.7385322908765991,-1.2387656913179759,-0.24922994931390452,-0.9013955466627446,-1.4894433903990545,-0.33850450205372506,-1.0510929512794183,-1.7149269176995872,-0.40745885582738867,-0.3161917109930446,-0.9418772098948427,-0.2058415335263988,-0.4790559659675748,-1.3741666176901657,-0.3328706691815516,-0.5896773837388952,-1.6579653679316846,-0.44270663404714133,-0.7035447103957693,-1.910750128227957,-0.520083691727811,-0.10366197983614468,-0.9432514572651214,-0.2605986012115931,-0.06825928199910004,-1.3042860162838277,-0.3951920471159336,-0.03962145286812566,-1.5609540768198242,-0.4753186441431993,-0.03529424047964411,-1.7951952632245276,-0.5305837082867374
Normal/Neutral,Normal/Neutral_7_1790511067,"Tilted LEFT, close to camera, centered",0.0,0.0,0.0,0.14818848879093488,-0.3045843771885846,-0.21705746728033937,0.16030108893289727,-0.7073584041424841,-0.32674752760415976,0.07322208204155478,-1.0546676088200375,-0.4129519393316763,0.019268034721358632,-1.3579546675963452,-0.502296613084854,-0.26005381906749775,-0.9956889079881993,-0.28867891808107665,-0.39005272876122615,-1.4146217484902084,-0.43649356508200343,-0.49741609924121977,-1.6520678705018679,-0.5388168292022021,-0.6136845000965804,-1.8604208296971902,-0.6166863440627335,-0.48686130838039754,-0.8309105477741491,-0.2693579922701218,-0.7983217975287049,-1.1029289710472177,-0.410151639965379,-0.9852769771317293,-1.2283170752267751,-0.5144936407412144,-1.1645504693294857,-1.3470600041802299,-0.5930863308744875,-0.6076646471222631,-0.6092347105570405,-0.26467571170173915,-0.9099301960472036,-0.7389971871688259,-0.39922634116517053,-1.1041351041397818,-0.8118234420270821,-0.4801360574806704,-1.2846657733862459,-0.8996756319504949,-0.5389902795386122,-0.6457429203069461,-0.3565012615706526,-0.27761391291899606,-0.9023236554370347,-0.4047770404491708,-0.40247004266418174,-1.0581774777443762,-0.41057685928244214,-0.46143464220893,-1.2048875389406009,-0.437325153758656,-0.4982217465841725,0.0,0.0,0.0,-0.2722112954630001,0.037648421260409785,-0.12378315350321342,-0.5634234319972122,-0.06024698836503966,-0.20265253435759392,-0.8057209649687809,-0.11874141928725453,-0.274841770925604,-1.0177805964317292,-0.0903608054061423,-0.35327880061601385,-0.6225201971422165,-0.6673262663095331,-0.14196510039721127,-0.8683196795793451,-0.9530034397154101,-0.24606869017365177,-1.0262692582660824,-1.1475755722317613,-0.3294715856805495,-1.1536892645930739,-1.32936808988069,-0.39603691081570297,-0.4847426649598929,-0.8577668020841894,-0.1710574815956437,-0.7238847263048666,-1.2408039769174808,-0.27253659896554217,-0.8869452827090626,-1.4975429703035825,-0.3640149107140781,-1.034690632313385,-1.731423741697122,-0.43374597248097463,-0.3049426435965909,-0.946814319915388,-0.21609367680348396,-0.45989267020629615,-1.3771084130306162,-0.3479941769964897,-0.5616079279148888,-1.6651078290548962,-0.4540255528278653,-0.6668252255296152,-1.9198903215038203,-0.5277115582853061,-0.09519539672948023,-0.9531930935990722,-0.2676998370684284,-0.06636565495792174,-1.3300409677511935,-0.40242925058548606,-0.0383697752785732,-1.593949908962265,-0.4795143293555704,-0.0335823939348593,-1.8312113490116406,-0.5322553379429715
Normal/Neutral,Normal/Neutral_7_1790511067,"Tilted LEFT, close to camera, centered",0.0,0.0,0.0,0.1800904023965036,-0.300697942801865,-0.22919999686042386,0.17583741241812934,-0.7156946810095205,-0.33943885748388425,0.07247553157760188,-1.098451941335766,-0.42114488089687385,0.0034601486367267053,-1.4172287669691597,-0.5026753670411152,-0.24853852907584117,-1.0157132910013718,-0.29094310106768256,-0.4161619429030774,-1.4729430311514062,-0.4327307702292073,-0.5497657328527927,-1.733955851910619,-0.5260237569618986,-0.6811847938315744,-1.9402213789812095,-0.5963758007149446,-0.48232701110131915,-0.8380834175319751,-0.2549055503907143,-0.7841963638589561,-1.078995681637616,-0.3984143678422527,-0.9829418313768756,-1.1998972559180254,-0.4986319239314846,-1.159597908566263,-1.3081120322144604,-0.5710511308382169,-0.6217819319661758,-0.6147276488019334,-0.23494105600350987,-0.9174269789977744,-0.7816999398873626,-0.37071069661286316,-1.1114520095018738,-0.8670913867541714,-0.4516724229132513,-1.2788973323570638,-0.9495134733451698,-0.5063769003054585,-0.678789276939827,-0.3711866454809276,-0.2319677100412439,-0.9461395778273086,-0.42907695126961776,-0.36146485869130207,-1.115424044384707,-0.44925244837510947,-0.4288518142516248,-1.2642366887885133,-0.4863971368304549,-0.46696509611483966,0.0,0.0,0.0,-0.2781894535706558,0.020685549717109813,-0.11551414321441553,-0.5704146431309972,-0.1009827523885409,-0.1844250156942551,-0.8132564888185169,-0.18306713299418553,-0.24853541215722125,-1.0224681632228232,-0.19076261679187972,-0.3170711212529855,-0.6142508962575555,-0.6878892863197184,-0.11892015250074646,-0.8366816581242066,-0.9962849266207733,-0.21936591911245273,-0.9770949910661322,-1.1961225557970285,-0.30234301129422436,-1.0937458766108559,-1.3831981507197946,-0.36814085558336823,-0.47474447062786573,-0.8675471029384954,-0.14825556242951327,-0.7065313699476983,-1.2460821880631385,-0.25251791231168186,-0.8651600595405624,-1.5056545748973407,-0.34730531700312395,-1.0110359837282366,-1.745007104149859,-0.41789853044369474,-0.29596404498887635,-0.9524769299832051,-0.19369577625594178,-0.4328867116635239,-1.379652321306813,-0.32811961092294956,-0.5154473130963517,-1.6728465104641137,-0.4301431739855647,-0.6052048602727175,-1.932738537581414,-0.4972056761346516,-0.09022044965841985,-0.9625748452667854,-0.24514436351195593,-0.07301746721492859,-1.3487201047892419,-0.3762327401262895,-0.049399001927230256,-1.6160563669231525,-0.4468656161385876,-0.04756538976270179,-1.8571746567710954,-0.4932561568821492
Normal/Neutral,Normal/Neutral_7_1790511067,"Tilted LEFT, close to camera, centered",0.0,0.0,0.0,0.167385303220616,-0.268212122962204,-0.22351669119097628,0.17851691917056325,-0.6429330654408664,-0.34029535203604544,0.09141947388301422,-1.0008976996663934,-0.4284969798469648,0.023458218832994197,-1.3100819616988548,-0.5123750247324087,-0.23936010867537078,-0.9671389133289336,-0.2794560821460464,-0.428803066757134,-1.3576957303763992,-0.4178132362051891,-0.5763132197162162,-1.5947514209157003,-0.5056376123540548,-0.7061675578766646,-1.7911857553835795,-0.5659808031790425,-0.45315522808472036,-0.8569085321844491,-0.24567886911368247,-0.6649311151250987,-1.266842032617117,-0.36834181790017384,-0.8087822400809151,-1.5136132318344158,-0.44887388585702553,-0.9308909012698373,-1.7160651211472049,-0.5030872947050588,-0.5877425461794316,-0.6583440898068673,-0.2291907165770985,-0.858460384277294,-0.8919565564225868,-0.3467381625611517,-1.0394522924076608,-1.0255339654880278,-0.4232103655842675,-1.1743122264702572,-1.1288568139608623,-0.4725829149847176,-0.6558257147659079,-0.38809052332511074,-0.23009792719308256,-0.904054379949342,-0.4676259053210403,-0.34527625887020447,-1.0642988207845951,-0.5059628017547848,-0.4073182197637888,-1.2049188315469248,-0.5437799662755359,-0.44254339257005143,0.0,0.0,0.0,-0.28120345339348296,0.021604847216204516,-0.11589275924568744,-0.5716943563524685,-0.11668074477930349,-0.1770232215089411,-0.8014568876083165,-0.23244613307776402,-0.23271434703063493,-1.0039847892091736,-0.27350042611355374,-0.2922136593486985,-0.6229543192796748,-0.6684856971131425,-0.10886165042866484,-0.8828714387259522,-0.9442645804662134,-0.2059567265702952,-1.0547901167313463,-1.1389227253069094,-0.28607098015671384,-1.1936199287855174,-1.3215947835735637,-0.3506580027387041,-0.49464081481197375,-0.8585672385399407,-0.13488054429029922,-0.735121823217278,-1.2229206436689735,-0.22993120421870933,-0.8973948025378096,-1.4702422145120204,-0.32125627019512376,-1.0390319882180623,-1.6941149798937234,-0.39075152050072676,-0.3211036168656287,-0.9545132975288547,-0.17756136708372297,-0.4972861127060641,-1.3662776578095663,-0.3015622117336472,-0.6117314474170751,-1.6385784013238143,-0.40488043440162264,-0.7216549497511725,-1.8849006692273724,-0.47697862901756954,-0.11396009196178039,-0.974201516431241,-0.22712541913169054,-0.10106741943242584,-1.3550889730975026,-0.3535678930688145,-0.08348502160886584,-1.6239660793244366,-0.4278782290118514,-0.08108744631342361,-1.8702452105616116,-0.4788387858863925
Normal/Neutral,Normal/Neutral_7_1790511067,"Tilted LEFT, close to camera, centered",0.0,0.0,0.0,0.14010512958692692,-0.25942343015832287,-0.22066200641964326,0.1603701084765769,-0.6217190429724021,-0.3373154945704172,0.0860445404404261,-0.949722951955027,-0.42725129859806,0.022231263302551804,-1.2486503849571526,-0.5150883313369995,-0.2537498390654046,-0.9577726064388622,-0.27740849131761935,-0.4310964006012305,-1.3222531328536091,-0.41716894397879833,-0.5753464828841095,-1.5393731073139068,-0.5098967495506787,-0.7065122586536539,-1.7221878535997717,-0.5772554719643881,-0.45717981888136705,-0.8527775326470525,-0.252501669341028,-0.6698146000490308,-1.2353053902722353,-0.3794139315659669,-0.8053123865449581,-1.469600505034328,-0.47003930480088557,-0.921429552661441,-1.6633691938519113,-0.5366489336697516,-0.5830370100693647,-0.6536743950187552,-0.2457735025294623,-0.8579673054448221,-0.8735672905011903,-0.3686085414512312,-1.0336140638098084,-1.0101578137599654,-0.4581044597628272,-1.167407244701004,-1.127656616418047,-0.5218896114358451,-0.6471275147027188,-0.3853755501741054,-0.2563357559686782,-0.8967693776595821,-0.4647662000114572,-0.3751129320718911,-1.0531036757494658,-0.5083361199799845,-0.4466888375101349,-1.1909255602866176,-0.5591693874087351,-0.49468522325011444,0.0,0.0,0.0,-0.27932824609698836,0.020269689053211304,-0.09236479480792402,-0.5716250231235507,-0.13554222284038234,-0.13350353441462956,-0.7918731068100924,-0.25839743336217785,-0.17270296116275027,-0.9815480599061454,-0.29371903069112193,-0.21654842672941116,-0.6270231036145946,-0.6563097657106093,-0.07598583956465187,-0.9002921546603478,-0.8769002793505031,-0.16747614840255717,-1.0800629933003005,-1.0454752991078728,-0.24405162130143404,-1.2217844013004446,-1.209624298272974,-0.30448843551165117,-0.5075832915419052,-0.8546224358409876,-0.10945178986522931,-0.7576637959708081,-1.2070839113280116,-0.19518656589200578,-0.9255950578877401,-1.4487588250416303,-0.27890512630882347,-1.0719418009586077,-1.665680259326609,-0.3410781319402729,-0.34018094602335924,-0.9572664252169995,-0.15854709538472878,-0.5207680664634279,-1.3494777002635732,-0.2706738484966533,-0.6418290976169975,-1.6116611487955215,-0.3622860781930135,-0.7593284732873585,-1.848283737183128,-0.4254133978821515,-0.1367407276771145,-0.9832162278440346,-0.21396455973239556,-0.1397997336875128,-1.3515237279614052,-0.3253933740157866,-0.13223171756251195,-1.6112068444282557,-0.38651509176547455,-0.14031110971367056,-1.8458090611848719,-0.4282878372892522
Normal/Neutral,Normal/Neutral_7_1790511067,"Tilted LEFT, close to camera, centered",0.0,0.0,0.0,0.16603687230183697,-0.29468080054849316,-0.2173815329963084,0.1879363925387553,-0.6899322373343743,-0.3274940319500583,0.09645290105581188,-1.0365270029128106,-0.4120126013099799,0.03113826047598054,-1.3333303228911149,-0.49575568214188764,-0.25514698122470103,-0.9991406340834686,-0.2774556044293548,-0.4200146961820686,-1.4266375263185267,-0.42125864735552976,-0.5551088753153401,-1.6724717046908975,-0.5180515423807585,-0.6834430373669219,-1.8702611644717413,-0.588229567016807,-0.48927675532973364,-0.8352737689536123,-0.2508505283869969,-0.7929344742772896,-1.1155232273019784,-0.3842719974636409,-0.9724531165810272,-1.2519401683611213,-0.4763174424493527,-1.1258834088368879,-1.3721228768241585,-0.5421464118059114,-0.6257491063649558,-0.6173342556218879,-0.240026382478834,-0.9123701183656787,-0.8102141221204807,-0.36461113614904145,-1.1013174518771562,-0.9123208041718874,-0.43820953390677875,-1.2634796440470017,-1.009242190068717,-0.4887953033172754,-0.6829676805016769,-0.36523553083155874,-0.24652610737375755,-0.9413701975891902,-0.45262375248787556,-0.36435753334134047,-1.1043892695374506,-0.4887120621495324,-0.4207242276109615,-1.2499129440446828,-0.5324427933327099,-0.4519396100066768,0.0,0.0,0.0,-0.27368266992236784,0.03314579506736672,-0.0911996772656745,-0.5765601078746351,-0.10144332923223996,-0.13180983973169152,-0.8047952941360412,-0.2132605521094013,-0.17088245099394953,-0.9986507060414668,-0.24323434123129764,-0.21359297476707242,-0.6515722887389377,-0.6409960542442608,-0.06561958540505002,-0.9164648628795972,-0.869122308095271,-0.14843751218590592,-1.0895324427062572,-1.0390071210419924,-0.21950004420619254,-1.22935579137648,-1.2012261794501762,-0.27840742818618086,-0.5378322103584324,-0.8372784978941823,-0.09849482455959245,-0.7907877328160852,-1.1736901830072441,-0.17850782997713582,-0.9570125049778865,-1.3972122563803162,-0.259364300812462,-1.1042052414668655,-1.5966988123703512,-0.32137656720406543,-0.37267127123451327,-0.9441926156465784,-0.14736036028650976,-0.5691818114134094,-1.3193882080577064,-0.2543160994811371,-0.7037024891134476,-1.571848903938581,-0.344445011755054,-0.8324847662017173,-1.7974995254312265,-0.40893990070220765,-0.16703122481625424,-0.9793470890798924,-0.20274335079383518,-0.18316786348206884,-1.3423942921114076,-0.30862102296861466,-0.18847159290482435,-1.6046544947088652,-0.3701555082800466,-0.20766310209829095,-1.8425963084737802,-0.41451821036266545
Normal/Neutral,Normal/Neutral_7_1790511067,"Tilted LEFT, close to camera, centered",0.0,0.0,0.0,0.15057992478083418,-0.2551703174731645,-0.2260453287949282,0.17521997986354315,-0.612024271071814,-0.35067418998269784,0.09878586299003655,-0.9326536825102228,-0.4469169051953153,0.030423535372220152,-1.2310468113474071,-0.5400677787324575,-0.28303533635444855,-0.9503647817274787,-0.2871260127921123,-0.48512612465494076,-1.2842498627017844,-0.43646499102019987,-0.6387467868360741,-1.483152281475715,-0.5380251930368365,-0.7775043617712907,-1.65433033372072,-0.6111566218156148,-0.4881842344262498,-0.8335324380813744,-0.2586500104847785,-0.6951051363592735,-1.1831316543171535,-0.3858542761337815,-0.8225501051259952,-1.3918296243006674,-0.4712874132996935,-0.9314551430380403,-1.5676079860765182,-0.5342991827557507,-0.6123336049632181,-0.6194123507399264,-0.25012508638069353,-0.878313918829158,-0.8123347106078991,-0.37328914183186673,-1.059066415376673,-0.9241310483004156,-0.45459641794668093,-1.20440327491751,-1.0274866595399774,-0.5125574732820596,-0.6699373487184341,-0.3372253321424725,-0.25949832824177316,-0.9156917310131703,-0.4004547736641872,-0.3787051821626796,-1.078934727112715,-0.42875258256393806,-0.4452557630426287,-1.2261061002249103,-0.46545923554247076,-0.48831264514437905,0.0,0.0,0.0,-0.2647374725325879,0.028596341559391173,-0.09038985297577587,-0.5658993533319506,-0.11149356535839591,-0.13854683211213253,-0.7971941144106954,-0.22933378364046092,-0.18637945715134063,-0.9896932617064472,-0.26709612822042944,-0.23586613399458517,-0.6457399373712627,-0.6742459379675158,-0.07511458126305598,-0.8735041914117463,-0.9725969242280964,-0.16157334177349836,-1.012349262161603,-1.1685111379422177,-0.23472476715635737,-1.128111015250367,-1.3451370664940456,-0.2946641715780375,-0.534744982924689,-0.8376990860233112,-0.11094162659968176,-0.8183709262290122,-1.1527099249511794,-0.20572745413003315,-0.9969478635611227,-1.3702249744721788,-0.29415296633490096,-1.1626077342761127,-1.574811831641681,-0.3590706028548645,-0.367179318413923,-0.9363713550861004,-0.16218731542507164,-0.5873556435978078,-1.3073450829576978,-0.2879183273049356,-0.7327732641821164,-1.5613616198332332,-0.3863428707660952,-0.8725671375596106,-1.7910524060383708,-0.4528586522748526,-0.15671495828794463,-0.9748401392960463,-0.21853464299445033,-0.17210585419517346,-1.3475606964706466,-0.3420677215452772,-0.1757412101541999,-1.6205894222841852,-0.41423775702450977,-0.19523883713452347,-1.875346577045703,-0.4636050436121589
Normal/Neutral,Normal/Neutral_7_1790511067,"Tilted LEFT, close to camera, centered",0.0,0.0,0.0,0.1537696202655187,-0.24275717326354146,-0.2205486336945948,0.2157723794841368,-0.5674688701175129,-0.3499779022675551,0.17745096634967125,-0.8806659444593462,-0.45407507490461085,0.10737105414644124,-1.1580352082591936,-0.5575881097494487,-0.20124711408084925,-0.9438480611710118,-0.31058983378484994,-0.3327245228221882,-1.3397071697062104,-0.468351949715654,-0.45096147493992145,-1.5757491392380494,-0.5719097883706998,-0.5649741203743371,-1.7760541179320726,-0.6453420212177082,-0.4188896955093458,-0.8585776227381415,-0.2955941283743793,-0.6135601946491984,-1.2535602215640747,-0.4283074729468738,-0.7386273036561289,-1.4981094606585215,-0.5155695381430732,-0.8516600010194514,-1.7039906306647394,-0.5800820033526224,-0.551384085809346,-0.656131584669352,-0.2983422901996392,-0.8179846780704877,-0.8824584431773066,-0.42806912533430885,-1.0003969196705147,-1.0253619057393002,-0.5182571174249649,-1.1434286899556545,-1.1489795573751231,-0.5831085764874013,-0.6150801043885317,-0.36866220009877093,-0.31797365321758264,-0.8658067932704223,-0.4029804469020417,-0.4509307564908315,-1.0393184874182386,-0.4224447804497559,-0.5272389610661325,-1.1918052901845293,-0.4516660419108818,-0.5757319646241368,0.0,0.0,0.0,-0.2556454686459215,0.014746602370294053,-0.08092218848492932,-0.5459893930689893,-0.13728840989815091,-0.12039461673733118,-0.7624799829083203,-0.2598634871786259,-0.1604338266853223,-0.9475947826788658,-0.30355891149796443,-0.2038467813239157,-0.6102810352267157,-0.6921639297946516,-0.06354784667363836,-0.8247402739528266,-0.95846735507267,-0.14616164150634456,-0.957001675945026,-1.145533434453373,-0.2187549704007402,-1.0663846929749474,-1.3177578427147205,-0.27954658717795616,-0.4943290520671707,-0.8631652867874742,-0.10288088241976664,-0.7485078934836898,-1.1894619194231761,-0.18879889807207628,-0.9164624823798887,-1.4061230813879766,-0.2759299883766789,-1.0727196503523482,-1.6045597451589275,-0.3429180319357116,-0.32573983833022835,-0.9549289531187055,-0.156900919412004,-0.509852925497335,-1.329683411397994,-0.27574002326069375,-0.6346527666497738,-1.5875308894736744,-0.3766348145329519,-0.7590761252130006,-1.8171313994748413,-0.4479209050322171,-0.11706488224194073,-0.9724675427857811,-0.21530900836823408,-0.09945880496787049,-1.3329178174517409,-0.3369514120915062,-0.08239314569617175,-1.5973314173517692,-0.4115972735543188,-0.08388114831067596,-1.8363298567479247,-0.4644714864758182
Normal/Neutral,Normal/Neutral_7_1790511067,"Tilted LEFT, close to camera, centered",0.0,0.0,0.0,0.2106236812865128,-0.20508312211111263,-0.2170389995225971,0.3486475942085823,-0.5088716084868748,-0.35023310816479303,0.3842381955063722,-0.7890452323200724,-0.45976595194545244,0.3953466706172106,-1.0570200963940255,-0.5712196569731586,0.003158165834333121,-0.986036550918986,-0.3202931951186163,-0.012303385778595653,-1.4824491480850617,-0.49255053775542623,-0.04976022538865407,-1.8046933019331552,-0.6125312633602423,-0.10016804507370694,-2.0798530295143354,-0.6950269320346295,-0.2479635752766732,-0.9212736790377775,-0.29961454178361874,-0.44194028309248007,-1.2687612379183864,-0.4577647868316052,-0.5880495000316073,-1.4844645803833658,-0.5709404277916438,-0.7253000862634604,-1.6817451378392385,-0.6516292821093419,-0.4222959553379631,-0.774534373411117,-0.2920876508369417,-0.6168581159356451,-1.0572137677614475,-0.42801317797393584,-0.7585162657264196,-1.2468847072471174,-0.5057510350341458,-0.888044228828641,-1.4245660484269467,-0.5595555316435329,-0.530834444300946,-0.5739469996466643,-0.3015936267310445,-0.7243839971433764,-0.7533669444536836,-0.4217846687518158,-0.8513807352596877,-0.8591694856569613,-0.4735508149824694,-0.9630355849419123,-0.9645301517759148,-0.5009159541606555,0.0,0.0,0.0,-0.2623624051899,-0.056376040907361445,-0.07804728190681294,-0.5179508104093458,-0.2849000730257535,-0.11783000725643449,-0.7012803358419184,-0.4576496251698553,-0.15470355275526051,-0.8750654205190469,-0.5391919432585555,-0.1984105003288735,-0.46978403843036787,-0.8385373853732094,-0.06451457571523615,-0.6122899108835094,-1.151450716435231,-0.13215716310100073,-0.6928726659228716,-1.3576447741130901,-0.19705211786825036,-0.756076504932913,-1.5418476225587963,-0.2502158600735561,-0.3127275644811992,-0.9443751029997615,-0.10177001153506451,-0.373414466026285,-1.3863029576374963,-0.1572912123482049,-0.40817131993706757,-1.6787213196418171,-0.220395127441061,-0.43859334858758886,-1.922991331451831,-0.2701360857519773,-0.15230202325754544,-0.921115480531901,-0.15271572195855435,-0.1444488001497114,-1.388755174319138,-0.24138622124390266,-0.13444397780212825,-1.681059337560961,-0.31605998506914557,-0.13778370064085382,-1.9309511726762583,-0.3708075116822527,0.004149629265689775,-0.7944415832696213,-0.20765505725331906,0.06891589645528545,-1.0800004388781772,-0.30448193415940233,0.10866864055413526,-1.2069573469208936,-0.3401929916843808,0.12580041122450306,-1.3094586837139037,-0.3638960819376578
Normal/Neutral,Normal/Neutral_7_1790511067,"Tilted LEFT, close to camera, centered",0.0,0.0,0.0,0.20127464140520013,-0.20795609740401413,-0.21904699098641603,0.31687371073560344,-0.5086859475562818,-0.34321919310496724,0.3550439138553773,-0.791404939499714,-0.4437882962448899,0.3202608204578598,-1.049742605798663,-0.5441305776549203,0.010630477627774172,-0.9898691328326432,-0.3024632755767476,-0.02147669246451053,-1.463464019459998,-0.4583481587952072,-0.06590007590468083,-1.7692248648794187,-0.5717343223639947,-0.12013994662200646,-2.0366673877691235,-0.653211015712796,-0.21226248931898992,-0.9359943626884748,-0.28081878256894016,-0.3553306453106166,-1.273640954343206,-0.4270772369492765,-0.4808674208174037,-1.5040062656318534,-0.5364777266655878,-0.5982637596947511,-1.7059481107858578,-0.6172100911019196,-0.3785753077567272,-0.7931466531611954,-0.27534729421553084,-0.5484896625310239,-1.1011781593611059,-0.409077352194027,-0.6825146043078082,-1.293703537384062,-0.498855263259425,-0.7996619079864659,-1.4645506134997008,-0.562354996152776,-0.489217286030667,-0.5882563698667493,-0.2872795699687189,-0.6957342838586293,-0.7338494864296603,-0.42256337123573123,-0.8444659858548892,-0.8139787996150751,-0.4947818462051983,-0.9747143047340513,-0.8910295037328945,-0.5366449052317585,0.0,0.0,0.0,-0.26685094812548416,-0.060306441412779827,-0.061799236699418246,-0.5274638121473958,-0.32243024038540397,-0.07942495918098359,-0.7046335624804859,-0.5150751156005589,-0.09226472328874093,-0.8806812337141372,-0.6237329806845945,-0.11619186006675356,-0.48879180505102754,-0.8526053395026914,-0.05785151878640491,-0.6122248544848353,-1.1932116222506843,-0.10697953045042284,-0.6802239517596941,-1.428244294002099,-0.1469831597751179,-0.7437148299072055,-1.642097785470292,-0.18913127685401593,-0.3218470402334077,-0.9405670418082275,-0.10838875659917584,-0.34303692450565343,-1.430554181383579,-0.151461859307734,-0.3546535958441122,-1.7538274445295614,-0.20538137472268633,-0.3730855304443136,-2.0349162869307458,-0.2500019564694853,-0.16159009430820978,-0.886286946216133,-0.1714168962836716,-0.1666256521448327,-1.32273674668778,-0.286206338689865,-0.1904803279346456,-1.6310811228915942,-0.40078516129639946,-0.21220307016050768,-1.9141557225066166,-0.48482272268818427,0.0026910497406424354,-0.7538172212983817,-0.23196774196146835,-0.06128987040438812,-0.8207638154024596,-0.38486853867953913,-0.142970170900769,-0.665451443407178,-0.4554657784153058,-0.21305336828862614,-0.5279040136960205,-0.5028459823324342
Normal/Neutral,Normal/Neutral_7_1790511067,"Tilted LEFT, close to camera, centered",0.0,0.0,0.0,0.18683518246966913,-0.25345388104916544,-0.12375664015723783,0.26122178152146497,-0.5761455142731889,-0.178884535732781,0.25897684129951265,-0.8332207642470771,-0.23215893655954534,0.14062555132545954,-1.026757056448562,-0.2781132658742289,-0.05527171950589861,-1.0520225782377652,-0.12451242803257856,-0.15474484308658346,-1.4863825037482796,-0.22469872418830902,-0.22846567285618866,-1.7434627800310996,-0.2878865552846154,-0.30220829774124724,-1.9655005837082544,-0.33248120303792555,-0.2503083649234676,-0.956819607406225,-0.14779026129057904,-0.4942110024253501,-1.3722784448214331,-0.2670571627649231,-0.6295833676332916,-1.651440682808776,-0.36426894562425377,-0.7324617288546401,-1.8712418656718652,-0.42431080562724344,-0.36319969682981623,-0.7601028748980175,-0.18271697713494414,-0.48467878085755833,-1.0066731392048507,-0.3638799266450473,-0.4225342555065554,-0.9717943682814583,-0.4628051392219377,-0.376461742936605,-0.887420320061565,-0.49730485712348815,-0.3970166816565318,-0.5072989475900079,-0.2242345055612508,-0.28083955194201915,-0.5325329249576405,-0.41409249289028754,-0.12081760444024311,-0.4785878043676904,-0.5012213050466957,-0.0007104427693327598,-0.41032688933554023,-0.5326279364243348,0.0,0.0,0.0,-0.27459866687539203,-0.1567761935516051,-0.07541151145708844,-0.4976989762860804,-0.44743547570895814,-0.13922610839307367,-0.6481790647629603,-0.686957954537102,-0.22193278497232044,-0.8000843867293113,-0.8830412670955798,-0.30051839428689753,-0.4083351289684841,-0.9128237792971522,-0.10012317062789741,-0.4178500512880125,-1.3427733212830486,-0.2404000586823881,-0.4016295570391811,-1.610591998601625,-0.32731810610854856,-0.3708580379660332,-1.8562275966943778,-0.37771353656640927,-0.24042755348969386,-0.9586020886873156,-0.1525667954938964,-0.3100369187679122,-1.356154817022931,-0.3309766117501527,-0.3454821366940579,-1.6544113234136635,-0.4384294856471097,-0.3689117961323452,-1.9100884589777136,-0.48454190979641304,-0.06439265560894222,-0.899760937119826,-0.21219768926682692,-0.27476330313351893,-0.8431527391358584,-0.4156613445483654,-0.41509218158531286,-0.517339962948339,-0.4338861450697031,-0.50060466182425,-0.26657260681589057,-0.3877894369718721,0.0858133789109111,-0.759845943007348,-0.2786141900230789,-0.11500785593252755,-0.6494010090028455,-0.41422663895219597,-0.22273773585563902,-0.4289632535664674,-0.3974837771330744,-0.2859753891088055,-0.2596459907464192,-0.3476724316043941
Normal/Neutral,Normal/Neutral_7_1790511067,"Tilted LEFT, close to camera, centered",0.0,0.0,0.0,0.17537939834831023,-0.30713108875743683,-0.10913769134565375,0.22574212161978008,-0.6259075561289383,-0.18255618860821876,0.18527243088816975,-0.8579716183450976,-0.2692535710336454,0.10159043363073805,-1.063369898709052,-0.3447242089977185,-0.043745115663080945,-1.0761575864660657,-0.1303194049481643,-0.16714900056923587,-1.52491344243893,-0.27905680277249045,-0.25434732336235427,-1.7892766200645043,-0.3584061239140119,-0.3447202633118135,-2.012180553139218,-0.39717002449242134,-0.21807433234691181,-0.9633631270370112,-0.15612517746001126,-0.18443545341742923,-1.1340795058145583,-0.3895814764844243,-0.12597325271754184,-1.1548978997836672,-0.47599432191739893,-0.08814044818731881,-1.158943633928025,-0.4727800170129267,-0.36294548576941593,-0.8004799553506434,-0.19532156039637055,-0.15294861690269093,-0.6811493220241348,-0.4265006574192742,0.05877572048698665,-0.4898366574868638,-0.4400590570833501,0.2040219611615606,-0.3411154345452316,-0.36850397118563205,-0.46587575003591736,-0.5941299744198842,-0.24654564650806418,-0.2465045858423677,-0.46369428857450296,-0.3808720068685479,-0.07704711854331703,-0.348805103534939,-0.3743401731194239,0.04126908341268862,-0.26971095626894587,-0.31710428804176044,0.0,0.0,0.0,-0.2795001518657304,-0.13912600930018515,-0.05143157638121986,-0.5005160403374674,-0.38125582406685515,-0.09543537450670675,-0.649688472469425,-0.5735762953666761,-0.15577539124776077,-0.7954775086499952,-0.7519812619564054,-0.20649014605572363,-0.3829889050099762,-0.9258185988965345,-0.026557749620977483,-0.49471044885553206,-1.1788608848004232,-0.1663841651321971,-0.5979698525906068,-1.0934400418709393,-0.2483108747346209,-0.6650049280233052,-0.9182225891191853,-0.2799276874252335,-0.2256849043408419,-0.9723184533567971,-0.06052395570772886,-0.43323037032500594,-0.8440580773853055,-0.2144755822708552,-0.504610042129931,-0.5233353222177604,-0.26210262017393765,-0.5188817110512605,-0.29535282240092364,-0.2600218443781257,-0.07752338140724785,-0.9062337506904277,-0.11245473506883713,-0.2979721304601692,-0.6498389112449685,-0.253929545627805,-0.3128261959498515,-0.3506097885293854,-0.23420330219850127,-0.29221460720204434,-0.17759322061220528,-0.18388075251617336,0.05734391450762133,-0.7809207935209156,-0.17116331342279273,-0.13154599492154426,-0.5706465945448042,-0.256003697687998,-0.14846568159210846,-0.37372814335168036,-0.22835780424748084,-0.11911289454712476,-0.28222642402710724,-0.1786146366160569
Normal/Neutral,Normal/Neutral_7_1790511067,"Tilted LEFT, close to camera, centered",0.0,0.0,0.0,0.1682373598521718,-0.314638205755457,-0.11009537613236511,0.2139148756012139,-0.6329794850545107,-0.18872075453484885,0.20553571463861453,-0.8932501576935841,-0.2759154806404601,0.15183331154037535,-1.1077818819356773,-0.3561694885326254,-0.043894617800892925,-1.0742269552768142,-0.16752452055755254,-0.17801420363255807,-1.4905099809055848,-0.3182629550354559,-0.2653497654347252,-1.7513596697630538,-0.4072462314332897,-0.3431959197901869,-1.974743640403187,-0.4599871955758592,-0.22212635786273308,-0.9556985160981231,-0.19313266805613838,-0.1727123499302335,-1.0535810817098117,-0.42214612568116616,-0.014148064928206543,-0.9706187227537855,-0.49512851677894654,0.1202123422880075,-0.8772733455242658,-0.49597934093744916,-0.3584291447033049,-0.7774872685984616,-0.22928776306599802,-0.18794607026793164,-0.6845782253082556,-0.43838555791655975,0.0130254328295968,-0.5081723049786445,-0.4309884635876034,0.1578873999097536,-0.36769295381165135,-0.3680668621125299,-0.45857080136185896,-0.5580642625151899,-0.27922939817635256,-0.29726717874041286,-0.45688811429469384,-0.4084119654703721,-0.13359524647147838,-0.3358092293774136,-0.3961485857222355,-0.0068581174243562155,-0.24468623673723036,-0.34675281842200495,0.0,0.0,0.0,-0.26416472690670834,-0.1441722572728561,-0.05798624823391319,-0.47833914943077294,-0.36607892846196405,-0.10865268967148016,-0.6250151342586543,-0.5087714803007677,-0.1729962224805695,-0.766590437472806,-0.6429668689916267,-0.22360780559022722,-0.41292614453930676,-0.9108828606067967,-0.010248572232038821,-0.5735430019471283,-1.0367601920595813,-0.1647875451563455,-0.657896334355765,-0.8764932197610144,-0.2573794943114692,-0.694536717699741,-0.6789838102965506,-0.293910365085668,-0.263454180945217,-0.9635466921308514,-0.04657968040014032,-0.4553951435892249,-0.8427923284875094,-0.20918553485599997,-0.4712242202235418,-0.5258325835493801,-0.25935765949286377,-0.44496716322147395,-0.3687620884645258,-0.2543624495452931,-0.10787008531657068,-0.9171785068097162,-0.1054996827845706,-0.29497567820057685,-0.6834289675455312,-0.248979149581531,-0.2783483802414136,-0.40016505254708173,-0.22726308863345182,-0.2363926984026464,-0.2979473342311614,-0.17550864410095535,0.04106994841939899,-0.8109667430305693,-0.17391599745163144,-0.12610754050740386,-0.6108025823404968,-0.2504087927096454,-0.1354455381456244,-0.4010960114332085,-0.21971643581439315,-0.10324353639405684,-0.3391714084289721,-0.1713779630330588
Normal/Neutral,Normal/Neutral_7_1790511067,"Tilted LEFT, close to camera, centered",0.0,0.0,0.0,0.1798861405216128,-0.35309936126983027,-0.0913037016133654,0.25533399335066453,-0.7171172236985682,-0.1510599829027744,0.2740787014563163,-1.014003843987909,-0.22449975674823808,0.21965594355742224,-1.2435094044801118,-0.28066158278000625,-0.035607305803437114,-1.0829305327926682,-0.05358527410750114,-0.03204420139014654,-1.3241907111595055,-0.24982857784114818,0.09479515654426912,-1.0779396432216184,-0.37215138889514515,0.1929913939832337,-0.8390979484689733,-0.4145128617305754,-0.21839691719824617,-0.9732440018937074,-0.07140657768177595,-0.14871813782810134,-1.0708620414506158,-0.27661271396002074,0.025221221462610542,-0.7888861064585899,-0.34317242284755967,0.15583120579372667,-0.5701204444559598,-0.3381576771973911,-0.375834369519487,-0.8019401152724691,-0.11643947804235054,-0.2804838585252892,-0.8128782099731604,-0.3000273731902959,-0.09540387513564211,-0.5544290318783447,-0.2954036741282482,0.03928947866295106,-0.36969452596221364,-0.23606614003215592,-0.5107332671073677,-0.5903617035150536,-0.17244979559928128,-0.43348657642302985,-0.596459251397996,-0.2834339511927346,-0.26987452084779373,-0.45026505377075393,-0.2708004734793718,-0.14234241817166393,-0.3423372316463109,-0.221441963183566,0.0,0.0,0.0,-0.2600302905918362,-0.10691081524606219,-0.05957105015613701,-0.5040097777027341,-0.31563036337842953,-0.11386156464563706,-0.6721347399091631,-0.44431254637986456,-0.18426966296912237,-0.805207410090321,-0.574493459517206,-0.23885318370285236,-0.4265687426450649,-0.898428564432174,0.0025221927214778505,-0.6013854448551109,-1.052844980790434,-0.15892156551506426,-0.6722727049164235,-0.8412730192474992,-0.25849225768156237,-0.6762842691928087,-0.625407793014115,-0.29926548556002625,-0.2778996442318489,-0.959830074517103,-0.038704208922343976,-0.48014900073094013,-0.9446650273660485,-0.20318109830846234,-0.5009679028404977,-0.6215222157944235,-0.2526583400282221,-0.4631030656196853,-0.47582487314596406,-0.2447274941529952,-0.11368841180045873,-0.9314659378533089,-0.10549921747274951,-0.2928650880168857,-0.812181987101852,-0.2525516313518206,-0.27981069564420696,-0.5038029176221394,-0.22578080254674912,-0.22851359231093119,-0.4044039385572,-0.1675845636186978,0.05859963138551282,-0.8476292017746487,-0.181272552418494,-0.102493836686618,-0.7450328093506945,-0.2539979251676355,-0.11523400457507976,-0.529497632485123,-0.21524820591990032,-0.07589614172541706,-0.48102592660091686,-0.16120336509807404
Normal/Neutral,Normal/Neutral_7_1790511067,"Tilted LEFT, close to camera, centered",0.0,0.0,0.0,0.18780798784441424,-0.3094526764666772,-0.10285015925759931,0.27519123171928467,-0.7112559212992652,-0.16462357257872803,0.2939503482192135,-1.0291014403097092,-0.23359975922852586,0.20854589065459098,-1.283866666759779,-0.2898050449378715,-0.013441500860681601,-1.0906744806782898,-0.09238178230216997,-0.026204445231211307,-1.320887096330962,-0.2866382290729108,0.10108299226217923,-1.078106434382433,-0.4048680084023441,0.20212577227255973,-0.8396724339530857,-0.44590890538483885,-0.207939221142215,-0.9721738243461618,-0.10788575238152237,-0.15600989714502556,-1.0801293733410127,-0.32204231303802966,0.030060779971550426,-0.7642726431858621,-0.3893808355261614,0.15890942277849474,-0.5284308174604065,-0.3846668835839861,-0.38153086451025753,-0.7870988551227436,-0.1476704711564444,-0.34558884064152173,-0.8715488274040926,-0.3458853240931015,-0.14165705329131684,-0.5892006231510974,-0.33953825460064435,0.0021496378624883436,-0.38722438387517627,-0.27943286038690984,-0.5316429478854973,-0.5577689893292818,-0.19569207107517628,-0.5302937662161638,-0.6434861527213344,-0.3359792935037894,-0.34967099041394684,-0.4927532548205232,-0.3250571710469468,-0.2009876544072655,-0.3715565589733248,-0.2728988493897024,0.0,0.0,0.0,-0.26752514587813153,-0.06814130597098868,-0.09379059527212445,-0.5394236981135933,-0.30173679840441153,-0.16543183914691575,-0.7221659613185664,-0.43471106489799755,-0.2507681803179721,-0.8420438112377479,-0.5851537423107496,-0.31580278127827743,-0.5193993427290552,-0.8818298876690516,-0.03510385125314513,-0.6941262157299384,-1.178280312732448,-0.24333819539614626,-0.754770239251498,-0.8988293086993383,-0.35994277325056173,-0.7273601504104557,-0.6711525695216133,-0.40203375848413636,-0.3547338661442632,-0.9316378241645239,-0.07883431230330892,-0.5491710225911963,-1.230781158912453,-0.29856974781140644,-0.5918763341501825,-0.8221002431437457,-0.34882925096924106,-0.5270544680120532,-0.6212240068095605,-0.31675488118172274,-0.16469916317035874,-0.9117614275255742,-0.15554831849271158,-0.32584126496415916,-1.1296772263902126,-0.35084202445685836,-0.35535091563677157,-0.7312986568966359,-0.309771369591208,-0.29266845025625704,-0.5721456773799275,-0.22055991121250063,0.05071243140374535,-0.8484331681109748,-0.24293264521481642,-0.08041109004447815,-0.9653229977187716,-0.34691428456651424,-0.12796343731954238,-0.7092621836017445,-0.2976519396417716,-0.08672863599278427,-0.6093620926523351,-0.2246152869532483
Normal/Neutral,Normal/Neutral_8_1790511076,"Tilted RIGHT, far from camera, centered",0.0,0.0,0.0,0.2517485528351966,-0.012661018005104585,-0.1372145358722721,0.4986557814837686,-0.13588471007976344,-0.21958489316285995,0.7108940884506583,-0.2717242995058984,-0.29134243320014624,0.8869660574493434,-0.3735994185362805,-0.36281232907055083,0.5469118124239709,-0.7252209122086417,-0.1680641695241394,0.780174819635331,-0.9717291685911204,-0.27558592494763023,0.924429207716992,-1.1567437665943099,-0.3546152070818541,1.033739275532887,-1.3201246879636852,-0.412178719338925,0.4112675425840386,-0.8926893684666926,-0.18429514329852412,0.5870461257110449,-1.2941979437340698,-0.27808351572291723,0.7032723564188186,-1.5539880844129668,-0.34391604830751854,0.7922708132391418,-1.7789189633555729,-0.39084602490304793,0.24174264140070367,-0.9403079177397518,-0.21677572598211137,0.35894414893927157,-1.3456245643879705,-0.32731929491003914,0.4548719796536623,-1.6198983332585193,-0.4097974870059908,0.5401293855234774,-1.8478352741260298,-0.4644944912516602,0.047261852213969155,-0.8924422211026735,-0.259599138764659,-0.028770717319975995,-1.2295327302216916,-0.38744111774091733,-0.0762347994905233,-1.4680681975949441,-0.456901518555354,-0.1075484314856023,-1.6855061009655017,-0.4964258392221464,0.0,0.0,0.0,-0.16273547915937253,-0.21494603047611724,-0.11164394174321932,-0.22900106753531016,-0.5202801488613196,-0.17340151031329556,-0.2395252540829233,-0.7654444611400607,-0.228299468687878,-0.3199441182810672,-0.9678065465208616,-0.28655572539977564,-0.01469406776518825,-0.991829466801052,-0.1065871109920345,0.0024866088454747618,-1.3645402482269162,-0.19335837750324283,0.037143252851531014,-1.612827902074367,-0.2666395636232066,0.08900048931884168,-1.8227529359679715,-0.3241984304419192,0.17986004669096553,-0.9753060132599053,-0.12817388229820048,0.29748306028379495,-1.3801102304209993,-0.1993122473685954,0.3829345067275359,-1.6457603887650414,-0.27257391260375474,0.45655287394296895,-1.8692961830508,-0.33060405738694276,0.3280793602505288,-0.8590146806768126,-0.1660454520609022,0.49125720109130655,-1.2152745865170507,-0.2620298341428706,0.6024979505638447,-1.454250143973795,-0.34922159559327837,0.6970576431775752,-1.6747747190997024,-0.41465114911614465,0.43464448079960816,-0.6613209472740621,-0.21200502349121203,0.6488467308555618,-0.8083972059088168,-0.31498682292234575,0.7985145395485229,-0.9070017311782361,-0.3752598706917885,0.9228346408998386,-1.014698799735448,-0.4182011494840623
Normal/Neutral,Normal/Neutral_8_1790511076,"Tilted RIGHT, far from camera, centered",0.0,0.0,0.0,0.2492219053476089,-0.008361423985955256,-0.13956273956063742,0.4889425069381359,-0.11869193928793158,-0.22265636125549268,0.6941320549944507,-0.23985711048333902,-0.29694718105863777,0.86742266882386,-0.348972065972272,-0.37053061116890773,0.5632077186088179,-0.7179628253978284,-0.1555185387743716,0.7933789026521734,-0.9707750570350757,-0.26292010167452806,0.9301219560240422,-1.1611110744989193,-0.3439011033014234,1.0379062041092737,-1.3302811948633275,-0.4043579115176352,0.42725330416837365,-0.8878354274416406,-0.1708884661313527,0.5948859193801334,-1.2767042517479683,-0.26749793044659537,0.7054336079206743,-1.5299625785785296,-0.33976196955728105,0.7951697935365618,-1.7512620069554246,-0.3924701179978952,0.25786438303761766,-0.9390868876560885,-0.20361957565788252,0.3855977477634036,-1.339506480080435,-0.31690964851303854,0.4911165788949707,-1.6045683504378365,-0.4028262298628358,0.5868089058742842,-1.8250529977182899,-0.46020464556757607,0.06474732747430915,-0.8940336635628109,-0.2471214351822331,0.006721994905886633,-1.2377265380089626,-0.37743954289876264,-0.027686587162643064,-1.4821950450248964,-0.4500807615731943,-0.046965264077024525,-1.7027886349463346,-0.49218668543190913,0.0,0.0,0.0,-0.1695120365261939,-0.20822882276217314,-0.1167846371152422,-0.23458550158919128,-0.4979473259418102,-0.18474752274513462,-0.23644087393894617,-0.7316699924744955,-0.244509249031905,-0.3218760620146194,-0.9054027957504251,-0.30861142772041295,-0.02887316964712222,-0.997186325705204,-0.1173286367580465,-0.009905315885569739,-1.3727795528172821,-0.20518170183980536,0.03407520353993334,-1.6148071739108953,-0.2784654713042224,0.09270539003507511,-1.8159107785099668,-0.3346652451389542,0.16848225043152404,-0.9764230797151593,-0.1349507343036444,0.2880585437727216,-1.3813573787260558,-0.20647827053593476,0.37597106367213323,-1.6344636529500003,-0.28003603358772744,0.45267685187017365,-1.8433007772923025,-0.3373545369692401,0.3183506062247423,-0.8569589148172136,-0.16818787562776039,0.4964027423095526,-1.2044019810687259,-0.25989386360650424,0.6134856581894766,-1.4280968882198883,-0.34391760863756315,0.7086296030909134,-1.6306002836744116,-0.4068626151060288,0.42534559158238644,-0.6571435456888255,-0.20999119067148747,0.6365040803311951,-0.8024186467180979,-0.3036181781350539,0.7741496717319739,-0.9004210073347342,-0.35777549990263746,0.8835935270086808,-1.0076702396395134,-0.3971493215672717
Normal/Neutral,Normal/Neutral_8_1790511076,"Tilted RIGHT, far from camera, centered",0.0,0.0,0.0,0.24856260215749704,-0.009832435851028555,-0.1307931780982372,0.4846064300161616,-0.1188262571688077,-0.20987566860123505,0.6790474277262691,-0.23557370851150106,-0.2827379696479091,0.84650078212099,-0.33953707067626965,-0.3549738412179468,0.5562235370989188,-0.7318923434514972,-0.1361663735822338,0.7756783042317917,-0.9855307369762814,-0.24015551338447333,0.9101049143904603,-1.1747163346576264,-0.32189541522197973,1.0179285979272237,-1.3446455565052953,-0.3835865381677737,0.42434696518128945,-0.8922316770321133,-0.15444185845130223,0.5819599910626747,-1.2724470232992489,-0.24789396521264315,0.6839831749315946,-1.5227301246517138,-0.320087008970867,0.7674596142586289,-1.7400853424229217,-0.373377075909614,0.260365876261798,-0.9401170663771163,-0.19037765587538816,0.3888875607590214,-1.3355766851384887,-0.29762671818040287,0.4905379681158986,-1.6014742046097978,-0.3783527923663664,0.5846429903071948,-1.826116575825975,-0.43291403328245764,0.07272481188116428,-0.8951407302201468,-0.237339502542483,0.030267348067918712,-1.2356325094716398,-0.3603376894624483,0.01124117488486636,-1.4844249601218364,-0.4286738522399394,0.007644144632397871,-1.7109930903469552,-0.46852830590550787,0.0,0.0,0.0,-0.16428902955140381,-0.20822832108033854,-0.10114245763382569,-0.2270815174438883,-0.49614080717187725,-0.161474762866213,-0.23886896665327867,-0.7208861095517937,-0.21699412703847987,-0.33460661308992445,-0.8848073184367043,-0.2773896216078484,-0.025344104366024724,-1.002179542434618,-0.09380318444146034,-0.008311868571016774,-1.3740152980722204,-0.17099234939627048,0.03281242990282554,-1.615132535128557,-0.2381336697372694,0.08732837986982868,-1.814044069492974,-0.29049180052819673,0.16601717555924175,-0.9791468261924593,-0.11708881319991983,0.2973551262961513,-1.3712146282518045,-0.17789243640536698,0.3899103409641363,-1.613087845634368,-0.24396845423127073,0.46844081716625824,-1.8125822401618883,-0.2968011615311468,0.3101476846269088,-0.8642059235367696,-0.15553958443315818,0.4973664941072628,-1.204113088339319,-0.24026659035706585,0.6230973759094699,-1.4250904251169982,-0.3209760363784693,0.7252600434690787,-1.6228872298706571,-0.3822205645553464,0.4104347723497426,-0.6713015537956858,-0.20151942365425468,0.6301241638653092,-0.8206671096493904,-0.2914145510501739,0.7785623380178246,-0.9108668206307058,-0.3425224544303032,0.8963673146794316,-1.0058472453941194,-0.37977059913598515
Normal/Neutral,Normal/Neutral_8_1790511076,"Tilted RIGHT, far from camera, centered",0.0,0.0,0.0,0.24480161532309946,-0.025659493428951876,-0.1134369047820201,0.46186655068195337,-0.1390386457558629,-0.18448930221774568,0.6324547017084451,-0.24617203669725482,-0.25461306945617823,0.7975907794596885,-0.3551331261727804,-0.3222805205580388,0.5197485727258018,-0.7952019595470879,-0.0648515024047308,0.7130690390263356,-1.0588095513225828,-0.14919210090143206,0.8175093293722426,-1.240238595583169,-0.23081617467940682,0.9046685719446248,-1.405375579830985,-0.2939388548533946,0.404458626345598,-0.9108157266474085,-0.0826312995564326,0.5046294185561919,-1.322419812226875,-0.1582079143692693,0.569771974537714,-1.5883885757695049,-0.2383205058342011,0.6226186095642062,-1.8032058025155666,-0.29967196724662304,0.2731272158940396,-0.9221610348632587,-0.11775799768059295,0.3707875162076159,-1.3160544436546877,-0.19681532641312544,0.44750311248840474,-1.5707225691181304,-0.26257442596634734,0.5218834728762204,-1.7982040565932396,-0.3103487594206084,0.13167477120890778,-0.8450869695489098,-0.1644696779373416,0.16946419599825419,-1.1237798729553026,-0.2476013688276954,0.20659046818379062,-1.3244108815877675,-0.2884086969705971,0.24252842408443182,-1.5130442569985234,-0.3126981467322989,0.0,0.0,0.0,-0.14664596823497017,-0.22438098234110118,-0.10101859715182387,-0.20916486766226428,-0.5010720846550161,-0.1689098912187541,-0.2330899311638101,-0.7128350411706361,-0.2314843947883253,-0.3315953612475252,-0.8683645058614082,-0.29778623328041426,0.0017949440329815386,-1.0141516545999314,-0.09026412123127545,0.027568745342362998,-1.3723239619772123,-0.16834395155332005,0.06595229651186342,-1.5920061709388806,-0.23863612198082795,0.11790203581117906,-1.7825158841340827,-0.2950099525478542,0.16878530411950596,-0.9787673885137301,-0.11630099008735384,0.3302950942350552,-1.3541140168286105,-0.17796289214125655,0.4342376454715941,-1.5715612449171883,-0.24140499666483942,0.5224267085511207,-1.7537775003688867,-0.29332424185314726,0.2830229681764624,-0.8576836202010405,-0.15857382177429993,0.46662206220413066,-1.181720956081564,-0.2317149462552044,0.5831457736022647,-1.3899894802680688,-0.29341083384300204,0.6839808879354307,-1.580100066224668,-0.3428228141955509,0.35234847293389754,-0.6728771756811047,-0.21080186392018377,0.5095404662118564,-0.8799741805435578,-0.2790243376691922,0.6163273162712757,-1.0131722693353673,-0.31169674388957314,0.7096519920382725,-1.1484199761851672,-0.33935579600169774
Normal/Neutral,Normal/Neutral_8_1790511076,"Tilted RIGHT, far from camera, centered",0.0,0.0,0.0,0.2319103477052211,-0.03127956956801141,-0.09699122758859595,0.4444310869846535,-0.15688916601694153,-0.15527482267855644,0.6029379681293087,-0.26276598687621994,-0.2145895082333245,0.7531087766984116,-0.36206718985775216,-0.2725490229823005,0.5106829743549617,-0.7980094586324771,-0.04560913027739688,0.7012918622901563,-1.082073659645313,-0.12082414755408649,0.802787864841578,-1.2655310704929468,-0.1973832128240382,0.888005634446056,-1.4370962739390285,-0.25560681619822445,0.38751975852077647,-0.9193633125771008,-0.06781988088502698,0.4908539159222506,-1.3390023332441716,-0.14090431480668028,0.5523043218739865,-1.607510065273571,-0.22231597665777764,0.6041137827853772,-1.8285616890740037,-0.2823498608457964,0.25656437117676295,-0.9339872776308854,-0.10547307728946963,0.3563657752697991,-1.3312978679508738,-0.18517031361475114,0.43480984776478604,-1.5927118109163905,-0.25320316556208017,0.5044009017304455,-1.8123619731008802,-0.29754373762730857,0.12427991302882067,-0.8655014853578225,-0.1530123545463787,0.21705420111896861,-1.1681946297054686,-0.22631066809210285,0.27789607499792157,-1.3557870466184714,-0.25745316478969293,0.33150203285908003,-1.51046757815011,-0.2733339374637634,0.0,0.0,0.0,-0.14257559429892888,-0.21864498659251408,-0.1014693450905003,-0.19944477298244462,-0.5042656922334106,-0.16834597620136618,-0.2140684832083554,-0.7209891121223543,-0.2293848611479437,-0.31279450531222697,-0.8695911608526157,-0.29388052001292414,0.02913638472689326,-1.0203143353384665,-0.09450471509673654,0.07563097288484766,-1.3763957936828408,-0.16974457084097277,0.12268760785661444,-1.59041391017061,-0.23724643372123472,0.18002344183768113,-1.7815089683431748,-0.29268867456087466,0.19275191341850967,-0.9736684562357214,-0.12172278835555184,0.36988403839830664,-1.3362952988598904,-0.18048980510296794,0.4890436864175081,-1.551632489234523,-0.24270895735630868,0.5952222661208207,-1.7344538596356682,-0.2949506220423449,0.29961445029341677,-0.8370389967114329,-0.16442254698541237,0.49087806527521555,-1.1397683615768506,-0.23398919500697168,0.6164459245738277,-1.3310934086951218,-0.2922572187328242,0.7295608029905745,-1.5059771556366366,-0.3398238405984037,0.35801027480318054,-0.641239896697468,-0.21727540896401468,0.49184266428765117,-0.8415731462623716,-0.27912643343216303,0.5838006583127738,-0.9699256747036876,-0.30498321013422997,0.6655450826917845,-1.098021027617163,-0.32871487848490366
Normal/Neutral,Normal/Neutral_8_1790511076,"Tilted RIGHT, far from camera, centered",0.0,0.0,0.0,0.24533372647697277,-0.054453355565304055,-0.11528334683764017,0.4650910340821964,-0.22392716297329257,-0.19328070062546443,0.6417930496412892,-0.3634318026536573,-0.26833042039661276,0.8053439258692802,-0.5060239142187899,-0.3451885422729811,0.5230599652715547,-0.8148487183376392,-0.11484323808686674,0.6694705970064003,-1.1729892095997836,-0.21592673193033637,0.7520108615633506,-1.3828413635597394,-0.30098593114668615,0.8252270838579678,-1.5752529756719578,-0.3652197047142009,0.4211129312302576,-0.8952368165574639,-0.14565349783207338,0.5865371716322424,-1.3276875612382197,-0.24233720129143133,0.7002811479426243,-1.6162274167082966,-0.33415658527831504,0.800006553353209,-1.8663821546118944,-0.40466851659505115,0.27862310712793753,-0.8921949822466839,-0.19253834883466478,0.4502742821320053,-1.2951774077496119,-0.2963482377014214,0.5711000239836888,-1.5460039498020852,-0.38343854720742215,0.6824649167387185,-1.7604549099705378,-0.445396954165573,0.10012386060992552,-0.8219341899464337,-0.2486928423231713,0.1359973232924382,-1.1460031085412619,-0.35807811265479483,0.16537606152457304,-1.374003133801944,-0.41922618795555644,0.18771020077798112,-1.5867119245856625,-0.460177121935224,0.0,0.0,0.0,-0.15182194778483804,-0.23341373561749404,-0.10325026151067389,-0.20892417386119028,-0.528976796141346,-0.17353604640941508,-0.23058578069784275,-0.7588509744013339,-0.23890208073930327,-0.3367782561555138,-0.9270872051900871,-0.30918500067424176,0.032524358942233225,-1.0296371334226428,-0.11587845144076116,0.1245675347271869,-1.4032333742727228,-0.2048605064208211,0.19871130964851935,-1.6282236698223747,-0.28091978869918316,0.2781623369960727,-1.8202665343724853,-0.33952283412517315,0.20303827316146555,-0.968503618019737,-0.1441395210006245,0.35527793514922734,-1.380061447816853,-0.2176175329049455,0.47369624055565396,-1.6475256379003735,-0.2942938862181136,0.5827855292837671,-1.8687035223970228,-0.3564054084852045,0.3226458238021544,-0.8133272565122279,-0.18611689622333372,0.5312471373269281,-1.126097760927922,-0.2753547391404809,0.6800188784546922,-1.3307791094339045,-0.3541204820293541,0.8043663442740205,-1.5154195028349582,-0.41440306597553206,0.39907065561783756,-0.5909681635628928,-0.23603843159530474,0.6081621135992485,-0.7377977816958757,-0.3260815649873877,0.7462667635259844,-0.8279639224948648,-0.3710732045940095,0.8604396638695369,-0.923635754771345,-0.40429433265501513
Normal/Neutral,Normal/Neutral_8_1790511076,"Tilted RIGHT, far from camera, centered",0.0,0.0,0.0,0.2473506904148647,-0.09942748682790056,-0.09628291268954349,0.4806876505444829,-0.3192800547277177,-0.14686033372075047,0.6546689160411637,-0.5333313510674449,-0.19500528242604415,0.7390399522491138,-0.7653139351820343,-0.24095354036660113,0.47574270684273245,-0.8466645636796017,-0.07546223717978108,0.6346811980990515,-1.1907828923102326,-0.15597731141073293,0.7382251715742219,-1.4072919998363518,-0.22286365321253107,0.8226517421720171,-1.598076251791825,-0.274604246442424,0.372432578736742,-0.9223445714857262,-0.10283222134288658,0.566987367101252,-1.220394326298547,-0.18327118185902505,0.7037544784744592,-1.4042214454008104,-0.2580056804149085,0.8304151597673439,-1.5954970627365832,-0.3156865365929086,0.22654384022253693,-0.9524919745014078,-0.14815438343263132,0.3756591682303182,-1.2670771974995507,-0.2503491354373527,0.5265494209254816,-1.4772640359295048,-0.3382799933801839,0.6679812138278066,-1.6627533013920115,-0.3994814294084496,0.04346457042232964,-0.9324785615430986,-0.20098613417493827,0.011197328570395728,-1.2904345888762394,-0.310013481091463,0.007175229664075351,-1.5468268685288271,-0.37855662044216903,0.015755707330892158,-1.778730347220568,-0.42635953014657424,0.0,0.0,0.0,-0.15739528268957767,-0.24165973671831237,-0.10820481137602121,-0.23692755224440648,-0.5557619025495641,-0.17202191707535752,-0.2691885946739929,-0.8206097556298316,-0.23074623467050673,-0.35119062883777646,-1.0389675800914238,-0.29130503067009367,0.0026891076021593376,-0.9996035741348844,-0.09709337808233513,0.062128996561517776,-1.3791096961415776,-0.19310127083800707,0.1149100446870016,-1.6183743760994755,-0.2766302111000521,0.17441086225558353,-1.818357163118803,-0.33876792513950493,0.18184321521763086,-0.9759458388002991,-0.12026123568172344,0.2688837641552317,-1.4189787534004188,-0.1993297799351603,0.33491950314015984,-1.7041591395328193,-0.2814733793790666,0.39293572484276995,-1.9447868393472074,-0.34367956780165443,0.32992954378107764,-0.8483810157138998,-0.15881808988757457,0.4807312261168108,-1.221107564504134,-0.25269735966074214,0.5890092385579961,-1.4530170364928936,-0.32959111579314754,0.672659532205758,-1.6606876079513975,-0.3855963887483363,0.4487727645342604,-0.6374836651109197,-0.20605254894055863,0.6287811849873672,-0.8051831941923745,-0.3004169041794671,0.7461981138667889,-0.9143715737916807,-0.3456564668301521,0.8400146740406172,-1.0235875118696203,-0.3752677240446088
Normal/Neutral,Normal/Neutral_8_1790511076,"Tilted RIGHT, far from camera, centered",0.0,0.0,0.0,0.2511138845714021,-0.07316311440689804,-0.10971215263872108,0.48129808951508996,-0.2984609607979016,-0.15924380705156257,0.6498113276410156,-0.5255563001046126,-0.20195829190984263,0.7300085973940247,-0.7523596509471883,-0.24456274113653875,0.4758239486191392,-0.8182811634661784,-0.10032128193030192,0.6418377490362175,-1.1436162735114122,-0.18588765155485987,0.7394435582062547,-1.3508249254464135,-0.25790658309280834,0.8215833380410266,-1.5357023736956614,-0.3110440096315968,0.3566980034027187,-0.9264786767581077,-0.12001581512892268,0.522407164922027,-1.3065672291021604,-0.19685604033680673,0.6415744554581313,-1.5578427409618292,-0.2725308700583661,0.7470622047259062,-1.7810020983987875,-0.3322767854212719,0.20332383746958357,-0.9579903926966437,-0.15646194584059633,0.35626860860251963,-1.327510279106887,-0.24887108800608088,0.48740639767763416,-1.569610472590997,-0.33645201990275236,0.6042024004261003,-1.7700433260033839,-0.3992868780394254,0.020082717668519268,-0.9236870448870171,-0.20177880745458576,0.007537190068931119,-1.2798126933045604,-0.3036783717846374,0.016642519663283784,-1.5365800875219844,-0.3709495724384808,0.03371700535311512,-1.7643308838494545,-0.41801653926657495,0.0,0.0,0.0,-0.15782738751675368,-0.2258933827045769,-0.11345938038403398,-0.2384157925339223,-0.5394189809676524,-0.17521695609031987,-0.26668568877135557,-0.811810006918398,-0.22930659596727732,-0.332497441447076,-1.0499891642720365,-0.28322529391908585,-0.0075762846846453465,-0.9974417581924372,-0.09318630801107411,0.022064476042066992,-1.3735320785661829,-0.18203129573890597,0.06378442800569964,-1.6156845475401,-0.25945904653059576,0.11882073231990366,-1.815229727611997,-0.31749350958146016,0.1772039398417871,-0.97805422887425,-0.1095841643931487,0.2644456623651405,-1.3935526744731446,-0.18112361312365863,0.3353160093777111,-1.66020498238827,-0.25652144120698894,0.402882281450973,-1.8844136665697921,-0.3141062524276373,0.32545794972272457,-0.8536201141864581,-0.14235552757719738,0.47761653005369853,-1.201800079836236,-0.23148440441639492,0.5967043092234434,-1.4271654871651835,-0.3081033892473333,0.6954042130923411,-1.6318622061143235,-0.36422574106861555,0.43979251090614524,-0.6463586477795273,-0.18410367556730206,0.6302804119711645,-0.8020403030607646,-0.27578041823854865,0.7619301901258916,-0.90480637311498,-0.3222399794162554,0.8710051520322514,-1.0096210020226943,-0.3527279705674344
Normal/Neutral,Normal/Neutral_8_1790511076,"Tilted RIGHT, far from camera, centered",0.0,0.0,0.0,0.24345262650549918,-0.05915638062040547,-0.1044146665684759,0.46092126596492466,-0.26643997814678355,-0.14725161838957043,0.6300333484852839,-0.48020564526353604,-0.18692658216103697,0.7266207631413425,-0.6773149831829137,-0.22282508352545782,0.45967893392433795,-0.8145187579852367,-0.042341060837662606,0.6416878133785563,-1.0766504402217982,-0.1051601840200872,0.7485487985394164,-1.2608982602214882,-0.1682261864096732,0.82878859901755,-1.4296238341857868,-0.21830728891177956,0.32847665854884006,-0.9429437331673742,-0.054407728026120206,0.42983326626272456,-1.3112108635200042,-0.10784727681461159,0.4849842965021049,-1.545269104711663,-0.16203039230493607,0.5243986164577475,-1.748935468303803,-0.20389325791403995,0.18490431232505808,-0.9750922786762816,-0.08559638641687717,0.2860087649403355,-1.3376718266209449,-0.15114042033839054,0.37027065677940935,-1.5823883971100285,-0.2052081814918288,0.4398960139187656,-1.7929124146498454,-0.2441834054064799,0.02536267915306922,-0.928320250757082,-0.1288243276071594,0.03353624978751311,-1.2416850064420637,-0.2065354952863909,0.048495592195987605,-1.467579229761829,-0.24739325185066724,0.06732503300086302,-1.6663403916570594,-0.272054701483454,0.0,0.0,0.0,-0.18001604340805927,-0.21486311727108026,-0.11078404310097231,-0.28075583005118004,-0.5401939058880922,-0.16605386053880833,-0.3159759698946777,-0.8223421752217591,-0.21377587008824928,-0.3796544066783382,-1.0675334968320784,-0.26211925280656456,-0.0569921225757597,-0.988601608664503,-0.09010074533338636,-0.05710585576282337,-1.3586224974949315,-0.17320191872201418,-0.036943039175703594,-1.6016253355421008,-0.24494419912101686,-0.004647567603880303,-1.8061398771645605,-0.30014442980624156,0.1320098989557199,-0.9855885594951415,-0.10577607465770576,0.2085437070288771,-1.3987093966108763,-0.1721346027443038,0.2691576858341627,-1.654414259808328,-0.24168411918060465,0.32226421794785565,-1.8656875633267331,-0.2956269907501762,0.28776820286967203,-0.8782839383640485,-0.13783110661357237,0.42202054703224945,-1.2353027999532402,-0.2259445948666055,0.5196654177382306,-1.4716769826450837,-0.304826944836797,0.5971670142468196,-1.6853198449323585,-0.363722337720222,0.4140961960264667,-0.6835353979072468,-0.17828362227427005,0.6005705590956041,-0.8463988569765061,-0.270490173826259,0.7271027790279311,-0.945621379523474,-0.3201727824280055,0.8288932772196523,-1.045368729672047,-0.354462303989506
Normal/Neutral,Normal/Neutral_8_1790511076,"Tilted RIGHT, far from camera, centered",0.0,0.0,0.0,0.25295106587570154,-0.05050509755551562,-0.10834324679265227,0.5006263867948636,-0.25963713139068784,-0.1498678161259855,0.6858730323677547,-0.46343848930554044,-0.18704194665657053,0.8053143907759662,-0.6545451372454093,-0.22053228083458484,0.48167155439280956,-0.8102757882736646,-0.044434355342659604,0.6555405556571651,-1.0850269644793114,-0.1141800494959406,0.764153031909953,-1.268752515091714,-0.18332276910598364,0.8518889132554174,-1.4361682230812876,-0.23506934522309458,0.3492438591653599,-0.9354026839280111,-0.05523174572254406,0.4532948754856457,-1.3157809936256601,-0.11750719379152642,0.5206473543809814,-1.5524576208884107,-0.1822139757399144,0.5753229165537207,-1.7540852820936799,-0.22980208627923204,0.20185650980520364,-0.97310530827229,-0.08520159366829559,0.31842868345411146,-1.3353053013515537,-0.15798974007896663,0.41563778361798837,-1.5712816956972804,-0.21934531121732195,0.4985934848977598,-1.772535151117729,-0.26057266480020225,0.03789095907723929,-0.940629064015107,-0.12700176451280368,0.07128925879787372,-1.2609431022426802,-0.20449207442100828,0.09445735087032887,-1.4905199024368552,-0.24459352574129314,0.11804290001802302,-1.7014559439454726,-0.26852960196101583,0.0,0.0,0.0,-0.20362471488141537,-0.22043670754800562,-0.10216792215528574,-0.3181034648832526,-0.5416999072847117,-0.15190027118068636,-0.3696190335296875,-0.815397644093827,-0.19521403720578634,-0.44038065733081855,-1.0596827433401312,-0.23972933743557082,-0.11041096295723905,-0.9841292338763526,-0.07428550794209904,-0.13299843334794195,-1.353254635336793,-0.15115563734615378,-0.12662668025856774,-1.5959791018455722,-0.21878842201336202,-0.10650841937896706,-1.8041309631218914,-0.27144760222086184,0.07781953071258334,-0.9926933918131314,-0.09221686662543906,0.14529936681423375,-1.3989099187658154,-0.15477944186300724,0.19756736153008816,-1.6543428318607523,-0.22167718818268253,0.24236093088286184,-1.873900688973038,-0.27467199185915564,0.23114291041864185,-0.8991038640062726,-0.12692096718771653,0.3584863451412,-1.2727891108332599,-0.2172904331613519,0.45773541795452666,-1.505517047072551,-0.2961214680923447,0.536219769470255,-1.7190729817105734,-0.3534584154257606,0.3551104823254405,-0.7238525888883284,-0.16851721754148805,0.5366357633394506,-0.9319971060105886,-0.26659781577219616,0.6669075920626056,-1.0418002527890449,-0.3175391852307491,0.768845499565559,-1.1486632898925722,-0.35170189486479475
Normal/Neutral,Normal/Neutral_8_1790511076,"Tilted RIGHT, far from camera, centered",0.0,0.0,0.0,0.2684702427839948,-0.06784777037141827,-0.09737742198319893,0.5290511014380483,-0.23984726770231501,-0.1396287324805598,0.7152903163983788,-0.4222776914305543,-0.1803610046713982,0.8321498461797737,-0.6110891875878367,-0.2176996441488982,0.5052862494990135,-0.8001618731613904,-0.030205424907217525,0.6955370777355238,-1.0701872679198843,-0.09985105957661529,0.8024456109541676,-1.2518136307796093,-0.1687140379873897,0.8905124611469885,-1.4151227021140602,-0.21911422956013948,0.3760068199055115,-0.9253999568831651,-0.047474110683406213,0.5137775128477456,-1.2987519762034665,-0.10818476304017301,0.6017128992257919,-1.5385701517045995,-0.17492842491154806,0.6788252548849057,-1.739286487634197,-0.22509629055693503,0.228201330223537,-0.9683553238074774,-0.08373773100314143,0.36782075021446087,-1.3262269071573747,-0.15300793161678006,0.4780249358085004,-1.5545616223787835,-0.21565138851285737,0.5808569014653069,-1.7445379044022533,-0.2592485449476764,0.05840753405771884,-0.9433272482397653,-0.13119469294264288,0.1033025640306415,-1.2596428178391805,-0.20316955341710205,0.13875095374620836,-1.4889723399651542,-0.24183546739545667,0.17950061950544205,-1.6981166316861949,-0.2661320067565632,0.0,0.0,0.0,-0.20265906673789716,-0.22920099486360537,-0.09270668566474763,-0.32146625267354006,-0.5629214952967174,-0.13362309069346973,-0.38584879689766505,-0.8431485892104923,-0.1687046443548461,-0.46212848312963656,-1.0779266443358273,-0.20340134971923168,-0.11410408593393312,-0.985737638092203,-0.05649434025162128,-0.14426485819198182,-1.352278141029727,-0.12379143670885044,-0.14271670987508123,-1.5876239425458487,-0.18147477622664807,-0.12545659854168437,-1.7818757565534502,-0.2262981467614307,0.06839817252504929,-0.9948253756716201,-0.07512763749149454,0.1189246685525149,-1.4004705973142122,-0.12501933276011848,0.16248535972820743,-1.6469450734125473,-0.1783526131466395,0.20015380600043,-1.8467993073656963,-0.2207821351943348,0.21900329670128899,-0.905547212591698,-0.11108298968021338,0.3364745275927957,-1.2765573166734632,-0.19241310222972596,0.42290740315425984,-1.5118009893948885,-0.2619483848631228,0.49037071767515444,-1.7235690130394792,-0.31268718198513773,0.3412038498526032,-0.7324773763942329,-0.15367516089049255,0.520419700306576,-0.9257939011105398,-0.24634534341377418,0.6443291856204952,-1.0530248149452175,-0.295692980737763,0.7433361514843811,-1.177912286977268,-0.3282625779288274
Normal/Neutral,Normal/Neutral_8_1790511076,"Tilted RIGHT, far from camera, centered",0.0,0.0,0.0,0.27172455326965,-0.050147820817573796,-0.10394762606370944,0.5165384604838643,-0.20542830944584292,-0.1631725271666373,0.6964055007704346,-0.3536247578297162,-0.2227663749570522,0.8290403920216294,-0.536845075087436,-0.2828397014949541,0.5545960716183232,-0.7868947908113154,-0.055288430864945726,0.7420898240448902,-1.0782035897399849,-0.15045701745483345,0.8568188984970135,-1.257592505838627,-0.2372641199061251,0.9589361989419812,-1.4183178056270984,-0.2999412397218903,0.435363640235716,-0.8966502994843617,-0.08047820323112707,0.5990062137202985,-1.2878275472996623,-0.16974603980270217,0.7123961823713483,-1.5334186183372778,-0.2525096288467833,0.8200231243748815,-1.738990723114374,-0.3126511545137773,0.29279075775869445,-0.9285261248283886,-0.12551888102895567,0.476137343524854,-1.3052862416565345,-0.22027179451596635,0.6052363396188124,-1.5367858413824937,-0.28656368019162765,0.7299394012446909,-1.7278087986199544,-0.32985439071663414,0.12506066534940777,-0.8880399179715266,-0.1816242903618082,0.2422615871995863,-1.16630489728767,-0.27445177399801407,0.3405648248478294,-1.3624969951469441,-0.31874676675871066,0.4445092494559677,-1.540811827966891,-0.3453806821856682,0.0,0.0,0.0,-0.17868199606641916,-0.24737690942275684,-0.07487193509465581,-0.2607389640512072,-0.6134327650306911,-0.12340192325224,-0.3038218325006845,-0.8836365106473362,-0.170516538310058,-0.38564831107487024,-1.1081280631795263,-0.22200883728898366,-0.020636759010295932,-1.0067596075171183,-0.0738739604361664,0.011416327020463204,-1.3664370494133888,-0.1544487784151099,0.044176623692662044,-1.5834872333574033,-0.22150178625263084,0.09208334290256198,-1.7796091670431924,-0.2753907066795772,0.12413523114128384,-0.9857937979228669,-0.11314164735547187,0.26076052430787827,-1.372377926805149,-0.18461265764964102,0.36211032863713416,-1.5984476559030296,-0.24976033127671773,0.45809967137326596,-1.7924683201291334,-0.3013104344160139,0.22066614699141437,-0.8706402959297007,-0.16673300201772828,0.3937464119257717,-1.2473831087639686,-0.25246257150196477,0.5182721232712088,-1.4846906083121836,-0.3158522286446109,0.631527809337879,-1.7003997785138891,-0.36472911662642055,0.27931654743627077,-0.6917981379565824,-0.2265157223315411,0.3948263070039536,-0.9567990171895797,-0.30965883102441977,0.47654104869237596,-1.1422019954903249,-0.34913948964578234,0.5490824145067159,-1.3204074414390548,-0.3808732571528888
Normal/Neutral,Normal/Neutral_8_1790511076,"Tilted RIGHT, far from camera, centered",0.0,0.0,0.0,0.27597067013427634,-0.05866668392720857,-0.11664142634438968,0.5314080583919721,-0.2323829174360046,-0.17789884776955822,0.7103851619721765,-0.4230680395410061,-0.23419212444240758,0.8048069413918104,-0.6497249285514435,-0.291227615700703,0.5547312362645619,-0.779460410925543,-0.09104504935021053,0.729613048896068,-1.099832237983493,-0.18512826770827737,0.8275770848882462,-1.2861312732960188,-0.26576189679129897,0.9102273105567114,-1.4687942345599558,-0.32342552911303135,0.4444935936540048,-0.8881730164433755,-0.11650810299040872,0.653736368334116,-1.2738322717530723,-0.20569187974948325,0.7967317386988654,-1.5260846094054934,-0.2929719116138469,0.9258217108394226,-1.7595747455526543,-0.35924483064115637,0.29141116759111624,-0.9349746166330827,-0.16159450362158292,0.5017046213390062,-1.2668178581827811,-0.2634462390328555,0.6705450293307842,-1.4840027278191403,-0.35256548633030427,0.8223026069704656,-1.6710147855325974,-0.4131557160061438,0.0954042275957437,-0.928719990456889,-0.21717642293808373,0.17757492042444556,-1.277261832358478,-0.3149078318382304,0.2497131806003051,-1.5248180255639363,-0.3731412687693219,0.3203341659056665,-1.7473177175076724,-0.41452948559535785,0.0,0.0,0.0,-0.18384614300665916,-0.28065919088980695,-0.07835948407334198,-0.25527948583972654,-0.711050906315518,-0.13462900823282534,-0.2828274983969083,-1.0218797634146317,-0.19848349404286117,-0.3144866234859095,-1.2980303093649295,-0.26081437485914977,0.010553853305489606,-1.0407037891554298,-0.0651266006405716,0.12224388431004761,-1.4379695832373358,-0.1622241487485865,0.2140192741627467,-1.6464822141404916,-0.23371912315192733,0.30837277171478494,-1.8225987164096475,-0.28490966159646997,0.13527920139385505,-0.9845726814257088,-0.11097825309686,0.3404757845805703,-1.4199653451754342,-0.21435402724186453,0.4877931475630434,-1.7160973027385291,-0.30506078536611886,0.6274934337547846,-1.9829300449119815,-0.368064497976553,0.21583078579863543,-0.8544802244210873,-0.17236432720851244,0.3162333312522762,-1.2550936253293021,-0.27652697203799564,0.349954380617487,-1.456818893724913,-0.33626213947941014,0.4021228066437015,-1.6338083752884112,-0.37209027448799387,0.26701217022837204,-0.6838216688621703,-0.2431238549517262,0.2895719704821393,-1.009074631173722,-0.33400765312703756,0.3213138797050386,-1.229451052559932,-0.37565938037844576,0.3728230293707973,-1.4210241205349956,-0.4028710121562586
Normal/Neutral,Normal/Neutral_8_1790511076,"Tilted RIGHT, far from camera, centered",0.0,0.0,0.0,0.2433758771528323,-0.02607443974812012,-0.14859381505286468,0.5051870847472022,-0.21858098546026952,-0.223224806802308,0.6905919643756456,-0.42203077827100943,-0.2858265944662946,0.8139511531379533,-0.6317128383180665,-0.34575011422529606,0.5448081039812275,-0.7649579170459796,-0.1390037092960925,0.7577661264327544,-1.0583315700442,-0.2548669142139208,0.9051975586743514,-1.262228819213057,-0.34648219247462664,1.0332775473851428,-1.445495214460311,-0.41404486742846386,0.43478606071667525,-0.8879525695239182,-0.15000438554371218,0.6473144773406263,-1.1892764541862264,-0.2639891777560387,0.8060440564319857,-1.401181800106607,-0.3583363902339866,0.9532201664321137,-1.6086788909718621,-0.42651908432254854,0.2769798450586082,-0.9445163578720153,-0.18278569178810505,0.41550969036830016,-1.318721618433269,-0.3124183095499573,0.543959446624339,-1.5969953745707235,-0.4147068513708491,0.6678603003288285,-1.847508435315331,-0.481661484024078,0.08305920693216903,-0.9362151728465409,-0.22729378705651668,0.08732736514991044,-1.3202029830269248,-0.35754176629538176,0.10462503401515424,-1.5952666722916762,-0.4358916223982703,0.12670912303112844,-1.8477298002493436,-0.48710819025182084,0.0,0.0,0.0,-0.16059971422880093,-0.30102186609786824,-0.09078324066684418,-0.20110055534191332,-0.6998273870727088,-0.14818315522517847,-0.20535362998273415,-0.9976671759440908,-0.207534936130663,-0.22584468145733214,-1.272568655322789,-0.26910121978184703,0.07309683905533206,-1.0352244916687006,-0.08544975060501193,0.22774803405323274,-1.4269185645018192,-0.19819744860878818,0.33078236041982717,-1.6691397979985476,-0.28615618468371634,0.43094086709198853,-1.8714900612450165,-0.34499218424454214,0.17024031806394532,-0.9779048872272889,-0.12132710184649743,0.3150157019957682,-1.4382808274147334,-0.2277673907236727,0.416869653258009,-1.7415172753537382,-0.31314951384298007,0.5139639575035063,-2.000290065193893,-0.36842603794936163,0.2505763330924017,-0.8527301661364383,-0.17357051933230294,0.37397660455096077,-1.2768790402573884,-0.2868914784647386,0.4553725888299647,-1.5429919770456686,-0.35627503533871124,0.5353029120627143,-1.7754857373187334,-0.3981169734841556,0.3241428634513194,-0.6620250110855854,-0.2348465453284035,0.47336765949728643,-0.9356133254205599,-0.3357570914155343,0.5880714102566997,-1.1002137320500718,-0.37700253697253827,0.6971153627289488,-1.249310619475066,-0.4006387168051966
Normal/Neutral,Normal/Neutral_8_1790511076,"Tilted RIGHT, far from camera, centered",0.0,0.0,0.0,0.2553589287314202,-0.005167401351085151,-0.13073025702524674,0.5151336002064743,-0.1540402745278712,-0.19698791384434322,0.7245632457914248,-0.3427347614141427,-0.25430487760468273,0.8801093293260888,-0.5217668460559615,-0.31152051648133894,0.6059702443100402,-0.6664195821524833,-0.13710912446611137,0.8547356041859148,-0.8906805647433658,-0.25336403448988615,1.0137002345174406,-1.0423492284207982,-0.3480227279597419,1.147762280052313,-1.185126316091153,-0.412843914673294,0.4939197299504549,-0.8558361136579744,-0.15358335497209527,0.7290235532746309,-1.2331003540787902,-0.25256064724117866,0.8915731054307551,-1.4884709271453889,-0.3345532510598771,1.0218328682176963,-1.7112581106714508,-0.3947769140195081,0.33092960982053826,-0.9392629353857012,-0.1878229235761748,0.5059547014268425,-1.32641129961011,-0.29553665384764255,0.6424094422050695,-1.5970591925118864,-0.38112623113825367,0.7644244406567025,-1.821661071400959,-0.4388069965145418,0.12448695184472132,-0.9398493690232116,-0.23309833896710916,0.14530539389541816,-1.3102388035384287,-0.3472133747862207,0.1719943059627953,-1.579013779401302,-0.4101953315704603,0.20518056538350193,-1.8201311111804626,-0.4489245341315289,0.0,0.0,0.0,-0.14259143504105645,-0.28830470250150136,-0.08124416157810277,-0.17523726854714983,-0.6892175935765505,-0.11677121863490503,-0.1592691475304816,-1.0029500022965354,-0.15421054144712026,-0.18397458769579514,-1.2673188059456817,-0.1921143945701108,0.08938724707470845,-1.0164121644836643,-0.04637304875086773,0.20053924662854378,-1.3874683698649637,-0.11674899186158953,0.277850671570786,-1.6280501315952187,-0.18018749875749732,0.35237350379179755,-1.8385502107005969,-0.2344131468869104,0.2132948703440371,-0.9737715454276593,-0.07921032508674851,0.27497807506112465,-1.383157347251205,-0.16037272353627133,0.32323825151454827,-1.6538491937682844,-0.2405344372640721,0.37473164867069797,-1.8941412904527504,-0.2994135760951547,0.333430279439938,-0.850207893618006,-0.12803006229304945,0.4712434901804795,-1.2279340738128495,-0.24631527175860726,0.5824234293203348,-1.488547223506772,-0.3432611251323485,0.6808551459595363,-1.7320793870176907,-0.4094386713032555,0.4422982640942397,-0.6483247714049424,-0.18147400336261124,0.6765117430308542,-0.8031779841013127,-0.30582457777569816,0.8482190021602057,-0.9008490408853634,-0.37910729019272404,0.9964444269676183,-1.0057893858546034,-0.4281087445699371
Normal/Neutral,Normal/Neutral_8_1790511076,"Tilted RIGHT, far from camera, centered",0.0,0.0,0.0,0.26094153258675473,-0.0002583615518128909,-0.1208044615337254,0.536743962691988,-0.15221503444103973,-0.17882227405150883,0.76083095668512,-0.33422033464208367,-0.2298021042338881,0.9274983237419806,-0.5063457122764059,-0.28192875762959735,0.6318227820130986,-0.6504076223856164,-0.12400039638555914,0.8828247625799187,-0.8668492756443796,-0.23661336939575986,1.0460758629729598,-1.0129971360164018,-0.3284825130581699,1.1827864536879444,-1.152672499215688,-0.3918805820970424,0.5226203288413254,-0.8402628895995182,-0.14431309103353282,0.7513478106612776,-1.2183129844343494,-0.236922126185626,0.9008165502192447,-1.4626536575993139,-0.31427555023932263,1.0163805917455044,-1.6723154813222814,-0.371703625500102,0.36295622985622933,-0.9261685967589619,-0.18200956410617164,0.5417359401128716,-1.310263173070237,-0.28464184863262715,0.6800037731546007,-1.5777569707308958,-0.3649270623223283,0.8015039414836732,-1.8024857917958033,-0.42017036157081916,0.1604420324941478,-0.927962195699266,-0.23040060908347748,0.1929089435781998,-1.3044805896535396,-0.33930169774932917,0.22892326682860745,-1.575650931138295,-0.39742695625467733,0.26990834845229733,-1.8203547840207697,-0.4338420100603066,0.0,0.0,0.0,-0.15569654141125677,-0.2968530863816428,-0.08562702115352132,-0.17648127020541673,-0.7042111300902895,-0.11972147112433043,-0.14724813107431767,-1.0249504880960998,-0.15047697436629953,-0.18115535431282143,-1.28051485346272,-0.18421259429819917,0.06989564532180145,-1.008674392455156,-0.07502334119813997,0.1484276790097289,-1.4035441072761314,-0.15646714130695133,0.21143268962619113,-1.6439894925137963,-0.22181580775596255,0.28175843170762255,-1.8483190546473751,-0.2738524991376801,0.23270960661358964,-0.966860544498578,-0.10500917332148539,0.31766753577054835,-1.405019725340091,-0.18206017014274908,0.3848167709740789,-1.6860339117085914,-0.25867888138669654,0.45274688167649746,-1.9307230003393039,-0.3162649946471784,0.3663778868301542,-0.8313147556279598,-0.14940726958439857,0.545533253350066,-1.2140092489734244,-0.2608082578834825,0.6709831265584548,-1.4669720211324764,-0.3594280298255776,0.7788011149566789,-1.6976352606811014,-0.4295123630633831,0.4692838370598578,-0.6091953352045018,-0.1979868358293876,0.7126676804627321,-0.7169979900474749,-0.324677650351426,0.8762290105956378,-0.7999424908877856,-0.4015771809887993,1.0133923948936496,-0.8971723754305416,-0.45253266742217774
Normal/Neutral,Normal/Neutral_8_1790511076,"Tilted RIGHT, far from camera, centered",0.0,0.0,0.0,0.26993934247593565,0.013084880627890717,-0.12422657653801922,0.5498820822490201,-0.095586979577982,-0.18971720957215124,0.7757161935552968,-0.2399589048893588,-0.24748342581456612,0.9537651037717961,-0.383175087987302,-0.3060019876255111,0.668584862484046,-0.6354081749622303,-0.14409295472304173,0.913219975179781,-0.8976478471955435,-0.2458719911087863,1.0488874911323147,-1.0759172580642014,-0.32203015346456204,1.1603109869463752,-1.240513503191547,-0.3778176685836352,0.5573531756710196,-0.8136517633448763,-0.16531256932006966,0.8115084970058966,-1.1503725177930668,-0.2564679241343376,0.9742435040982764,-1.3742299868676335,-0.3300763019608532,1.1075328009687353,-1.5723677285475708,-0.38603238053028116,0.39037871146159897,-0.9035464256051863,-0.2032509684252461,0.5900169202299588,-1.2819729921987415,-0.31029117693783387,0.7380393799527081,-1.5218841308022473,-0.40362955462432915,0.8749091823527214,-1.7184507389196968,-0.4700981213339555,0.1799017532868772,-0.915065698470065,-0.2503702309791614,0.1818056037370314,-1.2912743472990302,-0.3748789527835799,0.19059513166087635,-1.554838404895163,-0.4529909900145719,0.217008028093592,-1.7932674071873531,-0.5037595914943961,0.0,0.0,0.0,-0.16662688086566987,-0.31012953512169944,-0.1040676088308073,-0.1965162417305641,-0.7122209141277631,-0.14200029415397053,-0.1570563462719852,-1.039182851280047,-0.17455859166000923,-0.15893700210195033,-1.3207990112948957,-0.20805194195273752,0.08086065096360454,-0.9970139596624839,-0.06065258309374356,0.11713127161017357,-1.3512124005006767,-0.14261785923071338,0.16823787600895035,-1.5729561447639455,-0.21178687797120277,0.23645719017292716,-1.7572084391483578,-0.2646965599370668,0.27410902331016024,-0.9583570452005797,-0.08010004528315892,0.43590891980936786,-1.3548047144725412,-0.14779246971211746,0.5512965921338496,-1.617512298110292,-0.22098031348544614,0.6552383007673022,-1.8351582839990161,-0.2770336815399071,0.4056159390365501,-0.8277053777970707,-0.1181239503993614,0.6170808296446991,-1.1264652208074635,-0.21660459456639794,0.7609241894345155,-1.334290563267473,-0.30408727378193146,0.8833325251645913,-1.5274163977714794,-0.3657728817961328,0.4882486459412252,-0.6161996412414051,-0.1639377136890294,0.7190197317710164,-0.6969120078647365,-0.26959959810272593,0.8756078015167345,-0.7607308003275536,-0.32943143408298753,1.0071147172431243,-0.8370451618246906,-0.36938777234917786
Normal/Neutral,Normal/Neutral_8_1790511076,"Tilted RIGHT, far from camera, centered",0.0,0.0,0.0,0.273422059877415,0.024280110421443835,-0.12148148823744552,0.5529169096779815,-0.07496643202125511,-0.1950486681819679,0.7982469710758969,-0.19694397706853536,-0.26150000700567966,1.0007524882909344,-0.3024886040733716,-0.3303067465860971,0.6851795582933667,-0.6091346069140235,-0.1560446581118295,0.9405242371013502,-0.8692105836334232,-0.26056576350578475,1.0777332024449573,-1.055804487419423,-0.3364459426289299,1.1846629660826173,-1.2300951935059992,-0.3925352197108958,0.5773357989452156,-0.7961750117476654,-0.18107657475470057,0.8635689362709992,-1.119571157205812,-0.2789176084708715,1.039095006119803,-1.3393207194592698,-0.35524415052576924,1.184494575190114,-1.5433703170727913,-0.41209914209923704,0.4079645046115824,-0.8978653214931852,-0.22079213026447095,0.6210234016985297,-1.2724048416527447,-0.33116756767912287,0.7760677690731281,-1.5248583681685723,-0.4277005748635894,0.9201509279772406,-1.7338739502129832,-0.49737918480819426,0.19168839124049922,-0.923070476896282,-0.26856623689897446,0.18930904118855071,-1.292204417371786,-0.3949011448983829,0.19703745390256286,-1.5521869725035138,-0.47318520345545545,0.22278645443223571,-1.7961625589960792,-0.5249046319088805,0.0,0.0,0.0,-0.16186406584924612,-0.30987516049849373,-0.11297901498865795,-0.20025193075750072,-0.6996086716959273,-0.15587232334802242,-0.1707560604834603,-1.0233373916060113,-0.19114988466580418,-0.18176228364936572,-1.3039000077765959,-0.22481802554179597,0.09134965235760287,-1.009381287306906,-0.06244296312652582,0.15638781592898854,-1.3699593066714582,-0.1400366869423796,0.21858589786432225,-1.5987679298613224,-0.2061203476006716,0.2932144592999958,-1.786727806913102,-0.2573019371760586,0.28072770755736765,-0.9568416397099858,-0.07514007403969447,0.44382760596112086,-1.331225475311922,-0.13583999330495772,0.5567883482743524,-1.577519766457874,-0.20143318353090012,0.6562610066450721,-1.7786214668950882,-0.25288348776850383,0.41315217537486165,-0.8211339708572353,-0.1077262609644925,0.6103273673658504,-1.1234866893779059,-0.19787332697693677,0.7443552999827667,-1.326016959701228,-0.27468687389703955,0.8595288943045922,-1.509925627449307,-0.32979063385816204,0.499610848346112,-0.610262271949684,-0.1500424357169727,0.7153043137427064,-0.6998919936126754,-0.25104071888645796,0.8647749574219002,-0.767262612216334,-0.30795754304423717,0.9933505607232949,-0.8416405955138733,-0.3449872764045095
Normal/Neutral,Normal/Neutral_8_1790511076,"Tilted RIGHT, far from camera, centered",0.0,0.0,0.0,0.2820374884442846,0.0696288444458043,-0.1294139893488255,0.5786651290857575,-0.002585384063774757,-0.19963083844000837,0.8437647024795947,-0.1048937908872699,-0.26196890623870905,1.0665570902298407,-0.1716926343411043,-0.32621871421187876,0.738092987786358,-0.5277336226868092,-0.1599615047427887,1.044662825798722,-0.7236049730672912,-0.2750339336841068,1.2269159623582955,-0.8659979094322877,-0.36160561933155794,1.381651909806512,-1.0076182853748719,-0.4231220255143829,0.6387012122587646,-0.7483653830317242,-0.17891342861553317,0.9361690385935524,-1.0544752526066572,-0.271513163868928,1.1228784473150033,-1.26529866697895,-0.3427820377294096,1.2694981963019878,-1.4554160978656443,-0.3960979762017875,0.47382508862932554,-0.8742100658210245,-0.21417805441993845,0.6951276217044153,-1.2239702988340235,-0.31457693637956313,0.8517118377635708,-1.4650644750939938,-0.39792254681908684,0.9936274329922322,-1.6623799164964783,-0.4583516727303904,0.25929884088924354,-0.915690007849008,-0.26038717447136134,0.2731308904805573,-1.266835684450796,-0.3752892431127704,0.2933113206754792,-1.5207123777572045,-0.441412358536407,0.3297276456517051,-1.7492698781495257,-0.48257510306527,0.0,0.0,0.0,-0.15371590422640752,-0.29886729484145413,-0.1275059818448787,-0.1909291040557993,-0.68260437398186,-0.18000905288352628,-0.16757042715393916,-1.002838603137615,-0.22134787718536675,-0.18559976381534474,-1.2780911603722365,-0.25937396732876467,0.1312772022253731,-1.0078309674903256,-0.0785908910179664,0.2257715914542724,-1.375559950750098,-0.16095619037220407,0.30167494925933813,-1.600148029625987,-0.23020706545601013,0.38753886363927564,-1.780333953168236,-0.2833335418869841,0.3136391296384798,-0.9458661205240225,-0.0834732196842326,0.47012212826710364,-1.3246958474657688,-0.14691136312873676,0.5777276449848581,-1.5591667428864997,-0.21017897014372913,0.6762514054672069,-1.7475061513964876,-0.2609566785462006,0.4444541935035182,-0.8053674553426108,-0.1095075645135986,0.631232655955993,-1.1218601254773057,-0.19553406463815845,0.7529678072227017,-1.3112618786400843,-0.25923994515578197,0.8603715481049377,-1.4793087835538363,-0.3064636846096562,0.536464793894183,-0.5954634336540829,-0.14788690320254153,0.7388461617677425,-0.721153391296953,-0.23905421887351982,0.8821586268239577,-0.8052652359091858,-0.2874542243878268,1.0086317205269162,-0.891693303234319,-0.3203536719448265
Normal/Neutral,Normal/Neutral_8_1790511076,"Tilted RIGHT, far from camera, centered",0.0,0.0,0.0,0.2759313283739177,0.056217513322371286,-0.1399564138667864,0.5807787854851336,-0.022170102123104787,-0.210707942645942,0.8284848969100038,-0.14555473909220834,-0.2712574506196243,1.0354554491755428,-0.23073735539767884,-0.33053046479425774,0.7228624456153756,-0.5801538366164666,-0.1456030975423404,1.0076636191528543,-0.7858017327555747,-0.2517767434287653,1.1779653492728284,-0.942988792531672,-0.331404004825672,1.314247084398123,-1.09303838321697,-0.3912343353728273,0.6111660162087427,-0.7752490715813907,-0.15957749729747883,0.8482740071116518,-1.1421192475914141,-0.2579148684297081,0.9871431758356796,-1.3848267053730883,-0.32807604079491626,1.0916399224564883,-1.5891230646403351,-0.37818917213737513,0.4510791655628464,-0.8708614447934727,-0.19185502553298606,0.661250266805771,-1.2576437524359843,-0.30256617044185846,0.7964112181144801,-1.5127510088850875,-0.3806700164535303,0.9195730105488621,-1.7254062643064734,-0.4332270271012587,0.2523257418978118,-0.880449735113139,-0.23599807329086617,0.26022699832922613,-1.2518667832070074,-0.36389003974104456,0.272040570587886,-1.512454995889833,-0.43302524266386433,0.3021202477343952,-1.7477994452908345,-0.4723053704239084,0.0,0.0,0.0,-0.15320899844087293,-0.30658622558152315,-0.11453832360469371,-0.1929084575853248,-0.6898359247035167,-0.16674403103823884,-0.18379121625829203,-0.9944339929240357,-0.21221375553507618,-0.212583463950061,-1.2585756776012296,-0.25696313961398487,0.1356660761080587,-1.0127445241684114,-0.08628527063136172,0.2353764625175185,-1.3737800739103507,-0.17072060763555819,0.3143262122730194,-1.6000929271645263,-0.24161098757028454,0.4001463131872949,-1.7834922732074592,-0.29661669201642094,0.3254494184822034,-0.9400699353648767,-0.10174081104783925,0.5033486497435637,-1.2981777191299946,-0.16896651442751312,0.6245684266961531,-1.5344643554783755,-0.2383769060422032,0.73291797486491,-1.7287502771994854,-0.2948086263067817,0.4562534128163754,-0.7876274983343214,-0.13587241481464934,0.6875949005422247,-1.0589403765275502,-0.22945722344977815,0.8465159232663199,-1.220685672105565,-0.30431048390305926,0.9829030992307091,-1.3714221486102345,-0.35947281597269626,0.5343963771137912,-0.5628331028833659,-0.17990447004170573,0.7809012833467134,-0.6333223945917863,-0.2860435548979626,0.9504094011433424,-0.6866913259691992,-0.3444185994703045,1.0955329469824666,-0.748348925189686,-0.3827514099293148
Normal/Neutral,Normal/Neutral_8_1790511076,"Tilted RIGHT, far from camera, centered",0.0,0.0,0.0,0.27260079855056213,0.06021398466303566,-0.1407885243662357,0.5744112495853284,-0.03437906959625861,-0.20926990185571473,0.8141343961506171,-0.17200652075841197,-0.2671322019547633,1.0132057539626693,-0.27136198274152945,-0.32361285848217525,0.7123850917161891,-0.6025718991494335,-0.12966960831867969,0.9755247358620024,-0.8202546330669781,-0.23016541043509764,1.126033016053083,-0.9900724544038582,-0.30966014834585764,1.2433734247986217,-1.148787977097762,-0.3708595041420888,0.5975260593559449,-0.7891050741340365,-0.14239308398399267,0.8186688411693586,-1.168244734405262,-0.23932837312121896,0.9410979204835707,-1.4135532598049938,-0.3163851359137518,1.0322986837290506,-1.6207138414401592,-0.3712468535023663,0.4376440416701237,-0.8716370523156858,-0.1734453374809612,0.6471877580628034,-1.2620380468131553,-0.28226237808074023,0.781773287995031,-1.5292592531909204,-0.36608524774070417,0.9035950128742459,-1.7596265669297833,-0.42292914668935533,0.2406074967512758,-0.8696615705782703,-0.21590536608203412,0.27277422808286766,-1.2220231025368464,-0.3399097051360335,0.30481141387312194,-1.4814218997565836,-0.4107380277184752,0.34597740597652754,-1.7164151127513654,-0.4523317131978548,0.0,0.0,0.0,-0.14872330177763027,-0.3088980582148727,-0.11356545388824706,-0.18285819435700607,-0.6921882435784663,-0.16875733888315048,-0.16774069959955623,-0.9925973935654052,-0.21436879199943934,-0.18290962304559716,-1.2576422301827397,-0.25953696368258417,0.15847591658818672,-1.0222622230512335,-0.0996007064659285,0.27613121108015815,-1.3780632452611643,-0.18271346856096876,0.365851838758038,-1.5928544224193506,-0.2516461785103888,0.45884125695151096,-1.7644640197217427,-0.30388111232445597,0.34707740445258345,-0.931005295577129,-0.11298856103960445,0.5484541595162514,-1.267406908512842,-0.17739558607564018,0.6824483272095373,-1.4881227552529976,-0.24368610746606378,0.8005825645915565,-1.669155760266755,-0.29694339810657233,0.47039556898830526,-0.7642705241951586,-0.14332892116492507,0.7203982549351793,-1.0115350028457721,-0.23079959662711894,0.8863736595078295,-1.1720342044665952,-0.30239388671410394,1.029054831118437,-1.3196933768358472,-0.3559635061084737,0.534799525234281,-0.53403507904831,-0.18266623300362342,0.7766034623444079,-0.5996297258375507,-0.28116701295917945,0.9411723028661271,-0.6534340812164208,-0.3326766805707136,1.0841595069199554,-0.7180251278357073,-0.3662344025230362
Normal/Neutral,Normal/Neutral_8_1790511076,"Tilted RIGHT, far from camera, centered",0.0,0.0,0.0,0.26068446538826917,0.025137665084156113,-0.15539905370470558,0.5473595719110441,-0.10253221425647004,-0.22571360347647726,0.7728896356781911,-0.2670062847633352,-0.28277037405784683,0.9606740617288219,-0.42922551551288196,-0.33779256921393314,0.6429174389559398,-0.6897039743312934,-0.09711793941164087,0.8799079064362284,-0.9593064745506208,-0.18725994121260145,1.0005587401189817,-1.1416308580068943,-0.2698597894700731,1.0999057847798888,-1.3133009151714878,-0.33095625451009936,0.517761094525562,-0.8502911327955255,-0.0944904147784001,0.7082373860753003,-1.2409290354544906,-0.17618539452115028,0.8212846203257896,-1.4980043329023212,-0.25681968360720897,0.9139801656204082,-1.7191189197094008,-0.3138489953308621,0.36673315041869614,-0.9047211024879273,-0.11250114564591196,0.5663679914962856,-1.275171056095338,-0.21206184685364207,0.705475577929653,-1.5027795397158248,-0.28571175763250306,0.8302393634663728,-1.7100598415944266,-0.33450254354810255,0.1891246846450845,-0.8761814919235688,-0.14338954521166294,0.3332489189814177,-1.1092970904659265,-0.24512985295953646,0.4211162214822095,-1.1810941435315612,-0.2799142765083172,0.49077110729894147,-1.237108939483138,-0.2954656881490688,0.0,0.0,0.0,-0.13080072765329298,-0.3218807714801241,-0.12464661030024718,-0.14075974836572566,-0.7161595235443871,-0.1855518450379515,-0.10356477067472836,-1.0284658888505807,-0.2358230904128413,-0.1189655644748995,-1.3057588920427392,-0.28560528816270336,0.22409631148193238,-1.0193475591510361,-0.09574635683150974,0.36453416115736414,-1.367698471640106,-0.18454259185055266,0.4693594350533958,-1.5602135138033235,-0.25862491426452866,0.5812709598393366,-1.712218491067782,-0.3130041943540236,0.39314645368912704,-0.9132494095194289,-0.10682407015311388,0.6248339426348094,-1.2442905345837814,-0.17422023519097413,0.7898005151744785,-1.446768543864846,-0.24080772043013587,0.9381885585467713,-1.5943804252857576,-0.29345210203664607,0.49163529372399906,-0.7338165946455778,-0.13768310728362831,0.739324070050487,-0.9582497371626155,-0.2185600065630122,0.9031918353312403,-1.103770130373463,-0.2771565408034479,1.048130293732862,-1.2220417674530504,-0.32108029971552743,0.5318790295870841,-0.5018353651455318,-0.1806239179335885,0.7316189801277463,-0.6180179671859886,-0.2604071429475856,0.8687235038028251,-0.690262571256992,-0.2929236836846287,0.9907807036113426,-0.7598195665811346,-0.3153623049136774
Normal/Neutral,Normal/Neutral_8_1790511076,"Tilted RIGHT, far from camera, centered",0.0,0.0,0.0,0.27145426035703707,-0.030858126287452162,-0.12418917568935779,0.5393496202189015,-0.2018616030059733,-0.1974629180635963,0.7493909309153991,-0.37823559720817135,-0.266156177168598,0.9049532169936183,-0.569112460315599,-0.33615871502893524,0.6072162460572966,-0.7438397714827251,-0.1397178575549573,0.80164611916156,-1.0984246713684838,-0.2501456294390495,0.9084309210117161,-1.3049424245598298,-0.3352570356585173,0.9920803863939512,-1.4895095244487693,-0.3959342216517938,0.4895370252830936,-0.8557488448860835,-0.16747362584333572,0.7284179848369445,-1.22228556589734,-0.26987100261974645,0.8805323658886524,-1.4685329401213418,-0.3611540052217128,1.0075171880354925,-1.7049153466306395,-0.42997350579107124,0.3176426973160973,-0.898675793765999,-0.21261124409908627,0.4902113140927135,-1.2680575099739937,-0.3295365532736502,0.6292829768269298,-1.5006029498166285,-0.4272684388048255,0.7554796271963039,-1.693944582228148,-0.4943763742324308,0.10339707230665461,-0.8811722357079902,-0.26680964710909594,0.11731343237748043,-1.2479816521422533,-0.38481143041722593,0.13929457767127795,-1.5020952671452843,-0.4532037832321862,0.16525723784092625,-1.7290658700619301,-0.5000467296314508,0.0,0.0,0.0,-0.1414711577597609,-0.32857663380153423,-0.13040127464756618,-0.15408220694545036,-0.7421238483296224,-0.19792716983978903,-0.11531223222179014,-1.0723997911896437,-0.25456446968592134,-0.13361090583559104,-1.3600264654900462,-0.31126935062079075,0.2275043082806929,-1.0408519914385146,-0.11886231234565839,0.4001611983668934,-1.3684716212865515,-0.22358697071826253,0.5239494646723314,-1.5535004489125182,-0.30883754616586445,0.6478837618664219,-1.7011076908447027,-0.37099760045207997,0.3850763190430547,-0.9128676223005148,-0.13560579879804585,0.6246898207379001,-1.2612041303940609,-0.2240573908328529,0.791412505994692,-1.4754343423702057,-0.30437630251753167,0.9439884767817668,-1.6506640514717488,-0.3663093679510613,0.47578379568839524,-0.7108756905851329,-0.1717465904849322,0.7340083210352127,-0.9462262050709344,-0.2803213086472742,0.9185153390506586,-1.0983834796612315,-0.3545640812819515,1.0818964808584075,-1.2365487656394065,-0.40598141783403285,0.5147368106556947,-0.4512650980096858,-0.2184588062309332,0.7479969654285107,-0.5562639823258663,-0.323336323272289,0.9100435409775213,-0.622555094388515,-0.37006537158637126,1.0520343903425475,-0.695215382675627,-0.4008624220799796
Normal/Neutral,Normal/Neutral_8_1790511076,"Tilted RIGHT, far from camera, centered",0.0,0.0,0.0,0.25951844157521503,-0.05522539926061208,-0.10548504470046699,0.5141857305575204,-0.24409912160325448,-0.16107345533162393,0.6873596360019091,-0.450757883569341,-0.213398952464719,0.8159007938097106,-0.6546194615854142,-0.2660205453575988,0.539720090130578,-0.7893446401238169,-0.09757679576785203,0.7228771361789452,-1.0850204443334326,-0.19594398472210942,0.85074334120594,-1.2586439798064932,-0.27286327125943854,0.9580716650939235,-1.414361634059947,-0.33011256980218384,0.42018868315075697,-0.8986821388977625,-0.12574531314596007,0.6383469164498862,-1.1682294174788663,-0.22533215881255916,0.7962071113845067,-1.3204118626838017,-0.30147892228870665,0.9351679514728066,-1.470547334744405,-0.3555628705618511,0.2528339042054199,-0.9446781061093592,-0.17369849674208765,0.41023081660610655,-1.3164515078515857,-0.3000450425366693,0.540731278164946,-1.5616190790298734,-0.39317949983823924,0.669371726920108,-1.773911981690242,-0.4525955694382258,0.04636108710439012,-0.9201821267505718,-0.2279906316166507,0.024921576464973123,-1.3064886767595674,-0.36281903607035604,0.014815337652392116,-1.565232987437237,-0.4372625648920956,0.020880209246160724,-1.8011702803368446,-0.48320801219269155,0.0,0.0,0.0,-0.15462396578887835,-0.31168583248453097,-0.1267292328043399,-0.18251224430445748,-0.7282674687010755,-0.19050487225050902,-0.15021375243621396,-1.0614776416093425,-0.2452139098515577,-0.16200373324992293,-1.3452774350610306,-0.2988153692750506,0.19719810024452117,-1.0376580553291368,-0.11301862260726522,0.3684002848856663,-1.3725005872039184,-0.21317294450122556,0.4892875629930268,-1.5555274646411856,-0.297534385149867,0.613930453649221,-1.6995537502251796,-0.35893534708626207,0.3604429548269209,-0.923838136841102,-0.12885640548144767,0.5720404811695285,-1.3102503574268367,-0.2186289263079229,0.7347686870846558,-1.5588040518327173,-0.3041352605152143,0.8902902375542573,-1.764582506233232,-0.36940025395841586,0.4690047917983148,-0.7335154725454028,-0.16309239983579846,0.7125756371158501,-0.9949072256855971,-0.27358266938821746,0.8907130518948773,-1.16245435055277,-0.35254557096234856,1.0453161904943078,-1.3168428347319228,-0.4054958447931837,0.5355095908778856,-0.48683824072429727,-0.20748961320648895,0.7827001121421591,-0.6169501721708951,-0.3148363208419146,0.9550153197032627,-0.6847444654100475,-0.3636277352637047,1.1036824853617637,-0.7555837833257947,-0.3942895571611662
Normal/Neutral,Normal/Neutral_8_1790511076,"Tilted RIGHT, far from camera, centered",0.0,0.0,0.0,0.26712434172626226,-0.08253296054956111,-0.08000522432915344,0.5309672809797447,-0.3236265900628803,-0.11911415041135075,0.7073757902184615,-0.5570121583223289,-0.1569018226320628,0.8476099044472617,-0.7535689471970205,-0.1948582216233628,0.5358260319831177,-0.7754703568148835,-0.0662963136394491,0.7358340933498293,-0.9829810292874418,-0.16356598633007458,0.9089074395450023,-1.0686434796596154,-0.24252211222467446,1.0463203507096797,-1.1340667481859124,-0.29868618203316644,0.41910380222957244,-0.9027505157550662,-0.09692011793573818,0.642220655327262,-1.0992232061435416,-0.1948104700790508,0.824139957678661,-1.1913108254772027,-0.2666637594025783,0.9672472509590863,-1.2753809814339647,-0.31712273959575105,0.24847589278544294,-0.9717751848402886,-0.14753984307201903,0.393883625426884,-1.3274200985690774,-0.2829158476320558,0.5195791859669721,-1.5770241825853895,-0.38342195966249587,0.6374990941621458,-1.7882257636211019,-0.44670110716787215,0.041116240671421125,-0.9612755892190239,-0.19953745470423628,-0.021336031333208973,-1.3379385438510456,-0.33606299578400106,-0.07215973573052825,-1.5815270207644716,-0.4089625806971454,-0.10386464196106925,-1.805538340453951,-0.45516719804633926,0.0,0.0,0.0,-0.1814416059952565,-0.3008484260510781,-0.10866571398358248,-0.22783489694941939,-0.7040847710938231,-0.1561307213064972,-0.21384421995768113,-1.0425312979009502,-0.19915497264185564,-0.24274531224986334,-1.3174795585684809,-0.2390183665081976,0.09092156923447353,-1.030059796129025,-0.05191297739116522,0.22683414770303925,-1.3807644005122206,-0.1316631066754396,0.3300189677663947,-1.5824630336252237,-0.20512201707184327,0.4393007414434202,-1.742478787574521,-0.2613339630034654,0.2595158971789725,-0.9635808558152121,-0.06452467293846993,0.3836589952893185,-1.3477721457982719,-0.14020190441031236,0.48993081638258784,-1.5883965344638304,-0.21591759131197813,0.5988588276225405,-1.799475815896537,-0.27260326135961044,0.39742997414029846,-0.8180693617858987,-0.09676404050559789,0.6103744883852749,-1.1303110516395292,-0.19799320590165698,0.7679808273540112,-1.3193168338017165,-0.2730619472699687,0.907705983076879,-1.4951193740918975,-0.3231194421849757,0.5058204073644877,-0.6039387417469285,-0.13782940389065154,0.7403926405843566,-0.7477206082292096,-0.23913209551818684,0.8952573757003833,-0.8266221795862421,-0.28809833677988056,1.026803948932817,-0.9140219744160545,-0.31824951259366974
